Flow ID,Flow Duration,Total Fwd Packets,Total Backward Packets,Total Length of Fwd Packets,Total Length of Bwd Packets,Fwd Packet Length Mean,Bwd Packet Length Mean,Flow Bytes/s,Flow Packets/s,Avg Fwd Segment Size,Avg Bwd Segment Size,Init_Win_bytes_forward,Init_Win_bytes_backward,Active Mean,Idle Mean,Label
f-0,581.5287987717528,105.8962291493455,152.7275362560072,44.12627714360293,4964.177520530371,849.7190664277852,257.1156335497769,250.87578257672448,432.07181082974313,3173.574567292751,387.2765977652703,136.89234635991147,200.51251820283898,116.17954534823157,564.3354758836014,BENIGN
f-1,115.81789333602731,306.3869408579175,909.5789594428709,547.9031033675021,603.9539151617818,681.9375752985351,1193.4348134696947,248.86049457166231,412.141998195623,213.3685289471215,491.1494165190523,2816.2547038727735,231.02981364648585,116.37265466082131,3703.1393957996197,PortScan
f-2,992.8121133034916,59.659111624324005,165.23470000484025,198.26914596839777,104.25437831759699,1653.7859999628,1894.2890408222706,451.78638462152736,1402.8800160705316,2183.2106135789204,1234.5726672604887,177.1051761100247,24.57735217409063,1182.6829174579168,237.93222895995623,BENIGN
f-3,1247.2266179340077,134.90170686322492,215.75718379476834,134.62706388850575,596.7860847128928,48.63275557561777,3379.852166951948,75.7971727828566,1940.8341578866443,822.0222284929382,223.97509626450747,407.58927646793705,56.99677277589428,865.563025580405,896.886318885313,BENIGN
f-4,38.81309825744667,529.6112544946262,129.9637766317428,374.1676575695548,3146.93759030254,5774.141214147136,289.6003698865207,2727.121565718834,322.06401377505347,388.01605479142285,81.26204308303646,1317.0994297817304,1682.5386185305797,1898.1551775109356,7197.758801482909,DDoS
f-5,187.45312525520953,1964.1519180842508,1922.515989504064,844.4642017160805,425.02161617606413,277.406965064315,999.2308220130756,577.4475716921415,1074.3540733896414,773.5039722566326,729.1476210351599,1484.9059668968061,846.1975955328065,253.81310613404344,909.4604896428841,BENIGN
f-6,470.317728221962,90850.80911571257,862.7335106365764,70.57605649772258,2057.2864759394724,970.4823071279297,442.9928708171277,307.7948711574603,107.56738231830157,551.9830090158833,315.0626722188861,466.4530410009742,85.03586955775594,120.04032583772941,115.47661199726949,BENIGN
f-7,276.02981608826184,199.55659851324012,833.7987371007546,235.41427999422876,389.78139440004844,578.3071631733442,91.57010243037072,1001.4111111184208,1013.141127807285,618.4062576391694,341.6457165904604,516.0357524061485,189.2962276476634,716.4920703402985,454.6713818113698,BENIGN
f-8,395.37655357733684,7194.894770069461,1802.0022835006353,2469.6823540288597,378.7458835817647,405.8355532973511,904.4031778804067,710.011189534747,202.96408476281317,314.74245847962607,735.573388331234,275.30571519167825,389.5503746010404,3554.5564036492406,135.13606024530765,BENIGN
f-9,144.94397477753895,2025.7983117676026,11792.029284965436,111.01373625870525,841.8931043463776,535.6735487619835,480.75508861157545,3161.3402047787704,756.0700548795277,173.83277796475863,2247.0187532026857,645.6162583242399,96.02866315282125,4168.742654396882,452.9880274029932,BENIGN
f-10,1158.9591187294668,336.4679246056047,51.87975698736367,1145.6339427882108,210.50366067822617,1614.6948089263112,9065.7386398936,5049.26933658225,322.8841487085108,269.8630629398033,57.07173266605035,488.7826401919268,36.416695598849074,561.6549961239124,526.3887297638945,DoS Hulk
f-11,1025.9254092119352,677.976985091442,166.325731385777,225.50066008422198,129.38292228952912,60.20133046816757,2318.614379301503,1674.4308772647319,10746.54120538563,53.52913186054255,1375.7990853242513,5929.370607225778,333.2681879529272,352.45405184759517,1867.9484178292298,BENIGN
f-12,436.6957974735563,434.5451189586533,192.59506943118524,776.6210418911363,15192.204951409369,418.59466214310555,947.0768002071968,901.6854628052325,1089.710777531508,1108.028954337281,19.211690637468422,834.6170203441867,2186.81382551935,1654.6803933373533,8215.100134137267,DDoS
f-13,1560.3874711760452,460.5746139697274,501.0860039045966,1505.3685164583692,170.88162536543499,393.27847906710156,2334.712470817355,995.9875535326264,2430.3383788946335,91.63407803004374,249.54918843142104,316.60712187884263,820.7583940946738,324.4134055913328,1609.352440838625,BENIGN
f-14,706.9862453115594,247.15117763672598,110.70844265384518,6793.468795144322,1335.7345779389152,739.959350586779,491.0110860582261,1253.6806707579883,164.27153229601078,310.6986693736012,3672.467633089277,1392.5215811480914,6148.720508526255,1457.2297378357662,1425.1986809821644,BENIGN
f-15,143.86121419804005,75.359380390613,281.57992231185773,1201.098126401016,67.03451921973479,1025.2172740042492,120.97364544577698,309.67600562920256,1418.5937251057467,4707.034355693356,272.05687447821145,283.9627770553599,62.535305538210515,5849.7336006996,291.57006762328785,BENIGN
f-16,3886.3666660969984,63.28509003747453,93.697877944691,787.2354341207595,463.9431847463526,1890.5144958021897,50.059651651517356,2531.2723532886102,184.45544712373115,1104.6414266489376,449.4057142624714,542.7172819183832,432.4567372082436,500.48807988027403,1653.9432299502841,DDoS
f-17,127.65622121490064,883.5022689879303,603.0805929088516,5363.128037619165,131.64768998805937,212.29241807882397,141.58908133948458,1237.9140256797825,528.685853523142,47.96241463748529,1007.7137608843091,277.7220194593478,1956.3324949632306,1462.6488640499974,3261.911311533257,BENIGN
f-18,1157.641889962598,289.44343574559764,429.2493500888432,145.0050054889523,237.2305536730985,5010.5669545622295,380.97721805035843,645.2103066760086,3005.6726459955653,2197.4791538941718,130.12152745939153,702.1235361096983,363.33859837969237,548.415734446852,330.913304057448,BENIGN
f-19,1219.9627493677785,197.29366822847135,718.5493570389675,550.8431578794327,1413.8582570957337,9778.547968713083,32.24467347868663,662.94371548001,892.2890085404264,700.4294446833009,439.8851899833774,256.77809307451224,312.8932379799651,183.18449947724494,79.40038594691062,BENIGN
f-20,888.5576620427211,407.56757700278195,741.9442770009621,4189.623276223808,710.8144903552828,56.15432118889805,209.9383359518354,194.13049300275944,545.0561102187423,2557.5515542457015,435.744336138021,2913.358827291911,182.62998814129222,1010.2711562377343,8861.299792637252,DDoS
f-21,178.19608528811955,1047.2455425695787,831.8134726100087,722.0880400913167,797.9863000854996,841.1869280971748,824.3580390090885,153.0268104325101,166.1645486998972,12235.519255957739,3769.829929546926,4540.694644241315,10.790341785905705,684.9951040725597,479.39783307671445,BENIGN
f-22,11320.83556090181,500.9151530893935,257.72916250599025,604.467564136149,48.161222938997156,1274.378011615999,311.527661677394,263.84915966666114,1160.2239693752629,150.48023100348527,91.57066806812671,1151.3908265811585,1626.514766688717,243.57764208145585,2458.0729020398303,BENIGN
f-23,335.1454516141835,183.59533622347618,5142.898361877872,146.55899238067545,10310.093064694087,295.75409127899655,182.3506865343699,223.48398951080253,3222.7422714269746,34.50660116228469,255.22686600906016,2564.5953305647577,4349.447546279229,1190.918554458267,539.997015978342,BENIGN
f-24,1714.808685722698,1757.3311529488444,534.4923082333664,79.85073706554367,96.51924580656554,94.3557022292094,267.7847330193427,70.12247289414483,200.2238305057916,1066.7705863978663,132.41925335391616,63.620937552463175,513.2366288975448,412.7275631955189,393.8610630216555,BENIGN
f-25,264.3938214240278,2683.890241369738,43.16449562694731,1149.1966545101268,2525.6986011184845,3066.6150059925403,3192.860791535783,184.60269128605646,44.599449159503116,211.7691267432853,116.59493519885494,73.284322746452,711.7722478257544,406.50186234777766,2518.314155015937,BENIGN
f-26,764.1552861712298,730.3091855968879,121.16449741199827,504.2143589476267,1374.5100772833189,95.639834001676,892.989066989544,555.2772738762718,734.4952157841776,48.89872306241401,1560.6899412100836,274.27392137152236,235.85901479983968,615.1864142676878,283.2942909447848,PortScan
f-27,625.4884579613612,1297.7616005165512,358.6531127998794,10172.64718395477,806.576937782417,325.7005101458499,205.95116297000843,1842.967459004841,271.1259646618586,333.5474490742927,2464.4438675407296,423.89134403005687,244.0158592967293,536.1376855335232,199.84963014175605,BENIGN
f-28,2399.4863401862835,1790.6822942437757,411.90863085335707,382.34390519240884,144.60678958998633,384.4643745304464,371.6611878719092,784.6749865755771,344.7007236400949,1766.348271795725,774.3270567791442,318.0317111100896,1279.1814184252419,1277.2974725885779,823.6637479390378,PortScan
f-29,676.5356903744964,1565.748368927594,348.56813873637054,74.72410771542098,483.9142946094625,952.0767602397115,389.9521335941664,76.4363412568014,786.3589022719372,88.59689914407996,216.71538843213634,56.22928465415697,3796.6215684851118,1094.284867758097,74.6870798074846,DDoS
f-30,41542.028984306926,842.959582940481,229.9562704850514,1286.0819367660342,229.26861495926008,190.1935292157659,160.525607721785,870.9324834427758,233.3009110807157,6655.475276524947,1314.7136715305292,9277.423195692738,154.5027219806842,353.8695715331116,1150.3387159741908,BENIGN
f-31,247.7207194464625,827.175145276377,4505.75764629894,258.6705562385275,417.73509424864386,177.416410885437,160.29946765931018,1265.4831577492748,292.1822158089672,147.6053394364848,228.4771458364247,5350.99540732974,108.18020232361778,228.94817692434935,206.66474753779613,BENIGN
f-32,507.699339819204,752.6442615994728,779.5988159903277,608.1394102794211,298.91321759268027,454.27310703121174,1356.453462393852,694.8500657972429,357.75792827129396,447.82969943291477,88.47018360707634,1876.540526142391,1568.8431392124419,404.27385210535834,5225.514924531268,PortScan
f-33,865.7206722412643,519.4821900976356,6824.79528296087,185.49885060421065,74.75894171853899,1349.7417720102255,243.77818817334744,396.64341931346587,2353.6079451429437,93.41398801005957,295.7529711381344,6547.167784534366,325.4934401445918,623.8878693093271,643.4882642405946,BENIGN
f-34,844.8636953693863,935.3004253661164,1050.4396418696915,2902.0192079264953,1550.2027087196805,6278.8366832598085,108.45814471538148,320.14526589083056,418.2517504089244,424.08436879104613,262.15920450994645,529.1878782486632,337.9900076936045,720.9034761215161,835.951803371439,BENIGN
f-35,1563.632237614953,79.28296073726469,549.9098080722293,140.91011586655725,366.01393708397217,66.09033777251884,1747.6249747322656,356.8505713274256,91.57805813931986,343.608392113115,162.4944670579543,1155.4170598603662,926.0765923364884,579.2271122288499,233.57906384612494,BENIGN
f-36,351.870443923915,1012.2442888901405,421.64621060449764,269.1003329683274,225.48181678625028,3372.0791904346606,464.8020907760789,392.71762025222023,96.05738973887134,67.53238882253515,485.9255911581711,440.113946702205,181.07222032148223,361.7978635312447,161.24133651889701,BENIGN
f-37,147.20294717225113,1928.0763622642835,496.51245441058404,458.9487018946581,747.2981833395658,109.52556239248253,37.81685606849948,11245.7453374027,476.78988729385827,11979.981923052015,538.0047430181502,5047.78919986478,230.0314854520012,1334.3244649877142,449.309989931525,BENIGN
f-38,149.99808707333625,1105.7335006574456,43.48543782748795,108.78584311154646,620.267906298026,5909.315537754795,1268.6604374761653,2063.840624949527,104.03073654416427,222.64874546203862,206.85609181031364,264.4399689352185,582.2257875806854,179.618961591988,1215.6106473984917,BENIGN
f-39,880.6949796528542,2403.9727194857105,324.93708292239324,599.8162955818835,138.03294575880747,130.81008561893833,1143.187761654806,1484.2180691784542,447.713561309244,222.88254557187577,339.3523740773964,233.70305239116487,63.45600791335051,7905.263975615643,379.76080477930014,BENIGN
f-40,984.2746809887087,1349.082866475506,410.2991383709316,2791.3833406575327,72.52521425355212,179.54432945330785,3590.629620065544,1246.240924514951,864.9253383157906,1290.574897716171,5379.48795126258,1523.498160373235,526.0092805019311,1007.9606963799,173.76023911054955,BENIGN
f-41,774.165071843442,101.22050859958443,311.6313756730569,223.95506009862868,657.5729864178568,198.91447711790548,5859.116704762189,5167.692558823413,5999.961135518584,3558.540827896955,5138.51759043845,1649.8229545993327,162.90158557439966,104.27352724208137,95.6961712978851,BENIGN
f-42,181.52408620313682,302.31676654597874,152.00774981689014,3049.3235252327618,752.1408429336263,368.1760695219506,1810.4512069020282,47.27858364227182,259.3649541708605,3257.666599863244,113.87390865731474,848.6143844063823,1126.157991412623,503.84828308229834,515.4269665212271,BENIGN
f-43,533.0384645409302,455.97480540752457,211.1476774292183,14.889816706089052,317.4885676830032,594.5692038868109,7727.799058443212,1540.6492344727824,573.8632625471524,95.44821531132558,134.64785919460232,1171.9453042195437,777.4318536860735,1019.655619816667,207.49743083701816,BENIGN
f-44,2521.9472700961014,443.5393215032446,326.28426100978777,385.0160260087467,101.7497685647279,4710.212905953741,92469.29149280663,232.8788699758125,505.60006583011153,521.4903716097533,113.15019184938872,220.9007277545274,4066.9491557413194,1827.7509029160028,370.15109795655064,BENIGN
f-45,1505.6961346504536,1572.4914864033908,1970.1257517855124,277.09191018902845,448.86521307001203,400.64628052552933,1002.0343015367866,952.292977851137,831.2272832394597,42.19716425933472,1434.3466494534903,438.61728946570713,58.65363914804277,67.07605621126022,302.9190055322319,BENIGN
f-46,1147.9287764532428,261.5107757193805,3638.237258386574,151.0789997424079,69.58584415132363,242.22625166616598,490.62704148632014,125.58220952739696,833.5551649699736,1190.4017064491466,250.07599220902193,1516.8999204297456,356.35432320866846,520.9836639612031,236.67380204023473,BENIGN
f-47,527.5874631523286,615.5039518544418,1475.9061895734972,1476.9590596381781,117.6040276937801,966.1734571615967,1297.8811798387121,97.31091366755493,17.69095859038602,56.70000130578623,537.8658030383405,153.72525868968648,98.22690185659263,773.1797315084531,573.9626203808781,BENIGN
f-48,911.1397384625319,123.1800887413153,283.3782936696522,272.73689667876295,163.88459255820672,378.5884017019726,206.2143743613577,4322.8339979546545,1173.2218409645643,153.8777431793578,4430.912394402215,1491.589747343135,385.97141658597417,360.23792527415515,784.7811593142071,BENIGN
f-49,2711.9611510134405,692.5502050166237,233.3670567035609,975.0201333694399,1110.6790733838084,8514.46547962233,3107.7417766811764,127.94753790595296,751.0596122770711,401.88187218979465,398.3943113336276,455.76690186905523,25.069811363051826,353.62454182444566,4265.585512326045,BENIGN
f-50,570.7454300333626,404.9364981909617,682.1071849930969,2034.2914561789312,1390.702818133174,172.55455798226438,185.43915601155268,1596.1152175670006,246.52220997767705,688.1507128850076,4816.378220027144,6577.6351733727615,63.49754717261662,768.3164528958879,1001.8076104008608,BENIGN
f-51,860.5277561803207,164.0586513476843,839.6741498165031,160.20398648255235,235.70011688982527,58.98424221778947,650.3960396236017,465.031146806555,421.34128863390106,294.9714145828591,753.3311453267394,591.4617772194711,1680.489385059596,308.8763205901731,2730.9881854335204,BENIGN
f-52,70.204542447887,2265.2494853231146,239.59727189352236,103.71183872262523,4211.739475806733,387.288075317124,184.5110022282775,243.68000994724744,993.108554703905,2497.1376429273396,199.16610558056192,359.13476802594226,628.2032817902817,175.04857948789189,151.0603694075024,BENIGN
f-53,274.8964662382034,323.4320689762304,1041.5571920624436,1278.3330242464485,615.820174638054,8018.836888589602,176.9179030090032,382.29988458417694,444.571225695583,960.9164827929926,1437.979206396026,804.0469576728502,263.86061309756775,222.81045294280918,59.07845315604657,BENIGN
f-54,229.4196398098557,291.72566137146396,1307.016593467503,32.074432702264694,605.9475387301995,489.37573268995675,662.5976556331196,84.66367170505511,2463.9063107152806,874.515225543426,145.52662056406902,269.1919017148894,519.7161267403707,487.80403553687455,1618.5671293603784,DoS Hulk
f-55,908.0472203304352,3379.9273383662826,1900.7878912242222,160.84184941844842,750.3350030627142,317.47410025092523,341.9779533388819,2385.2209883789974,4077.4141231284675,92.26998671569889,5285.714593584847,46.790128536970784,109.82578075239525,721.5084692562517,1129.6156182286081,BENIGN
f-56,289.9850292951938,358.4771059139749,3408.355132492591,249.71891178722367,1100.727135029345,141.96543022046913,39.92387984153939,110.02544127019688,349.92645940989553,3100.260679361527,199.34935568623058,302.2863028220046,512.9543762887866,904.0179342666197,935.7927787954006,BENIGN
f-57,2425.83135999054,301.0645422333121,142.63667082892385,3269.349259085951,29.262659163922304,16292.63109873202,70.33937168229127,673.6494771111477,1706.005189534942,153.90289119578148,227.33819063044743,296.61875740302236,267.1048367902933,212.10838170618968,1726.1657301025118,BENIGN
f-58,523.623431270611,32.559163535667,410.21353910444424,1014.675888285552,1290.1175771867593,117.26975580486304,101.82750051787785,1224.587677793463,13.19200644430762,15070.776376547115,109.26920539857315,59.693255889376246,2581.1146512429264,611.6389539525527,19.22373222660858,BENIGN
f-59,4936.125347745161,137.95826027411331,408.925601446434,1195.6795446053004,690.8837995611162,168.93717341193636,981.8508139825403,547.317357193811,675.4099782179886,4567.101640290013,133.0717833448137,369.5765061909974,323.20394608298415,296.4999226185982,1814.512787203836,BENIGN
f-60,53.546812647168736,294.2153230661269,358.6373524983797,1930.2724476828537,2301.3468355241184,799.5435763574525,663.3534766340496,68.12848457113695,79.52546849207454,746.3449097292051,241.74484567233984,33.7664508268453,432.8817476954748,173.19463647922032,1856.049208108425,DoS Hulk
f-61,269.92333224219226,177.14644946712167,185.09783006475922,165.8993062412051,908.2490806927951,43.500619185199554,524.6475041840005,6442.787722902776,526.0916569955762,1391.887080419036,21.81028680979203,782.1479285197912,584.1710927183964,37.06502825179153,63.255620533540636,BENIGN
f-62,490.44035839495825,2117.6221526269183,67.85177836107378,1354.1371820545342,975.9126795273834,1862.1905679868048,1448.5744965753443,400.00629548995977,484.6586619386746,9.979133713803643,304.9052859736585,1742.5725392643312,772.9839270629847,626.9777258497561,961.2500915635972,BENIGN
f-63,3644.770883532393,877.7546432255064,450.88636039462324,545.5898890156482,62.448855659984844,853.2322093035247,995.6165440591831,986.6510745582129,2319.735985418639,319.25721720635096,219.29786400347623,2959.3872939044254,498.89202325872924,443.5415842346541,494.41690187502627,BENIGN
f-64,947.1636581692526,1893.4069402460177,160.44853044303613,9878.597617773466,198.7688122997121,1186.8728690945868,5858.956276529207,988.3249739732046,2155.9884316011153,4416.712247556531,1041.0793789839922,246.3409698480269,257.921982696928,216.83464333489857,637.4495637991893,BENIGN
f-65,1045.2555523861295,434.4346631322731,3185.508736931166,247.80437525484135,103.1760306089059,788.190974829588,837.2104141455161,330.08552766652457,390.90973806367424,1223.4283528296048,670.2004763280513,364.0763206093381,225.25785307775323,655.1881331999367,1337.9996517056127,BENIGN
f-66,265.47745273803196,421.85995708282064,454.4363057204151,117.4244221479966,3380.6089635646667,332.50396307663635,1069.5952024079336,99.60440515866411,16239.133605603158,93.3477712293038,172.57554500846754,157.4523188587336,597.2235809513506,409.6548493820005,676.0928658441148,BENIGN
f-67,231.63847267393885,362.65220525799214,107.81426574182919,310.8864286542866,5368.055184031658,112.64277721891612,1509.0296249445994,3704.7522031015105,4054.767633667495,283.591139765573,232.69744459121213,408.69935946003625,2484.4036699286753,3664.814537183629,68.89681026681187,BENIGN
f-68,1129.5459959843033,405.27080660808326,534.4071664748789,562.7373584570073,28.696318252100728,1613.9482354064169,4300.509410620572,395.1459018731162,83.7419735195677,19.22788162754539,304.43522957696314,432.5524920504611,1398.9209243706873,453.643051030513,2355.674982745018,PortScan
f-69,320.67713600922644,3173.3846292295448,3111.50853225019,222.80609930389338,65.59411936017577,125.17545910278977,633.534489504646,365.89183415306235,527.9525101933934,662.2157493522352,2399.8172446425433,136.96152219898556,1592.4413217899773,2880.3832136995097,57.90627730241512,BENIGN
f-70,422.87708668977064,24.939855040328673,808.4657903139638,1968.3809035246168,344.1870267247239,722.9834795902307,1854.3439468723088,248.1103964080756,257.93405710361606,42.09823932385983,573.029744570888,556.2617965914081,850.583728350314,939.8585668314081,4754.184658958074,PortScan
f-71,347.26111132032656,161.0980118406297,5558.238495554797,1406.2749491048069,228.85113931275157,1062.2406710032758,24.16859610893387,7291.804607816206,821.0241968124268,1566.4597429599091,170.08311036058558,552.1077276909749,1482.1129975382894,354.6957190137597,2159.3538014005094,BENIGN
f-72,133.84163287395424,210.2284933407298,562.7004563576407,6453.101550610582,82.33047660953541,5615.385135407449,645.8805368961698,214.89419489468386,129.45070078300492,6007.345128830634,104.13613338739422,975.1720762850482,491.436463755798,978.41557913138,90.94524707474648,BENIGN
f-73,732.5949029677388,2314.4485628313414,722.0526946265868,685.8551641403934,4161.848831526173,3146.2268928873586,1634.7381690242335,63.18229815441026,1529.2123631420648,228.32266427789742,68.13919680065152,7370.615113786934,314.7211491637723,427.68833200550057,180.23174361768713,BENIGN
f-74,478.62187625801414,7048.5998201087305,110.71135459914518,374.98736585535863,587.0135463265394,1223.5239135797315,1608.7607691172118,178.67826846355547,332.5371765586574,754.1046236548817,583.1266191940001,340.7527482968786,316.2938590226181,425.91138381944086,139.9320313905576,BENIGN
f-75,923.8802141585163,711.7342786658368,369.2579313847303,237.54123397950463,713.2126247835417,282.4287525242373,10701.820300255438,9063.750256459238,235.62817450536824,864.2101935728454,1867.0319779431845,288.5645791825925,777.0717464488389,1911.4866264984478,233.9982586524922,BENIGN
f-76,1428.986047480436,254.39925539196713,2695.6518720806744,483.8858128014839,175.84133116061776,1521.9216957248339,204.17257891895414,1095.053603202212,1068.1660212159265,539.3097461422075,1880.5399525721687,887.7806588754382,1044.0841688056892,137.3222764606529,661.7632012046979,BENIGN
f-77,1901.7461383593852,1370.3924421006732,133.19633784604702,2160.6719703422145,959.8038845003019,712.2338289762048,2193.8222233107226,1784.4590911104613,870.9509547663588,101.82836420834549,1407.6695425417279,125.82259420444483,468.74899314935425,414.87263838297997,237.06089604754243,BENIGN
f-78,854.6640542865717,1388.8543585252294,115.26883711884598,19607.89682478379,255.56599834150057,253.72031866592664,98.91548283382267,2096.251796133068,6633.661479324734,851.4928881187534,7161.967820345364,918.8076821162877,1155.2220930791123,1681.8539459132016,882.7448557278666,BENIGN
f-79,278.3235128358297,503.14047100611407,384.9376197513319,1245.515159640184,1797.8168932719923,3465.8120267472927,623.0775884612801,989.8274891750883,271.1764680749941,271.8357841423589,369.2052339351768,177.06265241297345,205.20351188969312,584.5186393579252,1448.749028522482,BENIGN
f-80,697.9380080029855,1280.7345851969576,362.0452137712964,1301.389657448467,839.8324030821847,112.90755344803428,304.5566636039573,696.5589817350607,5740.226597450716,44.884108682344426,295.1148266378217,1349.3638889296337,1167.3051300850466,1070.7160597086843,1513.3955496036963,BENIGN
f-81,182.30641507402305,559.5731808765979,136.59115477133273,64833.76035705328,415.6600440679671,140.05662162562285,275.38007474493645,2351.095432197314,78.50823288676806,348.51665514293217,84.7519187260744,211.4757064045729,1365.08411799221,52.071005709280435,105.44428251171281,BENIGN
f-82,260.9517134118038,205.6591872455217,279.7879899303154,749.3080435922077,2741.9741477203092,864.7938555287109,62.171659716110916,598.9518903833266,76.24400876389339,313.0954400867932,930.6598037302263,123.72579433484611,909.5915159031732,26.458664086337336,2128.376440115328,BENIGN
f-83,255.16605446448574,932.044170497293,1763.844112706419,721.673061964684,502.13402075123287,1169.1451158251803,3780.453307905872,148.67097762415358,94.01346123929498,559.3425502734502,465.0947227753729,49.33826769536924,473.903512182549,20856.726467009783,2343.2326792869917,BENIGN
f-84,96.06186637329574,460.69478267231887,940.5006421355434,939.0024507722792,1876.4426399523265,123.62003127695874,911.6744008090078,405.6156671437512,407.91304682284346,185.04351464487584,881.4070632196892,231.47506552476185,4299.627936604293,584.1829390078816,2599.8679063907125,BENIGN
f-85,723.6927884165366,404.07795453022993,75.76170991361496,120.21007375822595,302.29432496752565,6260.424987692899,1429.1711150839208,584.1840209361184,1707.6163674406632,3877.0506388813833,102.8273056499954,1150.5580623441863,137.99185224535003,200.15903650771625,333.826773539735,BENIGN
f-86,229.68692632163453,7212.672314209446,1250.2669219741342,1395.7164714535538,638.7378997643949,212.87756587762811,1417.5575956561484,53.28423525899903,195.86575541886924,489.17778272449937,615.1862249899216,511.00315612694146,511.8515887165185,613.603078379257,412.9739532495348,PortScan
f-87,409.5229486872582,21.305248392182417,728.33149463198,219.77337020562138,100.05496991213516,3165.5101775443377,1690.793468807818,321.4415145812424,227.68609728399528,533.4995003655667,516.0685169972022,2624.617169568811,578.6006825448001,129.38481605573224,123.83011305645672,BENIGN
f-88,718.3062360248998,73.60986085793844,191.59382860300832,877.5524912712583,4165.851887929787,2209.0841546257557,388.9642363999754,280.43236630902993,2073.2952625956054,2511.9144684926787,476.67839914432375,993.4140699355379,81.82486775707628,271.1191703268091,107.54013600900878,BENIGN
f-89,4687.457827492574,97.07806885456554,60.424797821802066,1191.8161459027103,436.6709612061171,1063.1427731293609,3058.238971466177,1385.3133298204655,802.2287150457116,3587.047276804513,177.6971879216637,756.5417895336826,3610.3522080067464,130.43454478552275,409.1281728488878,BENIGN
f-90,896.4675811040868,260.88696335485076,1214.1743154368312,476.2143702739314,231.06656216661509,1048.427168775592,13.44902026764114,124.61474093329613,227.43162322787396,5402.3433432658585,1681.076394537888,29807.225143759097,90.14482369346888,544.8141380284455,1115.906354618723,BENIGN
f-91,358.46012215789807,1803.0069827903549,1276.833041791125,1487.6389490423685,119.47617373694003,3986.0196485396445,479.1882623602693,255.23706408187795,212.7036006786118,685.6871537774242,4723.801206246748,359.03694210591726,1852.3983694881442,32.266129733797776,1935.0145584547683,BENIGN
f-92,1205.229262009828,66.10267550549813,1634.033060142439,1136.5821073084762,88.24212673120049,173.3555678503219,406.1201335798491,226.30743872161239,225.8970927714115,975.7251379901147,675.0108413605419,435.15000390347836,423.1442557842735,59.31196933078236,225.27715865037695,BENIGN
f-93,366.624493916591,123.69394897019757,681.0998144849589,332.26564893058236,380.6267816987766,123.58757696855088,109.65243899811733,1276.7654375050538,203.14797747989607,45.17132286242816,957.6982751685072,397.9167028297348,167.85765665482657,1374.087724377517,385.1273579684679,BENIGN
f-94,53.260697650096624,525.1583801061163,364.5180762720298,180.549663459206,1026.2315679865399,169.60178969103666,295.89822811719296,382.88861206433245,7986.337330168569,47.26560288875808,12.76337598298197,2572.2700537618944,445.4410194522472,123.43832597893405,356.01573735141244,BENIGN
f-95,71.05576797003418,7699.486447526058,907.0282460149912,1575.5027047994479,768.6926942970565,297.2574908957992,346.7865137129963,3481.830968514192,449.93863651865644,368.2380137664033,4919.1132730318795,404.64833438681995,436.97168044563756,766.52746867242,937.7268893299324,DoS Hulk
f-96,82.49687923533851,3505.506641700301,23.1612168386541,1021.1343713460122,2582.4849759990866,23.915798432761292,183.2363169918977,2905.053678498857,166.03101158781118,1580.428396116758,42.76903930724638,185.316866368893,150.77400088257144,5572.065129803314,2407.073960773177,DoS Hulk
f-97,121.9125283544233,246.14005391309124,1394.8517295235188,58.703057833756965,365.47913309646583,314.5320931618005,435.8781410692698,246.5913238379903,4190.728923679275,808.9780729988391,506.44694529500214,4032.9389839335727,797.5697970084632,411.5356383204009,623.5431045610304,BENIGN
f-98,651.7943330568622,260.78597496501817,97.61774723883511,277.0547869103409,1852.0557562367371,209.87563095412156,857.2924709026875,3037.3508459489576,199.8853190878009,413.23658856868593,83.46024459920883,151.48524488856702,161.25906901252804,281.9470663146644,478.27592272445196,BENIGN
f-99,413.48182813386023,101.59102588848941,600.879606285866,492.0688050711481,212.7456627795898,1033.29884028368,303.8336251690937,263.7805292378846,2217.0808904114547,810.9755626914214,311.45853209046453,765.2218678694961,6282.788877649148,2443.2636287431756,620.1531892993553,BENIGN
f-100,256.2631727929732,40.86375580888919,542.4087017423983,1027.2038290076573,541.1689599646327,615.7883118091959,1061.8770410586592,1131.4726672672555,12485.744155872586,90.4941924231124,3809.431340130142,662.8900378299387,353.76236839367823,244.70552776751546,6256.5930584856505,DoS Hulk
f-101,1918.0684774663785,350.6342916971187,1482.5274841513794,1202.4564606054842,377.4464787501832,196.20578789620328,330.65717051882586,81.56194101607632,431.47688996479997,398.26058033654624,43.43319817182838,1185.6977612679518,98.93341281510385,1710.7567825133692,834.2427464989,BENIGN
f-102,263.08659452304875,520.17740738302,1619.7571547386679,3053.9735546764173,52.60721241913125,818.8926611815699,399.84476489714154,150.13949492531685,66.80250415257562,80.69946247319298,782.2842012415923,795.5024173104845,123.81516894150325,17211.32382439049,147.49762185807137,BENIGN
f-103,977.519931722417,364.3734714139467,23.27201137375346,814.2740968429889,2239.4956595605945,6976.395887850313,49.979679938695355,697.0296172084861,6294.306278467567,641.7697029865052,217.8828378848392,67.67061805904251,1598.9405899453104,2297.9534384794683,1182.7461489489433,BENIGN
f-104,131.5857570575617,193.85754996494077,798.1862686669859,435.7044571163274,343.029233213214,160.41192727702176,701.9517725211541,1756.2001326676548,3814.079122335078,42.35379168332157,2689.8976422029496,1379.5735843952966,246.9085488103176,173.75894538627102,548.0899091140085,BENIGN
f-105,1334.7781894797126,161.68187176925295,476.20391493780556,179.71602643137942,988.0189360034059,223.26756461331547,234.81513022695148,28.721261997534548,273.50928506504164,612.7592500462893,4776.896342616767,914.1909611819458,78.53021306924008,238.78603248293973,239.47776325923024,BENIGN
f-106,129.02078741187654,482.196889152827,319.2658485200174,294.8547112405679,163.62308704121094,27.926168141902675,1833.243515438381,2099.313066877869,1270.7384888400695,69.213833099185,98.23273047685834,12515.41411412877,1123.7822641881296,405.4473261255955,534.3631316867629,BENIGN
f-107,268.58308540199386,626.063320748906,3193.078455627907,412.72826563930585,331.022630160276,108.98475725540584,819.9670616819524,340.9847810332049,937.0750212725447,254.6185768055756,229.16602598422773,486.3799378322401,245.0130157555079,703.2198348346252,609.9475513455851,BENIGN
f-108,1105.8502387907986,665.784703653407,1040.274465865659,386.98460039524196,142.56202498929426,165.51081291085873,1642.6723642960071,42.070637284256854,10642.957088981639,2615.9814745513413,2610.5731817257592,197.2219097606561,883.6874292971925,50.76578249796186,1477.5497206569953,BENIGN
f-109,50.76542396140336,268.6606564042011,837.2662193986799,41.9850043258117,1777.9177929451794,440.97995104359904,119.91647365408083,11.000344491672843,182.2141517973253,529.988859396214,3973.4342841185744,77.17209413412156,9467.460417194103,49.79266119242345,114.96333435359934,BENIGN
f-110,679.466799533189,1125.0951357370277,2092.696482056362,250.39007405496758,586.2176968619689,129.74108164472372,258.35536749451046,64.37573143587713,591.2081146867386,55.991938864809875,134.03753130677126,1932.340876175466,560.7954636229567,1935.5517357021047,1978.2763700419796,BENIGN
f-111,536.6159827655692,154.43077907704952,44.009062853662876,431.57736331305665,626.6976654130077,1738.5319102162794,90.83546699850548,1153.6778042306541,97.21798485335488,410.8002064330935,292.8074875343331,265.0611983704936,7151.582034808126,206.24335730050225,1531.2143330154565,DoS Hulk
f-112,197.75325232530014,862.1501966414592,233.55614581507763,287.8259651230044,2058.681434543295,92.7217601268996,173.08287902422447,372.75536800562105,897.4893687509909,66.57610766594556,304.2558690520637,562.8703313259248,230.2713258933233,67.70177470685623,764.9184993686507,DoS Hulk
f-113,275.03303492484383,398.3111915390764,4891.980256695472,655.9705276841554,9355.724015312608,495.38571345569886,1812.6162260865071,862.5046340055777,1256.4567546006542,52.7883118892745,211.5416037993664,2919.172348727207,151.1782961822466,655.7771428703891,211.85250050125248,BENIGN
f-114,439.903510812786,77.34956870436189,109.01258092941903,724.5781655981559,1010.7127392290375,2929.3302832975714,15826.66540037425,208.6410657751824,565.2177790829788,464.60882331374603,51.8184059003696,879.7718369725198,1518.547661458027,644.5610690073314,121.31114483287115,BENIGN
f-115,213.70760503412293,1167.4645372392774,860.5138201663217,110.52606500516805,73.25358462464612,653.8241412350725,101.72163828303654,106.73523665860463,338.4513404124957,5326.704761181036,178.90482160197982,863.2838258892909,6083.9426947731035,1071.469900082376,153.1755595963157,DDoS
f-116,533.3679126227495,625.4281720606755,6396.273244531165,57.18830064334631,175.06985340259516,409.4576005148755,232.77371421140347,245.7454722895594,298.5129797968957,2180.759088151384,2136.745523497034,413.1044669853748,13525.686807372063,539.1267875543076,909.4862288853307,BENIGN
f-117,414.14765905847094,841.8134691039347,469.76866507036914,265.65440932160243,120.94479922920276,63.4792070470793,368.17751278786744,420.03260713259954,996.4209935647691,831.4342136762571,255.34781994155668,488.3479500919741,11237.904179569148,709.0215304571859,4346.22825656659,BENIGN
f-118,2757.65144180483,340.63602200257714,10.210985600986108,1009.2242915700747,965.880801156565,880.2206703799299,814.6240921165784,3725.150865089059,1041.6031103959579,397.7035899440882,356.41495052739555,532.9589961022863,155.56307417868433,163.02701077746468,57.90834959774461,BENIGN
f-119,302.709393230862,2535.470926820918,87.03357508693038,3056.6158371727465,495.11117341053085,247.45580322088787,48.82427773679824,958.8072461682244,2410.6334736684794,290.5953464745966,477.53181034445504,2387.0340988651797,178.92778922108855,2228.883788496811,128.9579653013241,BENIGN
f-120,118.1320431815488,9691.865585929843,3879.3658955030955,1031.2777918038048,76.04954833567498,1764.019875774692,58.93292319591445,1190.032671061737,1377.6606303279855,111.30974465738895,5777.750353200051,671.733869854678,149.26570275563662,650.556332873088,994.1616577399795,BENIGN
f-121,500.26140006888375,296.49046527147647,209.3808093546648,396.6358821002536,1792.016719404005,441.4114623203698,4974.781804260376,1263.3958999448128,783.874245208795,1041.1853944240063,407.7481586863938,9315.454493615349,633.2443784632967,270.29094867812194,381.92937510674557,BENIGN
f-122,525.3139168554455,992.4197715307632,37.30129827130316,305.25860809721536,449.8675832362111,2231.991793718941,38.90620374825452,142.0727379036847,2766.2164583510976,82.63075415881696,1499.2712329060553,431.6857247241309,9941.58444320627,1322.541411480188,1098.0631024026397,BENIGN
f-123,2061.1618142212965,32440.145695144445,9684.06606805631,548.9246910334979,378.4985395373978,1069.0390664598526,236.00266861051574,210.42518802332535,407.3681710105003,146.32078476968394,196.79917519726538,151.38648663914324,301.11114585555947,2339.9397095968798,357.07126089896775,BENIGN
f-124,1098.9753174997434,18962.283028673875,409.9465190515286,499.25118223158347,55.3431556241715,123.34418063306131,490.0513444811777,1465.2896435880118,395.0679560862966,2680.0889949903535,295.5153813380784,339.288221230206,352.90616583304296,820.436121724281,200.98836099406964,BENIGN
f-125,619.0866650108256,408.5312621035983,1519.183937964925,770.5969417562039,760.9692822460632,910.5815400078932,2098.3280840527887,344.00089409080874,84.61259889790301,350.2449248210258,409.55174950743947,996.7868766649597,5759.348706697554,1597.4687719139044,307.65821252047897,BENIGN
f-126,16428.591535160325,132.7091997826463,562.4770933202999,134.2281902894522,4096.051571136982,869.8865851018575,340.33767460225954,438.4545521746027,1248.2036930288732,15957.331303683412,159.34002960991893,212.76248476327856,54.8041779581042,200.25044076364955,132.7347264427596,DDoS
f-127,96.88108850791787,2396.830561210944,699.4336691048229,436.12622357393406,3981.9948528387317,153.34940836117832,260.10670148177223,1225.7758881218474,30.975430685541955,80.24185672214811,315.93568464782135,47.61259683196912,3118.748571856616,1988.6096167445357,102.29070260714988,BENIGN
f-128,187.22257705548643,113.30267062134153,623.6635855435588,4522.91860008955,1115.9350556621525,6492.06911739384,1111.5214502179904,40312.75659528295,2185.5807810333395,347.19324779493724,1171.0559275674013,4424.886773354576,455.9269188805093,1319.3106597979227,1258.8265406581024,BENIGN
f-129,132.70237919633843,82.51256956096266,931.6768008179794,1086.5959902871145,242.86431016873252,1470.6057523380384,568.0713980643079,518.8522503193063,627.1864563765474,73.07756903757478,450.9080542953056,2500.253436258371,283.35544397491896,208.49541880170557,1686.2793502674047,BENIGN
f-130,252.70637363402054,225.10501871637425,6203.795358050575,935.1115460161828,3682.529201872984,74.29590323018866,1259.8830445795095,13809.315185657928,389.18186043703344,810.0416724441085,403.47189698031417,88.3900987231798,199.5959687936762,1363.3215863954658,11674.880459165804,PortScan
f-131,191.781060336096,3212.6196792109286,1293.6301346182731,266.616623445183,75.39970351661432,3071.066092707322,422.11064685975475,1398.6930455472984,29.12849826798911,265.9978381416863,944.3343256626581,2567.669802948216,556.435689225112,200.27022751140893,684.7427468887147,BENIGN
f-132,864.5257893307909,356.7816435977541,60.557469217547116,15.72762600058372,439.52681665147253,2090.733626792684,2878.079767788547,195.04538947377515,45.21165800176723,1111.9339009807854,150.0008171014932,249.77134129274836,528.8464727269434,651.2353105283922,26.915904328066397,BENIGN
f-133,1422.2142087029583,184.8091471436674,689.5187002529499,191.3770639768834,601.707254297674,2216.4526806745935,3171.2613493791273,416.5310533003228,2042.2930346852968,235.19151811512057,1501.9154680372299,295.0084102661019,526.0814679984347,82.62621502669937,188.29166401403174,BENIGN
f-134,69.06391958631693,179.63823912544368,5320.218606191303,215.01378200773422,30.268283184804304,385.6986241356736,1036.4828668733687,86.5694034592259,4292.342750616111,320.67125798402964,440.30170083457926,1492.2774392232102,2452.696519439798,801.4030652762549,1977.4962669117494,BENIGN
f-135,119.25989491481175,171.6050340715309,1708.277732267338,118.68804615680939,385.8339355374777,170.22097149683015,1732.7555558060435,1553.7314512399562,174.4480457033368,240.71615157068652,2314.7672490834275,507.3645966998396,629.4341313734578,585.7281898311832,2828.9618515280067,BENIGN
f-136,587.7000019521217,140.4130513506435,1698.4132473998473,3146.6110298255567,118.59140927040804,838.9546097248048,193.88614870375633,559.8062132242144,1137.4652686396585,75.09379311843864,36.242143726988395,363.1523727896836,142.26087940714515,316.0908795622422,12841.405592631314,PortScan
f-137,1102.959037789017,6235.159584480098,4056.558226418048,377.233923417978,455.5786941869123,382.9326934382675,215.07364674947212,248.77200921706796,226.81100889796485,809.0811221283134,257.66623112392597,281.0404453186196,914.0662412536196,5216.011809332698,1437.996604770148,DDoS
f-138,4429.655390374246,576.5218761189128,8956.48092645297,26.814515040951473,383.22219729963905,492.62025960214345,304.1569979204219,1042.7897897769426,431.0771649763575,255.10518285599588,630.1203918948096,338.84720481920334,314.99638841505487,260.36160247288785,438.91092432053426,PortScan
f-139,13314.846358578983,1169.2418955818152,59979.03905840884,1933.1339953861836,2291.5118602983234,1425.6472970062011,339.5811084406224,285.85475442689733,1733.0196331918069,440.7999128313486,3276.116554258193,104.46518658560254,225.78963008386924,180.52027717936795,384.2302921811715,BENIGN
f-140,663.3424150130771,224.32750013247096,1183.925009475361,132.42428432725362,412.89482866997713,100.93707094299728,709.6687572447004,764.0851405881568,266.36246825175186,788.9766647421554,797.4881574321911,2299.4343378765398,155.44460433890413,774.6965356334451,410.6611499929149,BENIGN
f-141,123.04550618835361,1138.7517938435283,219.4488790929151,722.5789959961457,2165.570465656569,137.9457336971157,1842.9454373152646,349.53709992541576,176.24483042450794,304.44309463236783,6241.597694366938,698.3192974498377,301.9686027118791,816.0020001989014,2640.379099455578,BENIGN
f-142,31.235162490418,481.5456556095795,279.40354701255376,86.64146423122027,406.7022889176069,28.447681074931072,1164.4707434533998,43.0667898380756,2212.071453858227,298.0879219893714,94.54486763902989,243.1841250612173,3807.648584668972,219.48320470319678,1302.0871098865416,DDoS
f-143,556.2699815998909,16.742493324681025,224.01957130898975,418.2200988582172,160.39325349554235,4084.275190407599,279.55150928489024,1244.8332338380703,3328.7071266677603,51.163388597863836,346.4758104966067,566.3377027659316,1734.8228886523814,198.01390377367747,411.58576328911846,BENIGN
f-144,152.08973152235026,77.19918251436957,820.3720092980836,287.20722838712425,299.9863498158732,542.0874804326548,6830.020184756861,65.15185506576456,1494.3492528740053,1781.3701061886654,9307.573019935495,2235.370081792723,102.17793524152475,323.89902613462766,440.6250018531001,BENIGN
f-145,245.07671593209398,45.93638864982448,14.655114588312891,580.4027516425058,80.39213303546589,472.9944486126651,3971.523151603863,540.7041497749648,177.27484554892493,175.0238998937419,139.03417128771508,1102.0993892047545,1215.101486344631,208.01146879592125,651.8605089538655,BENIGN
f-146,1366.6880725367685,27.119674653776503,239.45383236652796,3198.1862570767444,656.7902449559014,629.6637016325433,956.9906077272033,4102.874986396235,2182.0259318279486,988.8551757609414,1284.6828464534544,131.61657418805413,1333.9042635141084,2515.2888626396016,855.5359402599864,BENIGN
f-147,340.71656238606425,422.4520100724379,628.4331585631932,1373.7871187456035,3195.099299231202,831.1609069949885,285.6184639839102,548.8679400546079,1707.6258358264524,6987.696348561701,972.6083056024873,75.42479623803167,567.0859078552056,3168.022752101001,424.42819106114956,DoS Hulk
f-148,8546.378290711944,1978.2083004500882,223.21463233010488,63.845954634831834,7809.023820365558,95.12384777829371,338.7311456892762,156.82252125272407,679.763641322497,1871.0288571475305,560.9705329121076,278.1762549609435,195.0405214899006,410.55926051205887,113.39253117262183,BENIGN
f-149,487.09456405371776,382.4800896674463,4115.260517060483,68.5354029981847,191.29118793565962,373.0849188581214,376.2876082362461,542.5198718909401,472.4609857649105,118.15844323545357,271.93330930026934,433.6697967441572,1876.0578751280823,131.726793511025,2089.4794055667185,BENIGN
f-150,333.49844262463444,1898.2287903867057,1915.1496764667202,964.9405781249828,292.55319447490274,2993.9129955215626,852.6682236913982,689.8599428243541,1052.9489827251532,395.42520896116656,123.5252779045433,91.02123828951069,863.7819432374337,979.2503563472087,56.30314790722677,BENIGN
f-151,116.4212986450352,4424.4586395942815,1899.2889651043217,399.4402289159906,202.16612707609204,7890.087242845386,189.78177863329407,102.93826713035513,402.6149424543449,613.047485852756,3396.345069783538,76.30173871897647,2159.0629223341043,1544.9329909630871,2879.2840574005763,BENIGN
f-152,54.07545934288468,1031.8107947972242,3890.3982549417174,194.43588397894476,520.3680977097287,1319.2091573732898,20.087206725394058,982.7118104370211,237.19716483393984,276.2692679138014,861.1209935008052,502.07893019965996,114.53578404342662,184.32550188577693,40.738987725300035,BENIGN
f-153,225.07428631474446,136.8552236844232,1087.5565611594432,854.2759915495923,637.8024790055892,604.8568186193908,110.16291755574275,1076.6754705197895,1275.9614797606953,205.02950769277703,607.127822497069,162.49761410350672,1107.1930708769005,1019.5713732863408,952.3832228671898,DDoS
f-154,378.21428972251266,756.529210392743,564.0200862149951,288.56919376925435,378.3993754543667,120.76811879222898,374.93115301183815,1259.7575707920846,316.1862376130021,793.3295053818938,245.81526588927392,70.59687920250828,2164.6088255837553,642.1277459910484,1294.9466348831963,BENIGN
f-155,23787.94029429481,967.2500844492398,2085.036329463616,126.7206085360515,1485.625389431657,955.6062448832325,435.57241848313214,1255.3545683199397,340.70894539957925,732.9620519204354,422.1859916759812,1284.86579318895,1326.6935610097694,89.88017072503028,403.5943409277564,BENIGN
f-156,2309.1449293070923,679.7591237957485,431.4394689537348,288.9588956507047,192.40924643951342,333.7440979468762,3042.691447085232,1661.0991075487893,53.76870024378418,266.2544502951227,491.5977122327172,189.01878326716403,32875.23739448982,333.8444224743845,220.04818305984278,DoS Hulk
f-157,1311.973030442607,789.5383793518262,731.6811632234459,1875.0294867479902,1317.3914122428941,790.4749207402081,811.83387256233,223.1181157789865,50.802126666171176,55.429979948503735,651.8736935950816,1603.2272766726453,1624.5746304492084,469.00974414411826,672.9787707560891,BENIGN
f-158,221.5936461276765,5733.817767145231,626.1559868804536,595.7741561330159,769.8513346849986,188.7810455195185,444.8941261423259,1813.1774004071683,2911.8719455999967,697.6055458447804,973.8023394771867,2177.575137711059,549.1938213474748,268.4016662229996,437.2063192724713,BENIGN
f-159,97.32612769214012,208.62468135933256,285.4473076017547,18455.918250355466,397.6467689947867,884.7618440594724,388.04855279433207,218.52595745046906,101.31098304470248,160.64667173733443,157.75357584694524,574.6209663420141,3968.6415110088624,1096.241007500501,1702.3206483545296,DDoS
f-160,126.70478909635598,599.1484379831425,655.8806147749402,180.78505641963451,276.4627331123343,2798.9985965916294,1517.8043433940254,308.34565293317866,578.3058789363731,521.7608235483877,69.41365745252786,1936.1778637339612,65.5814013607287,45.98771964042506,190.8128779170123,BENIGN
f-161,168.97127373184213,639.0650922025274,5891.485756042359,369.37988240558866,7420.49696606813,542.1451173510139,198.7141693756392,22.078108922894437,475.27302148752653,483.66314258684184,446.36500828134325,16.67324446076529,56.5259576556866,13.501155586636784,387.0186180632948,BENIGN
f-162,5188.311981904843,1239.6286799090253,1037.7910193725606,1795.6109181761055,151.34918023640304,729.5787095554958,2637.355559654559,280.8172614604214,373.28779335965794,41.815332878635786,49.567689257983865,442.65793260651014,1207.6166171249342,125.14062612522251,200.6764813159805,BENIGN
f-163,150.55613202682866,3992.937920119671,667.3788471633811,392.24727675337454,576.813973951804,201.33416067478757,109.16824844055635,450.02717064018805,2230.491418585552,444.65469795137733,273.58348060165144,346.9388877136237,2724.5550483480174,566.0579998127563,7490.8623441850805,BENIGN
f-164,1103.4391092112883,155.86168875771762,1824.9990419240514,221.24224331575587,163.97879418429383,192.39429468125442,16172.027397962078,246.64263304046187,487.82866334904156,748.0269677373259,218.97820490142206,624.952073721914,58.450402843674375,8.415308820448677,302.46918902478956,BENIGN
f-165,708.3409310363137,416.5066423884777,4152.451927410195,62.85882811304298,3438.342828332567,2834.8436022343885,646.1287093404417,3319.022801549222,15.616441610985131,866.6046701778513,5162.653032663912,47.10556623535012,5084.410054247184,146.6054140174507,257.62155202325886,BENIGN
f-166,1233.841331355701,800.0261729867356,409.14094327443,218.54643937460867,1169.3362914406293,46636.36471798421,172.59918293872266,99.98705200048353,1474.7316425934841,464.44302934614586,4355.159192517776,378.2963754980007,759.0351091091982,235.32754047369792,210.61601162417222,BENIGN
f-167,640.3027807023373,847.1085609721202,23.102331806814018,111.22521444718244,178.74856353797307,690.1471622286142,1493.0637776950346,205.14201912008505,671.909568562446,37.61401601381055,39.11442212624789,104.92891231944625,4524.526817022448,301.52441549226626,3402.7561392254747,BENIGN
f-168,334.2985723361995,2597.3738195633096,749.9776322194041,50.80892268931952,746.2897966413234,82.36902749368643,743.657750218596,136.20387825508809,2888.0573934860813,1867.7640040087822,6179.681651249314,534.6135760200955,1414.571462165791,11069.447683478009,56.436705103057214,BENIGN
f-169,384.1699253491842,1867.539370360288,28.12421333022001,155.2730826062538,549.6242514282391,159.51945022723453,607.3233898873513,205.09383891460777,3052.600532428355,660.6519834003761,304.9993998977664,394.1450769609848,3128.86656464328,310.874348493575,620.9924389647863,BENIGN
f-170,183.8747401044793,121.32225631478407,14409.832577356705,114.83426731046723,217.03318880125008,743.1820856486024,212.4348289314525,1390.8852244306136,78.588028894752,95.20350941829521,1596.4125170261502,984.5669727292237,14488.56918098443,354.60219567682486,302.7332436493756,BENIGN
f-171,689.0312611661393,3042.1003226357193,494.4117368435122,6086.275320652926,1002.0438675472885,14140.731248513963,183.98819111356212,2377.103843491279,265.15899861228576,156.75504308868472,430.64861347751895,1451.2601344231373,2753.6552313812954,1104.4217004471768,253.66233802577264,DDoS
f-172,233.69569576384686,213.32742554261034,1338.9069134856418,829.9041439439993,643.6573178398259,94.11629877465671,605.9238263580137,173.9988807803965,61.60002174547702,532.43938022668,1334.4118130512704,699.795310792545,232.273587753707,413.87660315010174,781.2734511903496,PortScan
f-173,92.69115785285351,1413.5327904871242,589.3268942332605,136.36632796442987,2152.7033407904337,347.51249284138134,262.52199393666376,169.42171279890297,2499.5402404704664,912.0921548534922,424.0142417165839,1132.8278488995402,102.15314078055404,311.6902405139349,590.1311454878503,BENIGN
f-174,87.04932489524448,437.72197618378794,62.614133791580535,295.22141771343564,2183.4230905089034,510.3610810861278,234.03969045063195,100.62951674994389,1360.2549845258634,224.62774656934465,374.7424936795353,264.96269139640356,203.72300969022473,1226.5677602020503,588.4089699007505,DDoS
f-175,2327.097053989459,246.02194661905548,551.6452965214576,43.38478508076553,2239.2129474526146,1138.5310314235874,246.95597907723848,1934.3806250743535,614.4364241876482,1086.406227317466,39.45409570742327,11941.092638484371,1470.4457554762037,1553.019377821922,550.8578078461882,BENIGN
f-176,2683.586721590219,46.09773277788414,387.4845093225864,1765.7911481607582,531.2672518547855,267.1148422521924,2541.870987006004,1548.7528734855969,2432.4531549559247,46.93106416264855,440.78453646867547,93.44911693013455,497.7122438468335,1902.7058029740042,20275.44342320898,DoS Hulk
f-177,488.8178554230591,328.3639469963996,223.6653605259982,651.1749072432635,433.075466190338,61.77028171544479,324.5799463021301,355.2500259461274,2114.8883921508236,115.47443768093567,3768.580004336045,214.15350404678534,31.117341936038503,2273.4538125784393,495.08071637582304,BENIGN
f-178,349.89531462351533,62.09963539295757,446.5688272795374,1085.6405577056494,186.93872714118083,850.170630704336,274.2450313135879,75.54140861865044,1726.0489536249465,33.87791029203226,303.8291805584666,1189.9068423434846,309.9861434994154,266.32632812088127,363.7063306347296,DoS Hulk
f-179,568.4943459161209,1287.8881759895262,11169.287135202281,605.0157456249162,3079.4906499990107,1555.8155525279042,3048.267710426878,84.09986161134321,1619.1452021703567,137.42988070938358,1650.839482481677,995.5203505464656,1692.0992907769037,1212.7006119470657,146.0347322856256,BENIGN
f-180,12024.273695069682,2490.2818817338557,6326.305309963857,1425.4257679944228,530.4240205195991,365.36258567248814,989.8987996057344,495.0978107192464,697.8581312448764,2464.372823516768,1571.010318383901,724.0546138033636,778.2477621718738,269.4128216353579,286.43542368978524,BENIGN
f-181,524.9268930892142,155.04366901873595,1421.401061279023,65.44235600604868,673.9550805719601,656.0835276463836,936.2462844965632,779.9310373614844,265.31718654191053,4766.476737481691,186.92090149467126,907.2176512157847,2841.7094213523683,1767.8218158479403,1623.5985440318118,DDoS
f-182,246.38302149120312,579.6154642684929,6749.480571020962,90.27374282681984,274.70865761927496,228.2885786996477,783.1108063242625,244.1448329373937,1012.8767194987566,534.5945247466361,2735.6836048598966,85.36392462241781,1035.5315868038474,114.8267373430665,484.1605730226351,BENIGN
f-183,1521.6437622724789,168.93772799039277,2381.1874543079443,945.3868783231925,3332.428922819576,146.21419656496207,302.2322210119093,274.3564318955196,1074.1127879907892,187.51989590563045,425.9636258052318,2716.6599181452525,135.43943259939763,2254.1781875622974,586.9452417149193,BENIGN
f-184,3283.2257737757673,975.1466785712048,2565.801056592795,2996.935286355508,136.43126781667482,1382.5858327715493,1285.7871622202417,2812.8544562732613,320.9338530046822,309.21354395714957,428.2445029074362,315.8700356374929,45.526962810101246,710.8405191897755,3218.3804499112757,BENIGN
f-185,16734.156464372914,3199.6734064733055,34.27055157676905,729.3242247073189,569.2391005861715,642.2611632930484,115.27276971779877,310.7500688786266,264.67463982242367,711.9501315488811,454.30894723490775,1799.1561325841733,920.036322033417,126.18613671099551,401.6320624202414,BENIGN
f-186,502.64357708627534,385.19668955301273,321.7248381765672,384.36366018166296,125.99198881361555,726.6481021453327,197.98914207667806,12690.935208778727,1571.7987190429008,61.832120462983866,438.42067784088346,162.29098181220436,1001.0093227273101,743.0581916202005,778.2142811197928,PortScan
f-187,92.81768213925918,25261.685223217424,1068.5766967298134,28.956059873612418,594.7600584718754,4899.729739265774,413.0547348834636,879.0619339390006,2971.848208042874,202.95839125033473,85.450856195641,548.8812985389824,1141.6208988129088,184.86697678181307,1610.9306851896345,BENIGN
f-188,78.11709827842476,1431.9351629485257,125.99466009587087,35.62556623391463,77.65991334811599,113.77117550798555,157.03310673112034,109.82239598520313,848.0123459439754,2257.180369770682,1951.5012560633654,1561.2600071907993,2157.9288665371723,419.94076483215537,1836.5231894069452,BENIGN
f-189,2925.186501054261,1338.364465010542,326.4774431215764,1486.1233502360558,227.1852596157924,208.0063229856382,452.71761603104557,283.9489441777103,294.1082772381962,115.02481834857227,78.51300140005642,2081.0287044397232,63.2509584482599,224.9880827903986,533.2187287137081,BENIGN
f-190,22984.887053782542,453.455026818468,175.89307964152388,262.5193507649715,30.48275191215732,487.6120053447183,126.65311690220904,345.6984674526485,1432.682232614104,971.3136427393716,2840.123575358565,590.2136222410214,784.2054742468158,343.9531317024932,300.1633197673629,BENIGN
f-191,325.24441442181484,1048.3089401864036,15624.121727498514,734.3310935808742,2712.8813866470914,830.1419749847133,54.971217671492155,128.63592383052338,723.3685167114108,409.86686488702713,2706.196953458899,625.9417758805951,1902.923929306823,1248.5235255223806,851.547841131061,BENIGN
f-192,1628.819001159125,235.90066636900463,991.6283783389637,436.43484489245265,221.34933823406723,1032.526347146389,2836.8504316525173,125.98443563648587,215.54298778052703,2864.8568706778938,1121.3919430582926,113.21288383870434,1370.3852591338189,751.6073018570626,313.15686263630107,BENIGN
f-193,2330.255391620721,380.13611841613505,881.697251463037,463.199404672854,67.64895499585714,1258.783479094767,228.30957328207361,2460.506028813654,12450.365807603148,190.56534317791443,1188.154494262934,376.7708037716537,32.60105584421209,104.53913823771414,34.231603128559485,BENIGN
f-194,106.86273725590094,2781.550606002748,850.5826419196571,1253.0038684583515,1484.348572936142,122.60412034889164,578.5727620438627,124.85677200304195,669.4887213786367,1058.4665484039785,120.34734172008235,324.9916671572191,144.83824184862132,111.97596723487864,793.2743603705154,BENIGN
f-195,816.8399627053509,379.11901907529756,385.79297714043344,475.28885719517154,83.99856555220774,887.3165730880705,108.56873019434512,1471.6261482977445,763.3068326038509,836.751757508108,183.2594298666032,730.9697301354088,86.81534511664984,4138.689319530148,1176.9737121271176,BENIGN
f-196,873.0494112665414,892.9207592510318,511.35677634310474,12116.441137514137,1049.776357946819,494.9251430484661,670.2449011330109,238.9414698613503,3329.777945819861,4246.0405335844525,4151.2728942910835,1322.337647682878,756.0952090723912,609.0038273121327,2274.02047096922,BENIGN
f-197,251.25638012130122,6385.252298260697,97.29800674908572,407.31744128697653,173.94706194263472,1238.4532184610023,2100.4129637043043,391.20542440879984,235.36230485725332,346.7162578331697,175.80283935553885,483.267874937137,662.4810463596003,179.5881232412981,167.8532135241944,BENIGN
f-198,400.95682770853284,822.4318597234911,29.261411241120538,351.2850514348983,2756.9648276609773,646.6266524220562,248.71592128464152,791.7243607533197,362.8108950578504,383.9234645255812,23.885834267336772,636.4986110243377,15.839863144337132,2723.2425944472934,529.2169065127641,BENIGN
f-199,331.5798056806702,2551.3012055737345,483.03898100669966,1446.894223630189,991.7396732753358,4102.402875533985,311.4765175784137,196.7098091069544,89.65897666665573,2522.3412462812416,1388.8045362120542,459.02036234323333,1846.9307719840808,1070.8349226526561,543.1358481633425,BENIGN
f-200,604.915911163654,9868.082219287651,595.1350219964612,124.69502347996071,120.34258555180476,592.49949507135,1459.6591198206522,797.5026648781684,1633.07595141493,208.72152975911297,2442.075902619731,9258.445806577327,3426.0456277033604,190.43451106734338,1519.4128162512454,DDoS
f-201,2184.1417390174233,2027.1333592576489,1721.7861359269632,11817.502141945733,134.22277739186174,1152.5137611638313,45.94592468997524,34.61490468468097,67.57830308692509,420.81162441493603,2954.423520253639,2907.9579905559017,481.82028386400816,169.57471412878382,463.0463911538639,BENIGN
f-202,1233.7749442222782,631.2252564516817,2658.727700584024,632.8978114474972,834.3310335012651,170.80747787514326,4273.730471322162,683.7886414189378,989.7171794895323,544.7346366138903,1402.5083697275095,11.367069384222754,1668.292824947324,306.9313612330093,421.81347689725663,BENIGN
f-203,873.6908127679449,190.88653098322476,20014.33078543985,637.1436264591781,294.460904791735,1986.3547519280426,7577.3617411331115,20.858548214159875,3156.78226449376,11083.585321703182,1705.8582110714744,435.28969912851295,260.34497433766813,270.9067611036171,520.1406635902373,BENIGN
f-204,229.64214406512912,414.89537472001905,121.79894433614957,757.569413953271,329.24066620790995,2093.984512628286,15.680140333078633,307.2875419495828,1918.6091099278444,3011.820083575713,429.8863574956011,8772.545409039201,557.4152033004842,1821.4515050833259,981.2401597778123,BENIGN
f-205,380.51968772471656,789.8680627170671,264.35210829979764,3837.4515653090693,1856.9425690290627,3064.951868104979,358.8828906206476,1124.497538452874,357.6273600639635,359.0929292869287,33.39630455548434,1315.6367141699213,395.2557450960895,8914.322165342908,1744.7124387352544,BENIGN
f-206,146.6609815961572,2818.8502582719366,717.9508804350235,1044.2026867620882,1168.007556781018,2019.527301248455,170.2492537493906,851.2912949742349,1006.0224819037142,470.914620672334,417.1547473825375,232.2677720164123,429.45292940435644,420.76875877042363,162.7802440511483,BENIGN
f-207,93.44979381121989,624.17937088973,8419.3306875802,58.78771033759081,450.13724565582646,862.1307651099086,1589.7123454963692,512.2567064659712,103.23879425486867,376.1383040502578,850.553510948115,292.84484862756227,844.1290826242686,910.0382877415522,328.0737314912232,BENIGN
f-208,140.64193040253576,2166.9287396689515,2383.008501029175,12960.986363663274,1268.4530325556707,635.3400244486238,244.1878769392514,409.2721108371956,2632.033892056909,1771.861400315308,342.98130184908393,782.604439503041,930.572426492279,1083.0866701231282,242.95354594985733,BENIGN
f-209,270.17012986118436,1689.7608452679913,1545.7686819846037,267.98314980331355,1065.2246406223526,1067.3604402989354,1068.6066880159847,176.54813374191102,933.9395997263003,91.74926739919974,324.730840952258,283.15653289827515,447.21242390509065,432.6429854449119,1187.6682444051467,PortScan
f-210,1210.8562716388876,29.822451272208383,253.32023854968736,458.78701713101964,333.1073461936442,88.82352378307858,352.4525881973629,504.4451108818697,47.52572327597089,300.75722908870284,126.85673174440143,1679.7938926609813,5853.386561845581,654.0229321178947,58.0185218397801,BENIGN
f-211,82.13208456473349,225.67446511922745,139.79267646324823,86.9119235951298,285.2348690967455,311.24903021956857,135.22111709726505,35.2223270228069,7057.428534363449,253.4124304675867,121.25715132442132,377.2123946950159,257.2608107784221,823.0566772158031,415.3273261384283,BENIGN
f-212,418.5338585149866,1048.385233195495,1039.7020493296982,758.5755677793072,50.06997089096422,455.6295277154642,328.11947871987843,397.07759261458136,54.11573771905394,907.603573685988,3662.049409812773,131.36383909965465,71.31955233641878,4514.31863394199,717.0778724753478,BENIGN
f-213,225.65260711348986,2157.5145953753286,107.68458909875284,184.62945155948321,113.57983807506999,531.3111233477275,748.2529463315246,586.2317847917442,350.3338718553989,543.2163120945817,15426.857603101986,10554.586949564142,3371.834059432232,158.44941685628956,334.9161820627467,BENIGN
f-214,272.26947336474666,544.8636393408414,1009.657393374361,1475.936071104044,3888.3996229180652,708.7080328785154,310.1198568542927,287.2507084242791,99.87612569739794,686.7472286478232,402.14931198410994,63.170847049392954,3280.618243571276,704.7560607540169,2517.888052352248,PortScan
f-215,9320.414021584134,82.13175088781996,351.5199481723845,286.88492970514824,341.9078899888032,1218.768543594366,55.953420802419366,757.7739799281161,2247.3249912971964,678.1661288661253,565.5667502182482,207.21313134576963,732.3934128353607,1814.554534081717,3116.8183615933426,DDoS
f-216,1709.6896948615502,392.3363654490374,2728.4651308688835,4064.375420498654,441.3827859373197,175.8119774365326,24712.80057051232,527.6688927801732,100.63043382410459,124.93933302163776,642.1067456137544,203.15920274580628,88.46954620006645,172.77719342127622,17301.604323574014,PortScan
f-217,2007.9663625060489,4465.834136204115,263.5816629927864,4353.399704813244,5472.074294278053,177.73777169449454,186.62252322097893,210.61143357827356,55.68841464187163,370.25522849648905,4690.359562667118,5285.541357479613,3459.7627845859724,68.87403888116106,243.78399445204792,BENIGN
f-218,768.2392754066734,1084.6791888296498,21.604474234224742,426.5867748458422,97.04863738003588,2300.836463747119,1739.2378655160596,39.51074924571655,473.4387601870995,4155.4143993136,3332.836445801487,177.32338112669635,2602.3173246198844,907.9073656057145,449.1592490580795,DoS Hulk
f-219,175.01450671377495,3793.6369813209203,739.0263504361318,435.62128506152925,303.86503448692434,1017.5752873202506,250.29632426425755,473.4733830682065,245.56370980502626,219.83937151941174,211.10991807700427,30.38781590272707,285.5461695695212,611.3623039415307,361.93760084363913,BENIGN
f-220,308.3912964747392,549.1322822789034,174.36900573565882,257.718638239503,505.95774408832136,252.41507851667575,778.7618174627555,128.54892378546413,507.5438176278273,8931.308774887118,703.9166537873683,916.7462878263534,131.2962505895068,80.86330273239717,3867.1516838713146,BENIGN
f-221,539.690674011076,251.26611026031614,424.60411017173067,1521.1281611236964,173.2972061126785,354.72633230133755,3385.8081716588235,201.54019696793748,2656.505307624295,26435.00083095135,770.3359290280845,696.9128847138235,1469.3627648949898,1030.2356017763013,100.17506745423395,BENIGN
f-222,498.6418138780325,31.342109128613348,1537.9714745093954,271.8624270934111,2247.9467808020336,356.6458469298262,809.0984556410302,1930.7273839052118,36.973488362139456,4397.659529521474,759.8551460920489,1033.7016315167557,107.54143998549428,323.38935130987227,880.2120414994575,BENIGN
f-223,109.80810180893863,549.587779338679,290.4859484849575,243.32433623770447,1200.2728224002813,1081.9538303871686,65.23276171036454,2210.1155100153983,116.33928967871614,130.56444271154191,2896.8557435623625,6197.167625968715,6085.339457109197,501.86608151502656,1618.889784602722,BENIGN
f-224,449.70316777745865,7206.550956232164,1041.4910821325836,6504.51632942353,4503.7881913749925,3348.99495915114,570.7954468482028,385.4177657652064,202.29723484520892,798.905690267415,4643.49156457597,5772.864107448772,193.28273635668472,110.13347745876412,119.05419138470857,DoS Hulk
f-225,530.528667993335,60.90143924718268,64.10755027404778,211.4611060054377,3474.056238933367,8450.587928936808,249.94534391181043,2377.241091773531,2984.557626005,1147.2729078591449,304.84991897057,505.47931245046516,23425.46302337122,79.456278690895,660.0179478284389,BENIGN
f-226,8274.79018834219,601.1667926758736,216.93178082902162,1563.876649612489,66.77479336319946,506.59297645895396,674.1919282360769,71.28064205421116,1909.4338059433856,1002.2723792201589,904.8854911583329,138.42123159695151,323.3164153862586,752.7019970664443,832.2166174846379,BENIGN
f-227,3836.1077836572354,100.58895308219523,916.7597990000723,60.48691509277818,399.70567456355565,893.4744872855641,373.1850017217695,541.6544744821365,1515.2545093326644,263.67636657956854,446.33975604846114,2832.267531294397,2688.9230804145664,424.97583023197535,292.71450793151956,BENIGN
f-228,830.5311844317965,845.5950657920121,193.0787756439175,939.1999671974719,626.1590189484901,53.31554568723896,7505.482682233988,375.44533252528817,335.650839482027,8582.862247074258,817.5341772545491,259.2320844993909,167.02738680374244,305.1501066023097,185.72623352537266,BENIGN
f-229,285.75647615881496,430.1689128719739,58.52370868932855,4142.440256125668,134.6304939390096,225.45487062893972,109.55375374036683,1763.530591832651,21.916288034449053,403.6588068505593,558.3449650264322,183.1327530853346,412.6516003494913,272.79139360152175,198.58260843806698,BENIGN
f-230,69.67695262935247,33.07300577034636,899.8844911384167,2337.2961570894863,2111.317737203918,1762.6576954150842,2421.0627473538334,210.91386529186903,644.8538006615787,470.4677205244279,5357.411324295812,244.57241413971232,1059.655565616533,347.9500093379337,271.9770818792553,BENIGN
f-231,198.57196594107066,843.1328403118596,3703.4452008916305,7259.380612236938,106.92215084400826,653.7849466491722,3585.8797364763664,820.4485763530436,5068.798120468538,63.72645980386472,3251.548679492529,89.77029350845294,5968.040473782978,3524.2742769142537,280.7556623230791,BENIGN
f-232,589.1766208428334,7726.87499503963,382.2235897382528,146.15642270724896,923.9600011713511,2.0814452791444094,299.49441236624557,1437.3801000894046,1773.2130977997185,874.5574294514463,140.13167952900605,230.8979621397111,1511.585230098752,2747.0550924022477,223.8704527668071,BENIGN
f-233,1714.753032857772,298.4722293065214,38.3588504378912,3026.6451946611037,8062.617986590963,905.8084345384729,683.1860123251539,361.2461020250753,703.1279013104476,1597.860529324743,231.30269765278035,304.9872596287404,224.76006652764943,59.18152167459271,266.8347883827774,BENIGN
f-234,168.19085810224215,119.4991036315785,941.2075665116868,398.96394964785986,559.3638083186868,4031.1108960983825,91.9884783149159,106.63271317357535,96.79512997040656,704.6735419627364,233.4367344344011,969.5072250238558,1416.4112577485596,1155.0488301857054,1684.0387220274213,BENIGN
f-235,1356.9010088883217,122.0337503633215,55.044092302994386,306.9489187487001,43.66918138839479,36.77840663223169,852.7032454053423,8621.030705799893,214.783725867333,534.9302902271402,146.799433045217,253.22894434078484,1804.549565089434,19.79462651313127,93.94274165100578,BENIGN
f-236,30.66902428588989,1771.323561395358,584.3844857541633,1019.0782006531911,126.45010134779159,2498.0487616584655,221.88718829439716,110.57440955778351,4107.530513019594,501.2594804192456,587.7181509882166,424.41015454701477,173.0695259619798,2148.34569031496,49.4583000880646,BENIGN
f-237,1137.0355428342916,14.388177510057117,139.07917987126655,455.8595399886998,794.4515511821542,14.492818389478172,109.43356076389134,373.291606899293,421.918042328733,381.89424053639925,3230.8321532470873,58.87834780747745,4027.1435440808496,34.76311084490192,6731.936272427115,DDoS
f-238,112.74207704112857,265.8605452603633,100.30272439680874,74.05668199325883,1187.4588977242456,1243.3924056205553,285.08803123372576,611.5677775871926,101.75729592956559,1036.826289428429,1306.9103525992282,518.7819692042673,310.13500797422876,7507.618362558399,320.4027149520127,BENIGN
f-239,213.72126951577465,97.90514148105112,237.39085964182325,83.25973619842368,119.85645178977911,399.2635195087036,230.6963606748064,556.207269046142,1250.203805490358,317.7703511628154,144.14982098351737,2822.049636608482,516.4863848982698,1859.4522190326438,253.1852031081155,BENIGN
f-240,1002.9333608377783,1059.4279397036075,1931.374209877715,76.90749086310997,1792.5535753419724,104.68469432626082,273.0919949871371,321.278245214881,1448.1754776293217,70.36972279045422,201.74924734788885,207.43639167767537,446.5093138106599,1897.8172195538352,353.02520318906255,BENIGN
f-241,360.2812350352519,179.44401361810642,186.2239719428689,727.5939327752009,475.3197842441128,689.085525141097,1260.943946535821,2048.7862729031867,97.69924715656911,2849.5792543877083,9846.228110691038,230.22388474723618,156.65723765720884,1481.762042861065,518.599568437019,BENIGN
f-242,48.94640531230691,655.0717848904549,817.6578181448507,4801.450999549974,150.97441769145098,1605.2065180718341,157.2176087761156,304.3206028881666,2523.912143124766,152.80970209549434,2540.7895056869343,643.0254601670964,295.0568853523514,238.9401471979887,561.8130433631046,DDoS
f-243,69.37632739677856,795.1672763329999,236.20893846986974,2069.267363221505,1331.3473014528581,624.3208410539671,3235.787471516016,471.00606091059484,701.5324621245779,82.3423691567658,418.28258095098397,2140.202017854954,480.06365154321225,1984.3400729304612,740.3457843273461,BENIGN
f-244,5193.154185520911,3653.610032087778,1307.9666647224612,100.07812556757253,178.92236282365215,813.8639093313632,82.26357656217826,5325.50625439897,255.14668185640002,118.30996459731254,326.97232501211994,158.19469148140485,356.641544934975,147.73339205384434,127.13950033074565,BENIGN
f-245,629.9332091426855,316.2299590970273,2912.404647700261,2220.063605725836,665.0447860220573,246.16170692350423,2803.1983939693687,309.8260152340577,102.00993361458154,2865.34566460802,1571.2660622818785,448.8475974272058,2663.1985445410146,7439.385142317843,280.84659263684165,BENIGN
f-246,108.18657748024978,4962.854558174595,174.67574195912619,1241.0095746162294,620.1883245661149,43.22125091969616,119.12665486473622,825.7707489773904,4707.385214193123,359.30709343051734,7754.716696005692,1274.0097444482983,1355.5284647699264,242.70295178517216,28.285929597930465,BENIGN
f-247,3656.6263316047894,67.89303317119435,374.70685031206125,63.158034237364994,3419.488136245205,925.409948410316,402.93857096304987,269.9985451855181,2557.5704980628325,143.16086014356253,11057.89627033671,574.9258637155942,571.3354973781729,150.99092963058686,1646.9569013061036,BENIGN
f-248,13175.055726137698,1683.2744889863843,55.86870817047065,280.3834301918687,2830.771628069384,7312.459266628045,563.4771836750376,263.5606713218582,2157.690412104536,254.579424622994,416.4977809031413,395.93159741114346,1053.7210398246634,768.7233980407711,326.58647368128095,BENIGN
f-249,98.90106879640847,161.9664770962315,571.8517694284191,1502.1112444486912,621.2004394434933,1564.7745343271613,267.07395208592055,233.56668023409725,1178.927320420138,1641.0268779615815,141.61000379206524,385.4476076694183,150.08057097512452,137.46760238323748,901.5584798949579,BENIGN
f-250,259.32996626042376,205.8391427031364,263.6163807895682,3040.4381550191874,702.6527326628994,37.13459461267957,1055.350991164112,62.81444446386531,215.9221931741387,234.7321777033933,28660.492395114878,415.8697064529837,4309.48308631892,271.84206381003935,714.7190304941927,BENIGN
f-251,607.8126306078251,392.8008129792513,125.07218311768001,232.9793616332526,1042.9397825699498,65.50501544223211,2440.0947675053703,332.70447445604395,217.9946806955496,330.77160955987057,3600.6627618090474,995.4576374368243,521.699819574361,3423.446154861165,780.3765319273216,BENIGN
f-252,3211.3194435909318,61.839281504570806,212.11787889710564,839.5706136821967,89.26590299072726,146.1799957302205,12594.686826715291,247.54461164008458,2288.330697144512,1410.3451276345118,842.429351602647,1324.6541880173086,462.4930555351551,186.62189403103326,2351.25953368594,DoS Hulk
f-253,549.0270745635479,530.8736441901365,136.83272096033872,31.03139036886884,3583.02915900503,59.646141361531384,1683.8011588780355,1645.54910679412,2333.257874027668,1047.9457621263032,12420.544668190114,785.3277130462577,622.1233949442671,223.66325232991773,2403.0601100307185,PortScan
f-254,300.56576587924957,1288.1463519634387,2672.616169967998,308.7751645052571,167.18681472282032,425.39914949910246,503.25966368325203,95.96272731091948,42.423431047927146,1374.8519137118542,212.14485119062647,97.09950043245307,277.66396351743884,2545.2390182372487,127.2888234618446,BENIGN
f-255,1025.3661950926187,573.3638968608388,248.1552217417375,4018.0805217132142,591.2114164907789,646.8399983873531,157.82811349882076,1213.8954477546713,780.3451432650337,14.482422431168919,7051.916103974415,936.6741788610091,121.18950560964804,315.73957992533633,98.94713647550978,BENIGN
f-256,679.7460614361547,59.93873294754707,151.7954511036052,412.4327073151771,307.0586730862014,72.50793905766697,122.74875510474939,632.7267957482944,348.8151878837903,3229.9684427758316,2377.8250570007103,11332.426863244265,794.8400718622169,1899.6663092335984,1088.2418036952317,DDoS
f-257,256.88094140080995,347.7308798399539,1528.3799110779423,221.6888761320488,736.1618449148983,1025.108921833969,101.94555671874683,10675.119636065703,116.74735073027765,865.8230197683964,133.5159136334173,4880.48460536417,209.38904841484703,326.9639219288337,178.44284315446004,BENIGN
f-258,343.57740989154564,982.828543804493,2055.173987829271,5386.490323199672,464.85436268694264,829.9162008182873,859.6740536960497,882.3723844011307,552.3021742732352,7737.018586459014,2901.3510940291485,1874.6085115535407,172.1917285869916,695.9974428063629,2231.7850339290417,BENIGN
f-259,77.48815065968894,232.2423778096668,165.01237540279666,1299.457538260791,10.098265485743651,208.9738344665735,544.3142563713425,792.1571657027346,79.8766724497343,531.2043151191457,1031.3550970567032,98.24989609776571,1984.7822151592509,445.976143763782,632.811959219914,BENIGN
f-260,303.13901850304876,111.08334588886491,188.95275544653933,1943.1149941509773,500.0309787716569,327.98688302899046,40.68346759373529,1292.3192716398526,230.50062511407643,235.03662348697077,65814.307803748,1814.8331815777426,399.034870509911,673.614831233417,744.5750982926558,DoS Hulk
f-261,293.047587934957,6682.198175550543,845.1232509760143,3305.974044349881,5844.300279918501,38.870615874850245,381.60099877403417,1788.8524854777293,154.75318929284305,406.93853243150676,165.5442712158979,225.9297499555661,1019.0975552013059,548.3886374797127,291.2411079567683,BENIGN
f-262,533.0439441359852,557.8636183990618,24.716727562424154,1476.82494185036,688.9123282561875,270.7742404050859,19663.494901128062,505.6488663028106,1618.6372806783995,2141.5763811535444,2250.8246347659874,567.1822676415351,458.6785567521392,47.16318168324192,2093.8099019692177,DDoS
f-263,207.1840103779912,661.4046946367797,43.23142142204122,972.1307082472034,356.7006321388991,407.01985537441857,1550.4388252191204,78.49346473062559,370.2675334031036,883.9467120531018,411.91426030649683,159.706850933066,899.2374139855928,3474.1555597863407,371.81501259584724,BENIGN
f-264,710.4128124467956,3757.066588057626,288.04592204762343,554.8148080865117,2894.576319701304,3324.1535808515414,199.89237729100375,7668.579541878874,119.26167227764546,9616.09372603963,90.95482727563096,51.61600866294326,266.7885381685508,2328.4923403965167,3445.5552635786066,DoS Hulk
f-265,1360.0258438545773,707.8720338496121,6637.044281211632,449.17420626263413,586.1922192251241,635.6526678464959,75.471304326367,88.8800028538299,2664.614930120296,363.3065710365332,1515.739889687241,266.8213447253701,8622.615797273673,154.3657027868583,438.07295189915015,BENIGN
f-266,486.1490155212344,888.4386644531359,239.1578739218232,303.4716928382854,4470.069424143615,540.8219391586035,700.5014023889051,645.7625930846468,729.1940477604415,302.21852397294566,2706.3762584612286,960.1823707315768,87.76158450400428,104.90845941004595,76.03637938195996,BENIGN
f-267,615.2986071670249,42535.94205517595,455.3763182002638,94.1753102836135,1412.8868093528097,293.7671842380707,25.005257424802796,462.76479913486,3475.437446838484,3468.1854646894317,113.21987994759213,569.9791074546899,1645.1130077161763,530.4161018935076,30.536250504702945,BENIGN
f-268,430.0005196148221,1500.0923049939795,1572.6967926076484,128.20444155692067,623.3521448543802,568.745996469102,1528.7182819124519,4443.938914818193,332.9206046593353,296.60627952304276,2945.1451682536126,654.281333101372,399.1180318326001,72.89091836208067,1460.295537739894,DoS Hulk
f-269,403.4696514852377,154.86297344882854,5055.649854330373,287.60345002164735,137.32888864235082,6700.000417878779,2271.1417615426003,710.4522715474268,683.4545789530544,268.27738902920066,1273.3049302512213,3126.6593381501316,380.84222353337987,2073.8033021527935,2787.6492087600336,DDoS
f-270,767.5080757527401,674.0846374611101,433.1554708589929,1360.4937228211174,21.628136947733438,1925.642405954795,3632.078615388016,131.5773719842556,3327.9066024899676,1400.4682534199287,2448.7465908436434,655.5227243574608,175.63057979221156,229.94853363909488,261.1662449861944,BENIGN
f-271,4574.093766457602,683.2010881965753,3023.790457067593,10561.871882987522,227.56932507552764,590.58517594189,50.787050837051595,392.13894347214574,201.60862381677188,1829.381898290022,210.5634626049617,761.5943850690152,92.44185417805627,2824.7307066878748,1779.1249763295975,BENIGN
f-272,2337.573562214761,626.3644248372589,3592.0065955980967,383.69321981096437,1005.3938467686086,322.65857628688326,1214.120797346253,951.3790474745986,325.72373180001676,1481.424631526309,337.59046468675166,290.14543151333294,54.597804811308535,150.01209970401678,381.35700631468063,BENIGN
f-273,4973.116429248741,116.87717260084132,179.2907931390217,4580.303149775038,264.08853381803925,1125.8347273416302,357.5908285800527,189.57533037941292,957.2426313470015,329.6806124467116,401.2352733534626,445.6209370481722,161.5263031592406,352.6081900609005,2056.241903713937,BENIGN
f-274,2665.177351977973,6449.857435408454,1384.5040732791588,1473.1802638892962,7566.245650042227,755.5572831150187,271.16821889487284,90.54342662321059,500.2552496035789,30.946292893785806,523.6303272360286,3267.9235096418606,816.6477609314334,12398.435978081088,1607.2567570464882,BENIGN
f-275,640.9912863995366,2377.482416093191,118.86891854633775,305.5959616697021,482.25538161136865,207.20919089351722,215.04862973613507,878.7551972379213,5449.6958290941275,337.6982334746657,1528.1252170316632,3383.981213331336,127.28973846413274,273.7218991715062,1424.4545367701055,BENIGN
f-276,161.4719346599948,167.5459332982369,456.2162093812144,823.5532854897178,1892.5478789688534,641.2223529135078,3601.3712256351337,116.33645352628389,812.4192132363995,162.4587274825664,559.0996399568845,424.5697043743794,62.919880385465795,4116.794012344147,95.18154223865152,BENIGN
f-277,106.17686417549334,8643.934318657884,301.5262699205503,301.19754643612697,283.0829463820704,417.34217372389554,908.109405273503,706.6694753106857,1850.461565179559,1900.6570722455772,192.7632344472723,456.4418951908322,813.7052968728246,1496.958267733645,411.81276886991725,BENIGN
f-278,1684.7484498290692,353.9040453743865,1012.1187397555015,1971.5258654147224,707.0757421280524,280.1368932548017,3436.309526260649,2146.0542858805416,1173.860775641069,180.31240480159764,205.4524691713166,310.6012011875507,254.2199962193161,1487.5334337909683,1749.924958216111,BENIGN
f-279,552.967411926029,1962.7814097474934,123.99951903035691,865.2443961431678,5147.2012702720685,1768.7267217113247,1352.432788793134,411.6259088763338,1919.7956430642446,1500.0946503905168,492.3674370721713,876.8124463653443,266.50647315022087,88.75795794687936,559.3714092046944,BENIGN
f-280,4632.5274137720835,792.1315260704536,562.1098183406777,96.68125090601309,11500.820181779935,219.25924768839013,197.81368547697602,1332.6423745123368,353.3622445857634,115.9164003816619,1554.5624182306196,518.2274451742226,345.6160615037988,70.0736817180575,784.645392167415,BENIGN
f-281,49.72445257506497,85.60479330399721,1332.2802059381888,489.7179350406692,155.51135651997842,55.982469299000215,120.94850780103125,485.19807840489045,661.600022112972,86.75942651649702,1914.8905191883914,219.8931524400347,1392.8783149002434,812.5027504159204,76.28949387544189,BENIGN
f-282,1227.734865558212,3777.823431564801,1981.2872513439747,2915.3191965778033,232.73723503177473,638.7250717833132,78.08596067264988,2710.5726290075254,17769.46204113524,11663.506223589176,3393.517964425957,338.7905550142458,9984.679470389765,643.2503944637203,30568.261059266337,DoS Hulk
f-283,695.968503596562,4005.9889957427863,1983.7786331075743,324.57698779999384,1116.7961966972782,532.6455482773291,2363.429957614156,451.5272758970489,64.58390695266631,126.01624963065399,2578.546825549969,156.2382916186891,4476.313049117056,1442.3021160111953,156.0771938015121,BENIGN
f-284,106.42954093111484,705.8573721522866,3445.7143678806506,2365.477031938393,2578.790515959296,5815.755647110954,158.56916317521058,399.47134021646934,72.83410387648635,1874.3776199325264,1008.2495733586134,459.2589285249166,57.40384114343446,290.3672024122893,36.843891191493626,BENIGN
f-285,901.5084753585764,1390.4037707766693,953.8957159855825,776.7003338733998,538.122277088201,213.20448256436404,2383.382182027666,904.8723880245822,794.8501836133253,9443.602379255462,70.43189106800808,2407.498685982114,144.45084773391358,72.46584090358482,264.7137661812107,BENIGN
f-286,553.6100982678282,219.52665571649104,2837.6816177928586,116.28598221473376,283.937743951991,3922.405335389305,757.5476570746761,2265.447658609615,2835.52747714533,1208.535955019513,675.7734507140015,312.84321925700647,932.7919526529574,23.96746372505068,21.392050438440783,BENIGN
f-287,429.6453745282566,246.55671101362836,8608.045746280504,3513.888643698758,6525.343566317648,1181.2303602538736,599.3726098621237,1607.865490387017,2108.6920532753797,1047.1399252234426,111.01697063692059,36.23211483674179,233.96289662876333,12601.297215131044,109.71102090250987,BENIGN
f-288,1051.0944972930233,297.4495962739911,9176.044959677387,75.74692258006284,1144.1796659658412,658.9081255103581,620.0280725559381,1873.7508432875907,1338.3120565853062,3537.725056617163,1439.4114346179229,819.2963424225746,1133.3620544979162,759.2321717431303,8692.485534330082,BENIGN
f-289,356.31461063369443,256.37267835479105,256.8969344852233,190.42360153526027,707.5017004870394,122.43473300303148,891.4126892497609,19603.509365429785,36.783034764192145,3292.1588245648913,15303.029076577452,466.0162996537632,517.2550688224903,475.39693480784405,1727.9379056391738,PortScan
f-290,298.15907301625685,1211.4505585222419,232.82843177045535,1466.8427208726816,599.6635659966186,271.4813763813395,396.00826592944577,27337.344855143954,221.5273471693341,2095.8317266419185,580.7178922526699,281.36354654862436,2683.950491265364,3114.985236590279,72.72283239408011,BENIGN
f-291,484.4794494924389,50.40795884236195,2381.0645711135294,619.0014086508859,1663.422847720703,2538.0553863565883,259.0300427735884,565.9390548560092,245.45188545278285,671.8446329295925,143.08289347783293,1020.3737806693457,1409.8792433905567,72.41353736706111,415.8636590523757,BENIGN
f-292,2358.5218512911565,1135.0137682907384,1078.0671089100067,279.9543714279786,3899.2940071737253,2090.755721681311,930.0196769905616,2665.264083764328,1029.1547876883408,44.4941261496583,658.0933609149749,75.3308510306708,1441.1835314971383,752.7265259568845,137.364160611205,BENIGN
f-293,18.541470479519006,255.79495584874812,212.27771969799352,689.3528269450716,983.5081761185432,829.5589677928514,339.4183675130402,13123.311332071473,319.2176844007165,213.95381043145386,1345.107438766123,1414.4402353103362,246.10396523711765,3268.204902211538,1138.450082542799,BENIGN
f-294,303.6208389286654,634.1828646105868,248.68941477598034,1963.2756198298364,2142.557081216127,137.64713678320254,707.7342975677348,539.1269184760162,87.06172803945822,3524.726669445278,393.04503426942944,376.5911274839479,358.90114370289365,888.9284450551415,299.9174656472699,DDoS
f-295,3015.358180492426,104.33579624327147,772.2875894599271,409.5644192235806,378.0815029904277,3545.807568187224,828.645243548753,171.0855180728559,747.5717191052445,190.08757357949003,5032.97953230147,26.505755803698396,279.69391679009203,161.36724800225474,558.2910671854158,BENIGN
f-296,575.4732740913034,1986.9523874157928,149.4405882923218,887.2991909805241,787.5098421833936,264.52532837725016,373.6117711599257,1822.022991615531,1442.5811054563048,2818.9714612544763,6186.604076501131,499.6937969454543,66.21648351344847,92.5567163455107,101.85285317218475,BENIGN
f-297,258.19174392929204,1798.5965623855675,246.49931495261401,491.2531588677409,351.14266329589856,292.1212636484498,2371.44672062067,560.4758569462684,333.36509478339264,373.97322584427917,4755.21808320175,247.78691380349773,2359.306754076801,1567.5968706306712,9125.552948846871,BENIGN
f-298,49.00556489881572,1276.0295614284942,449.21936002882876,423.4365528380668,506.52242585391207,2263.5980787814574,234.0110110395004,307.4134870773152,5513.898795094068,446.8837642802442,252.09652545798224,206.80593672961567,986.7974204653965,276.2988924269171,738.2986843266939,BENIGN
f-299,1860.4306086292245,65.51599223161239,1332.9188249152064,277.34942310449384,113.3577200337127,4393.932147922085,94.5429694551729,408.8498458020092,2749.0319040335676,1555.7189090090333,277.8420037886227,166.45567974233606,266.6581366972437,4717.221514255899,2121.9973245122064,PortScan
f-300,17226.621199025692,1091.1039766501754,195.2892241709779,60.17614133864903,1913.0777963077358,5660.818468616815,3235.9853630832913,23.028906546141116,311.52754730052726,323.94706513413183,2568.245449364509,346.3123283469911,4126.512888724731,321.84792418434057,283.85118355072893,BENIGN
f-301,64.03093424100777,655.7804841757495,44.21829624214377,133.68056255519141,102.69652987564963,543.7375645687864,2581.003853946077,320.9627981023285,108.45696089832354,2635.2297906893195,4042.529741196618,225.37678071202677,189.34274226945155,430.2960478324606,683.5186308668534,DoS Hulk
f-302,6731.230303996722,58.772526154407686,40.450663202345744,2648.7622555140724,240.19855347443814,250.52608341302178,1165.0764119602616,163.4233238350724,794.6245097204977,1186.7196473195504,9.980506379464023,43.46568204261025,44.44438524812417,2607.447008104085,161.88785205409744,BENIGN
f-303,271.99120528236136,391.8359038323029,89.006047775096,640.1278855104912,453.55290089748985,193.60773737972792,1482.9682990018443,1214.0121263650105,841.9451157559473,426.64007528302284,7369.655339744549,1856.5616189918396,1351.3288268178294,554.0229777962022,1200.2534771693618,PortScan
f-304,374.80683440580157,624.8061157687931,83.44591839777911,82.40894924154085,4399.227586030104,43.974265480611294,1386.9443487134045,1331.467417004955,1179.4804026058623,286.4724024920812,502.53979376342136,300.8978423169753,86.98430675530173,86.77721670847028,3022.9686388801492,BENIGN
f-305,114.03686657860307,786.2622031453233,335.11276584844944,63.53397161972022,242.93172047988912,288.78575258073636,5918.6183460551665,805.9456278241436,2422.486672274042,1091.146169557312,609.1367597090583,167.61639089116517,318.9611923315219,653.6673881940716,207.85968292524288,BENIGN
f-306,598.203207491785,499.0536676347469,287.33548435327856,352.62434783658273,181.4138750123732,1593.2193659183465,263.8561200895184,648.4276150994672,99.26570102935285,436.47023290730937,1486.2831855340246,104.15618807262733,516.6406932954632,1721.0659956165293,31.333797647642882,BENIGN
f-307,1919.9482540418076,572.1937742694731,1049.3260004988147,12388.433092656729,208.30840526882318,827.6588124346547,997.2779556960148,66.8989921190523,923.7192593868386,13660.932371321025,705.2013696761633,5804.907373246945,5025.618350275582,1220.5876983230173,99.56779161606984,BENIGN
f-308,2125.161565757126,2364.527921646338,159.3490275151258,322.4313477028891,2953.2944860403823,413.38096776041965,3814.9453201692504,819.5633480055321,402.7607461855146,239.09417875297504,988.6005342270417,84.9346075173671,1116.6420235497233,155.01498935820655,1228.1565005100574,BENIGN
f-309,3225.276385512718,1756.7849628710899,237.79062675691287,12250.521427125954,13.807109046166504,122.25128840753727,380.995202073075,858.5780019517725,226.04069892814073,53.09049330762027,242.6285903119553,473.79974912527615,809.9898457858164,213.8672456112804,298.03506044664033,BENIGN
f-310,1657.215837223455,64.01378704651674,1972.3977188768836,615.4273625812173,605.5854976969154,529.6665309378413,7836.414410372577,3833.1778588729803,283.2803364133005,1015.9951148895198,92.22632507596353,200.26093631222068,780.4502774266183,55.11361754522311,343.47079280954006,BENIGN
f-311,683.2795101414376,1425.5637165992773,4936.056563976818,710.1672810628061,24944.878516979057,1360.1856084703902,75.33386040995305,5124.825603879123,176.2126291346468,4095.701408417371,564.6913720648967,746.8007020812288,156.1938496096681,343.5723512654883,1642.1757882849115,BENIGN
f-312,3270.5761185030615,331.0994445451386,411.3133358350956,81.21787747106698,819.7984260836635,676.4530932198717,751.3126369469478,52.92771907547972,1172.1706139977227,319.92928653683555,2248.317826082683,107.31072122111713,574.2657502580164,585.7751121140652,158.76102639916016,BENIGN
f-313,3481.9615581001285,49.278196064814885,232.00721337184805,1242.682347929471,106.99884722363007,492.7895484835391,4843.04589566591,253.11091940159736,73.5718382253133,4141.327960076456,185.4224860837893,191.6396299356766,66.24367813527127,137.55734685047915,861.6949024661797,BENIGN
f-314,1089.6216579342722,451.70064467492807,239.87568549764657,269.9081066350993,2707.187876129498,155.03498731536752,2032.0954293865866,1118.0530686959619,122.46397170947297,986.5839031189681,168.4049012536379,407.7176374765739,2629.5427168742226,4136.644294403629,181.0078173758316,BENIGN
f-315,282.6232831036209,1805.349222085242,1940.429681669569,1136.5026151355278,437.4425921659445,1142.0934042520423,293.88678533451923,496.2146653106518,992.5341758140047,151.92153234483885,1746.2451137980875,535.057742842574,543.8807618016508,1043.917136935766,805.1688154793711,BENIGN
f-316,436.96582091648816,109.52124716731652,813.2209859283737,151.86561555732825,1113.5966653371115,9.409447309621823,99.35484143194262,409.9692799178897,2797.554769153887,172.73902852829409,233.06228928634303,157.16387054802064,266.20646541936617,338.7325813812999,252.30475424203,BENIGN
f-317,174.70370278821005,604.0645882628924,135.75597772881588,498.9267128912185,3668.0020907999215,638.6872197859776,1478.5418806281602,304.631092670122,8851.067189548467,506.57450724813685,1412.4651859346875,361.7229969359805,82.8764473964885,48.100132404052495,301.9136321374551,BENIGN
f-318,3125.985767061411,134.42572650839972,421.4819303852444,615.4806730498931,643.0754240135324,61710.91690526054,471.65777875212655,1384.5427693475488,56.31669547890808,1193.811909572848,1393.1389855145865,1171.6230833377183,167.9725304757401,123.86242040231683,1079.3997612680384,BENIGN
f-319,98.10473694063411,180.13482018998698,35.235585287293375,335.3450561602661,841.6047859570364,213.13243599084797,2778.7137251052504,107.58733610213065,2041.860143673026,616.0547052526034,2243.7663593237953,399.3610337297756,409.98234529636295,19392.62741207246,989.9255806266932,BENIGN
f-320,3344.4209547718096,2375.2841727708596,520.1184327880105,655.5366621567298,1037.4295337465958,1381.9616548907507,91.70686721037946,115.65992903090698,2037.1443146527781,318.1308708516421,61.04640330618105,400.4052790079806,213.8960783275632,1175.09708966039,330.7908880294275,BENIGN
f-321,320.9286200617402,210.3831970754662,1006.8471466173299,293.04421725643783,174.5300204423198,399.6170892897513,2613.050312744522,118.02891946878516,98.61170916559531,300.9415446158131,211.19710935029136,128.90288166547361,1592.5559332902692,2831.1963354066347,229.0754891111494,BENIGN
f-322,1645.0013965419496,702.5067339196808,999.672081352871,185.1429623954086,116.74534273273433,231.57426544341615,1613.0182185275557,261.80681778306035,19.57493801404798,666.1740189009869,531.8926179278229,114.06620135206083,529.6843267292845,408.40165712099224,2748.957702047236,BENIGN
f-323,993.3099859495807,42.71449229779117,3568.2565543754667,2769.9375653783377,359.5841693449082,1399.1904398117038,388.424300822492,92.35979278313657,369.93749287217946,1114.753579531881,527.3611054156124,4025.239715969639,231.48343709149466,313.7551191865341,818.2737790311274,BENIGN
f-324,3585.9380882841992,3769.8144950479723,140.12205483948003,1420.470508367392,225.77366549293345,711.1911335438342,287.57470220019314,380.58677764478415,1551.3942025888496,209.5452485213431,8884.26860097365,209.7042568884207,343.6768010932398,90.28656041450289,252.3027687461896,BENIGN
f-325,969.6446162506429,831.4597870837176,523.704973643613,161.89731980955207,137.58828897045098,1290.460831313162,9317.701160861112,330.7661950568708,2723.0677248106854,1804.9333356172344,16784.43974624468,93.67545936816309,3739.501672681093,3080.104105853315,184.25096417961242,BENIGN
f-326,61.163566475398504,324.08317273450564,386.45301835940666,798.0196065133119,98.16524957582236,1050.1907290847066,260.05208231303203,931.4403505547699,141.88363967461373,211.2180520825253,2477.437740694802,1976.6125604274303,1200.6820627622405,318.8109199744034,7925.634249146109,DoS Hulk
f-327,372.28369795179304,804.8499093317496,357.681454738375,165.4692495712359,587.5044572803248,1429.1327402634754,107.09905897697499,1151.1532038587259,3302.3014900463118,284.14491280327326,1209.041119120412,1216.9553663828744,102.87091267065607,304.4154473021177,1318.3893953692873,DoS Hulk
f-328,98.84879594213265,475.6296275453234,1301.9005279457092,97.35639569494745,316.0337096743011,18321.625942105744,48.6892557711665,375.62802783759867,27.84020294191579,59.75201038738937,337.4841313818516,39.69530236558487,1231.9784278591046,2812.0274349418073,331.53600160263505,BENIGN
f-329,216.6025677201891,1667.4268188884976,458.75946715747125,1394.8906856987517,9.27757722268452,483.7732573453884,185.8317773687401,1444.0065231192407,259.39169713382114,171.33983915448394,1454.0031984470238,68.76440531121973,713.1899414064192,346.67414542034567,463.11259518922685,BENIGN
f-330,2473.7094877658087,273.47720405286714,4404.415655138481,52.199893216371166,115.27330459386297,1186.1037954153085,70.41696772636772,319.2390446906933,244.53224874896543,749.413793019238,993.2442358696645,1764.792234842849,616.4886445617723,9407.195275521117,3410.759012114391,DDoS
f-331,867.0013839903379,923.9425772092682,2107.5543608262146,8000.468273460662,229.01063023895472,51.80249636672658,191.06525065519992,391.88410051502126,1608.093234816624,592.7201395959079,814.5978238097313,286.6183100146736,895.7073060407062,59.99795069940354,2573.4814519595798,PortScan
f-332,174.38813670933033,223.63455351159087,402.34088687686085,837.5822850888836,195.08992664704616,991.8861482963947,985.6393140597954,205.33876231916523,1915.9386901246635,828.3372581651292,1081.7391596101904,2442.2855318036973,991.2352644040035,10155.134101935904,1710.3002864854461,BENIGN
f-333,119.52662623944994,200.98259589142432,1073.177643388946,2362.353459669106,2498.459485618806,1598.5515519125724,257.11406091555494,400.03184296717546,1267.838025277274,781.4715486609765,852.0991388554869,845.2256881375403,138.51117825269785,257.7719929405832,13898.173924560468,DoS Hulk
f-334,419.61537229794385,928.5318974581811,173.79555975324206,3221.2824540672755,736.2279090993783,81.2435781204137,618.2123819519195,948.3063151952664,79.78535302088571,4940.67303870288,1163.8729317262955,577.8756046404108,1928.6819644477603,942.5800297593413,763.7692716080503,BENIGN
f-335,368.7150513295945,548.4456685058381,1011.4563918003662,2883.7852294969766,1161.0826361186125,30.293446162060793,169.3552210220184,246.26271697963048,1135.8571443479966,164.44388823536448,1037.1529476037376,118.36401747614173,761.5371736549487,1140.8484219137522,5175.846683306142,DoS Hulk
f-336,180.30171951394348,881.9168433833148,161.67856078152968,149.6633124843503,3011.6561088896833,932.7057507556816,436.24450595463816,751.5173943065007,743.1146668199885,57.782820474741854,1831.7865127467974,727.5831978679216,103.71955385505001,222.1098154042469,407.56324445941465,BENIGN
f-337,586.6400129506345,399.19354426165864,1493.3719911038465,954.579310155353,383.45962279159437,2089.945794486175,4044.3696642259883,152.12516664350866,54.29970193316394,114.3582888738621,1160.0199252366672,87.27667581027418,213.81431645311002,1077.9712787994883,923.7091099502451,BENIGN
f-338,1613.8444090200342,4897.616055355124,5725.980343900112,462.2216997779068,148.0490523105187,2023.8608528539264,265.5536007494555,1003.1102263930248,33.77035698592451,173.4029014667641,388.2247147900917,1931.9660460158707,209.40020188875488,1147.3426540709697,10087.697607144148,DoS Hulk
f-339,837.5774748207339,244.0520463572857,348.4515981869437,89.36545950850586,375.9517527878923,896.9016359074886,3338.6341012192443,201.16249357910925,1401.9047799971027,125.31213140119407,498.12039432249884,669.5235277752992,1149.838254807173,171.43884236898188,1370.3835402381835,BENIGN
f-340,25.80201500075397,5858.671847459312,29.047947043193567,329.0305552997087,161.07734409295014,43.37201748329527,61.643471452107725,1121.0441960750327,325.0180888643066,451.4176739155712,144.1593211340294,149.9352160630859,315.83746259581704,173.892924087139,1210.9966500551998,BENIGN
f-341,581.2843633153049,61.46595844130379,208.99544973108695,12729.3069210123,494.73841933567184,694.1617116322651,2500.203348379545,434.0552590175034,86.29584829012762,4684.243095240839,178.13449443424207,1059.5641398867917,102.0449399441602,1789.3315528332691,860.4254987658587,BENIGN
f-342,439.8528714295259,1831.9289986279457,1769.1423518279078,3016.6847964925464,303.83975504052256,892.0570881137886,227.5459156969939,2502.747681878147,314.25152037004165,2559.5606139425076,549.2151386408857,5942.171197077881,252.02855579280347,351.2180525009971,4224.067218650293,BENIGN
f-343,662.9292963195488,2082.8427386122576,5863.345579438856,954.1473830921548,356.44899312033476,47.55661999553118,1423.1676133691901,371.86752405078164,624.4362841230886,3689.317028943365,752.7735892247811,2204.2720891640024,779.6366682911993,2146.8482492641488,211.106988122471,BENIGN
f-344,2805.821424319812,145.09800821888192,543.862424324561,96.69752564679035,1326.465556631643,1574.0999670633532,347.9934455912894,68.6202631304446,365.24875719082564,36808.308474475954,73.88879690818027,780.9380518108505,568.7746087591037,937.4859976885022,2523.7827878482194,DDoS
f-345,98.4711584990313,19578.71984446639,1353.436276136911,726.8559268133824,4240.921300171999,1011.1409554078234,840.4145130383969,192.5853254916815,62.65331645967713,1811.194592020175,220.34750536032132,821.6363609724904,457.89736661688266,370.73655522721657,311.87030990746206,BENIGN
f-346,453.37112861395485,1332.2017978787871,721.5084768697329,1119.9430162325875,235.64459558464952,1569.9187274653507,902.5417167217804,76.59002622727903,3876.4237136259985,56.88189778178633,2798.4555957049156,446.9392418678408,558.2898269936362,5820.903357850328,259.38655160026474,BENIGN
f-347,819.8222818780117,1293.8361034462332,1739.3560281510565,7440.783954500266,480.3868210008111,812.5927895448422,234.40997038835627,76.7626448533192,1346.2275640083526,1427.6909265250897,137.05524707806788,66.10990127250881,191.9619207575136,34.60562726803174,37.094679436061604,BENIGN
f-348,60.466332386231024,1492.5104117255426,1215.9834010448208,1034.7810593117263,364.82324433638615,883.9665747673123,1495.6074478242706,850.5310444254711,269.7638800340949,44.41986280614762,679.0433596849871,403.1725297246619,503.1009417200132,192.79488112489628,2100.3048227115314,BENIGN
f-349,2371.1701765676157,310.8556355819885,2504.991307077374,4242.496573669474,433.90912757341863,753.6025284678393,162.26294930372686,2666.130132412168,691.2482297717919,1135.9455797995602,1627.0371388962376,2959.8713615851934,8486.285577534305,569.8568619931877,333.1544388425776,PortScan
f-350,1964.5906186457582,313.78542974243123,620.5184266681824,369.85283874629295,439.04217313392917,1143.863430410195,1026.1005922290626,1594.6909835243644,3899.305290738314,5451.868577285619,169.3378232808428,12809.356955663045,1651.5682084670461,1538.3083263931508,494.61411381416775,BENIGN
f-351,1114.2098556165354,644.6043486165314,1195.4898321894543,194.40799250988675,603.6777170811537,45.48991609237972,252.5864703697073,253.5712587748025,247.65963472508858,356.7881627268274,430.0263642161496,46.805291592888324,285.4051811431068,512.7165721660023,73.24182128054022,BENIGN
f-352,541.6459577806424,2167.7033673940637,279.0657765551828,122.83046613703459,129.8109806340044,66.60160521972661,613.6774953974873,197.02188280715342,594.1974810821205,320.8124500282185,645.9592333325289,287.994058314491,215.28309942135823,13519.322627590898,849.6792088211781,BENIGN
f-353,1071.1803260742338,501.48668737360344,196.02594562927388,606.4183655434792,57.55144271096485,166.79917098064448,231.73822571403994,19864.51312965124,81.70548012150633,97.81245890716988,145.7314148018688,10487.542043889784,13.032845174894845,1143.1327852623897,157.20092384772505,BENIGN
f-354,1454.134078203296,135.13410452598936,3127.9126262882232,504.34643974629273,1356.3084131548178,345.2317028230093,428.3630868226462,166.89971963503405,2542.221864078903,398.23294884916254,301.52868247308703,301.83309681264075,1454.5225531375115,224.52895876031863,103.21825129755031,BENIGN
f-355,533.4970942589737,1084.9752719246371,522.9289539801625,787.6792874491534,4737.716982757051,642.7554388602691,111.09298551457422,82.55290184314619,99.257174109265,3249.9492908679804,707.1296664076685,328.4518199726108,6286.189440495159,1855.7024280014923,509.38909632447064,BENIGN
f-356,534.4729233291953,1218.506120063814,1059.8224563148815,81.04038154597856,175.28422090858268,595.6289963391845,542.9777709541041,1048.6519288440056,105.45657124589817,1383.001853636914,930.0221203939698,1000.7120496023576,725.1231955050823,658.593185859344,174.01099787945157,BENIGN
f-357,558.0295327957732,4576.573921882432,468.0092296949889,5398.777118600831,16773.821002561035,1541.5242424686442,425.39808535776353,311.404668725256,15024.06701849399,148.96761665387902,326.35023550672605,131.7456992578757,72.38150279897057,235.48267328122313,202.55451996333352,BENIGN
f-358,143.16326357195828,6905.568296755686,1004.7211127310404,4747.883000348966,7057.038522521963,1600.6968718251073,439.97504082453025,4658.871016274058,433.1443625051092,90.28342125556604,63.82285692298628,45.10420507159629,100.8545185616407,2533.9844225839893,495.78756481689226,BENIGN
f-359,2406.4399903268745,291.4551818286079,408.780963530444,1367.904195223306,1929.84729921786,141.6186483602197,377.649471128807,1208.0754625235018,517.4370020092707,152.70172372225423,244.28582731435716,1203.991616071369,687.6482447168835,106.64746111305703,1053.6202229210746,BENIGN
f-360,335.9535683760461,132.31864613090588,13387.931295405167,374.6535067935491,1047.6361447667764,537.1574916553683,473.8095138463881,1113.4081723400568,229.11481803921535,646.0006454283723,82.92180608909888,123.07253953641734,362.41541879406117,589.5312564321275,151.0966071291837,BENIGN
f-361,639.1074778767293,142.33278658515837,785.4745749073206,584.526914735033,7961.217945300075,145.85341970045607,192.55301840298134,1478.2833526796946,509.4296227246893,4429.713303479059,265.797230248019,464.8183110873245,925.1079386423016,5652.10126103461,122.80147551191557,BENIGN
f-362,1339.1483032671679,448.3648525714529,51.74005337322993,4623.024528150573,156.89826784830422,897.9970996805537,345.67177896340746,215.80970011154386,701.6639196448295,154.37604541605853,2974.7980145539027,156.77288365563828,447.5247153587799,276.95737476919487,1291.496100702266,DDoS
f-363,807.9349034046398,3986.8534272924426,311.59574298478515,360.1094570944777,137.6158335524859,593.5667302489585,120.70356587136155,165.42122150638346,509.2624584597152,28.41987412675095,77.14462714975005,226.8957856339341,1287.053271246949,211.33420720941749,2914.103607328188,PortScan
f-364,347.230617734213,364.986899124262,3424.6431354743154,514.835957127434,236.19300060328618,6.750020272639787,6733.697293518589,1999.9935080424464,30.421944738061356,667.8177563015049,287.39977139691024,234.4760682554815,628.5968847335239,790.518035230374,2333.92395341841,BENIGN
f-365,2386.890274165597,237.93909904569549,312.13749061226144,154.53352965961133,788.2870424971235,7284.418162551931,1437.9048851529467,804.217939516463,517.2702679915133,137.38004292355842,5212.242503744814,380.7723847510818,1090.6776248005426,4880.951499517181,111.54236590964092,BENIGN
f-366,165.28877991565088,45.633831149958084,46.498756482271354,209.26352334720886,483.8719792744639,796.0726200303437,559.8746541263506,494.8512438912325,626.3257256306424,5550.329907037089,2933.9307043851636,213.9566217375885,32.864068131990976,221.44680507473456,275.45918766589983,BENIGN
f-367,150.40023578766062,90.3073666082133,22050.708825012418,380.12176307612475,561.4749346283419,197.3849868213341,8602.605806915724,104.15469401372971,1882.7982834735847,162.8237666076143,1613.0847586632688,112.8271150781601,91.72411441423223,532.907469375433,1653.985700415844,BENIGN
f-368,514.2797767929546,1548.4485632002472,914.9514573350348,2032.0245492237016,1968.6277456611201,4075.8871450039674,37.520859361972235,19.22639345294114,183.77692487197353,123.28755292932225,334.2004085315501,447.1614578939008,260.54562664753485,1604.7154536343935,4305.779389645399,BENIGN
f-369,1111.2738274048822,181.716685281716,370.9193188033061,16475.6050729758,638.0834596929097,265.8899750058494,18.7423246123312,824.2420401100642,27.371916316997265,3822.4637020363643,4082.5212301294837,1452.410486332962,1473.6278164949968,651.4207634978379,636.3282505647726,DoS Hulk
f-370,408.9984092507592,621.8569069813168,258.3457274348466,690.7448952026543,1052.2600021662925,472.96588586958524,1272.2699574393762,294.65564465032236,121.9821957775351,6831.086899751625,18648.743312324474,1759.8042666770855,3853.109144148053,9597.978509675262,1281.32970210006,PortScan
f-371,1987.7382399945275,76.03376242162466,7826.486844864752,256.7457594398584,130.65035508236787,224.8561866768443,405.21861395596164,332.0944760429772,108.1503029241037,991.1203692243859,213.3588886434159,194.06933150562074,331.26447058651087,1003.4487317767083,637.3507382447821,BENIGN
f-372,1127.9451207756515,2267.5303775422303,210.52826501807263,51214.04817247154,108.36742895288333,18555.236448287593,303.7100218433012,52.99868398423862,976.5741221112935,2881.5175508246293,162.5308224719772,348.0075983543364,193.65997659634522,5518.532044507264,201.68523295571524,BENIGN
f-373,1107.8584210067886,1358.024033944489,1600.2380996204158,931.7464921749407,2798.7739006333854,900.9978365823864,516.3516206168281,829.3334286263708,15.48568569873094,620.5597191808679,77.12515721470453,34.44075755100628,38.63033106872546,1537.5821708807541,162.21488300424295,BENIGN
f-374,2587.1100154312944,2276.3996501235742,5215.885322000552,1065.4163372345517,455.3570525894802,482.6930386574567,6639.422145010586,227.3405935083,235.5615523069967,49.33634182704612,456.55776869780146,341.2845888238225,3979.1851579934314,1265.1211867187762,540.9704886036965,BENIGN
f-375,6589.176913740275,6574.381276982748,3750.5712280547978,361.4787121249452,676.7706611738685,1710.4958592486366,569.7317609104973,180.0454429431484,17108.318408991614,104.91930754059447,74.67722475942698,249.52890422814292,208.46503092082983,709.3304952143981,12988.114144844514,DoS Hulk
f-376,315.38874005255053,2489.228546339707,480.39936404540487,2154.4912226663178,191.39256018248778,814.1685015597856,651.6820720146296,2403.8676179162585,406.9356054675201,19.82384214323946,1109.70388754641,487.15998629820353,14044.717188393704,206.64731228418282,83.8157758620731,BENIGN
f-377,89.96717101185318,279.25385828601617,327.02556750944007,1289.3515684268716,185.1288842309627,377.95771407636806,410.4555464435648,812.537244028941,1182.7294970887197,18292.040743553716,135.58244028092867,163.60941594715308,888.1873450667962,233.93624088858908,2435.727915227859,BENIGN
f-378,2765.8554017138795,197.97401370270572,7609.073582491684,7342.000582095479,819.3070776405547,1529.1528478552143,612.1707041199926,6145.866881858446,56.25202271066355,2522.1405258761542,1464.0300383083147,246.58791872625844,5045.893969676444,74.06917984494406,202.40627455539007,BENIGN
f-379,232.93528841157155,272.96565630112605,142.82050063594065,76.13986495698974,261.3150065425688,8486.058125491167,216.21508131712596,393.8537171004097,59.004433441117754,646.376551781154,219.18680019229478,1327.3635109338786,990.3326138667894,286.1923627512411,610.9104011828242,BENIGN
f-380,459.1865402215912,743.8786362237403,341.6645097703404,2321.119680113336,66.65269742744931,590.4544759302843,2121.2528664175934,1538.376926391047,17334.569238532466,3131.001645036797,649.5737597816158,1495.8838275470678,749.2452574783731,775.913578633968,2721.7242266762764,BENIGN
f-381,1941.9750900895654,355.57316575070587,843.3045377170605,438.852173629971,319.25646548519796,464.1055967084425,356.3058965545969,149.01286844580514,455.528570862063,62.6831077210445,58.8557537083877,132.45590613181952,533.0272488325473,1355.7621161764282,596.088002139843,BENIGN
f-382,374.6216432060122,251.06378390585962,860.4762316222059,1061.3747281188898,198.04394601053227,495.0964045847352,3391.4697744707537,54.05837180117936,2647.9505033799214,310.0830136811632,472.3916201802708,216.65520051211936,1018.0625424967147,107.85178420604004,282.3114070987632,BENIGN
f-383,561.3655884344818,2346.353033021472,717.8706380824686,55.84988300327644,1523.2342396281874,1944.024136809977,505.7490810545112,264.34049447967476,105.4478593178509,3466.394397119986,95.22167866729013,223.38395255219066,307.87608142496657,64.86945080077791,955.0949381677427,BENIGN
f-384,59.05483833087327,351.75964999687807,658.045477409849,2348.8900753372704,573.4621774029904,196.5590151872494,983.7706670486446,59.3073911706314,455.29159177915125,472.34006262560524,242.0687556558331,1065.7719152583759,1102.768651715828,5085.83814873556,1125.2302060259553,DDoS
f-385,155.56076888550353,37813.21408409611,1528.0876387334172,1036.7230474128926,554.6743673685263,1802.3181093879791,375.552330368342,410.5951943731504,101.99001516891852,204.87995874832882,5729.841163155996,480.394606556471,1074.0035615505562,595.9715336841616,3855.789075972739,PortScan
f-386,683.7305636460776,449.8396007755718,1037.9254551120757,385.02488103191735,165.38159669217663,314.4744595304251,272.24682508987263,158.1359412224369,1676.1328410768704,48.92630605629149,1234.732038553706,450.94610676592526,825.1838423426763,150.07227276316584,1605.4839409002473,DoS Hulk
f-387,756.7442967550604,3437.0955369353624,2472.8636416981635,874.9224249202643,348.89321496277176,97.45186510155405,861.5890428602569,38.66266230100411,10650.86993502807,2114.062801206907,345.81532873848965,767.7891384238634,395.5321044869663,4946.492166881449,7870.96188149117,DoS Hulk
f-388,562.015267106289,619.4198457165586,224.85679367670096,161.00020507626948,622.1625072918349,216.72732503994717,281.74201871386924,14554.12179416938,4017.7456366332735,370.887743541726,111140.8756445493,1046.8680424411798,602.7202211404262,5580.4421655129945,75.71088708598171,BENIGN
f-389,74.04558664898909,1281.200346134592,1844.2387686382094,201.27495272371158,952.8284601933786,377.23774315027106,16.53768300449362,211.64830200375545,188.305253979044,49.0048550553552,134.53042364297795,2072.8171213509704,367.9170662904834,849.4209071305997,119.55470524385008,BENIGN
f-390,25.226016835228194,169.0960231993294,4558.585415721522,231.3349045109076,360.4415501876953,3370.781821412073,10.222163469944054,56.53482593351188,58.019684613902356,133.07078191609466,6066.20826037959,402.5850629676403,498.3375190032418,64.39874547452771,74.38734923063755,BENIGN
f-391,430.61925580248015,144.81961491463625,50.301188323357984,43.67284731018731,6260.579030209992,767.5405914229023,12058.865129026819,1185.3651488692155,53.444464207116,580.2043569746954,309.0872380686805,932.2763985645432,42.467494786829384,9727.867908065728,377.01489085775006,BENIGN
f-392,229.0336096084113,700.396880149593,734.9082967886695,1134.6848124225219,407.31513393427934,135.03118986250138,1765.7135220417276,168.28563852293715,2606.6840072128416,344.43581828876233,301.0549152569848,306.2591709723087,1911.2171692721568,43.85567915467367,64.363978555938,BENIGN
f-393,700.1278253810985,7450.535702497708,53.78891940022038,1685.6597969268785,3924.753704462126,168.41369412988092,3884.7314497426155,1492.4871573345952,117.32757254240629,517.3950815069371,80.05006887029494,1769.255276076885,359.1853254710424,315.06711056540104,175.8800291269981,BENIGN
f-394,936.682475678216,423.39595388182425,354.2914905747479,173.88375831124372,613.1988478498599,14866.485102189406,395.0317344530155,167.32312085034587,258.5264841717634,220.55332951736548,549.347438366135,954.4851421543747,85.11886701477736,518.1476565017327,106.80339073929902,BENIGN
f-395,476.22466037819385,86.17050914969273,239.76206069967805,1576.3659888665563,45.8279405192473,1559.2066580503058,85.52752360107264,1233.6852496451274,885.711404948441,6412.835754312879,431.455468810185,1260.7592008571703,1714.877981682453,166.0016068339266,2381.7992666741247,BENIGN
f-396,7993.637435540792,78.86124852166559,33.04816503847834,293.34559833770186,556.7023884890443,417.28936093505604,243.8368584638322,610.2068825394629,2389.28099137267,443.4400813514617,910.0267948747705,190.4872091368949,277.4898577302756,567.5288709482613,122.87696588322527,BENIGN
f-397,531.1548768887493,72.77964521237467,643.4505048387406,598.2021584897853,963.3231060028279,237.21531750186858,408.99765332455854,822.1009985946613,317.5056757666613,1443.42618595054,1495.8777393354007,658.0508234774218,4089.2360231860293,33.60825728953561,392.3160237495528,DDoS
f-398,762.0998979164742,48.36872680409969,255.68707292034708,189.9778165885037,804.6575620594538,7190.710705995238,120.48847809110589,1014.5297511994532,248.24092749107228,1256.3596113077726,204.27788175346586,5395.369659451798,525.3906154738128,362.0221136577993,543.487246355627,BENIGN
f-399,1278.8062227962143,460.07173884594636,32.49065108160981,139.754849501323,669.5621516281618,948.7467813219181,2916.937861855426,362.2413250582466,439.63517454317093,15590.089617214164,597.1821032016512,141.34912972281617,1398.6381631506858,1598.4839172363,3053.932506415611,BENIGN
