dur,spkts,dpkts,sbytes,dbytes,sttl,dttl,sload,dload,sloss,dloss,sinpkt,dinpkt,tcprtt,synack,ackdat,ct_srv_src,ct_dst_ltm,ct_src_ltm,ct_dst_src_ltm,ct_state_ttl,ct_flw_http_mthd,is_sm_ips_ports,label
0.385124,28,30,4984,3080,31,29,99832.78125,61860.59766,7,7,14.251815,13.261759,0.000653,0.000528,0.000125,4,7,3,3,0,0.0,0,0
0.662747,10,8,564,354,254,252,6132.053223,3742.000977,2,1,73.118778,93.712711,0.053767,0.006747,0.04702,2,1,1,1,1,0.0,0,1
0.030712,52,42,37220,3380,31,29,9508987.0,859598.875,18,8,0.595451,0.736561,0.000659,0.000512,0.000147,1,6,7,4,0,0.0,0,0
1.144942,14,18,1684,10168,31,29,10928.06445,67105.57813,3,5,88.04569,67.320765,0.000601,0.000487,0.000114,1,5,1,2,0,1.0,0,0
0.630866,10,6,1506,268,254,252,17195.41016,2840.539795,2,1,66.975556,100.908797,0.245351,0.126315,0.119036,4,1,1,1,1,0.0,0,1
0.0018,4,4,536,304,31,29,1786666.75,1013333.375,0,0,0.458,0.235,0.0,0.0,0.0,6,3,2,2,0,0.0,0,0
0.01914,38,40,2438,19420,31,29,992267.5,7914316.0,7,13,0.507324,0.477897,0.000627,0.000498,0.000129,7,2,5,1,0,0.0,0,0
0.465149,10,6,950,268,254,252,14704.96582,3852.529053,2,1,48.411667,85.75,0.099433,0.036391,0.063042,5,2,2,5,1,1.0,0,0
0.001014,2,2,130,162,31,29,512820.5,639053.25,0,0,0.006,0.008,0.0,0.0,0.0,1,3,5,1,0,0.0,0,0
0.072105,22,24,1920,4312,31,29,203370.0938,458553.5,6,6,3.416762,3.087913,0.001203,0.001073,0.00013,10,3,3,1,0,0.0,0,0
1.599781,14,12,756,682,254,252,3510.480469,3130.428467,4,4,120.511075,133.145734,0.270654,0.135172,0.135482,1,1,1,1,1,0.0,0,1
0.411648,102,100,14616,17134,31,29,281269.4375,329660.2813,22,32,4.075723,4.151636,0.000649,0.000509,0.00014,1,3,5,1,0,0.0,0,0
0.011913,36,38,2334,16528,31,29,1524385.125,10807689.0,7,12,0.331429,0.304838,0.000781,0.000623,0.000158,10,7,11,7,0,0.0,0,0
1.086095,14,18,1684,10168,31,29,11520.1709,70741.50781,3,5,83.517921,63.857765,0.000642,0.000509,0.000133,25,14,24,4,0,6.0,0,0
0.187452,20,8,18080,354,254,252,733030.3125,13230.05371,7,1,9.300895,25.194715,0.017959,0.011081,0.006878,1,1,1,1,1,1.0,0,1
1.004773,12,18,1580,10168,31,29,11536.93359,76467.02344,3,5,91.311635,59.072292,0.000668,0.00054,0.000128,2,7,1,1,0,1.0,0,0
0.524776,16,18,1540,1644,31,29,22013.20313,23674.86328,4,4,34.962465,30.840883,0.000609,0.000468,0.000141,16,6,10,5,0,0.0,0,0
3e-06,2,0,1064,0,254,0,1418666624.0,0.0,0,0,0.003,0.0,0.0,0.0,0.0,2,1,1,1,2,0.0,0,1
0.368597,28,30,4200,3080,31,29,87900.875,64634.27344,7,7,13.638518,12.691621,0.000676,0.000536,0.00014,4,5,4,4,0,0.0,0,0
0.137893,32,24,3728,5474,31,29,209553.7813,304351.9063,7,7,4.448161,5.967174,0.000643,0.000509,0.000134,1,4,3,1,0,0.0,0,0
0.005343,12,12,1064,2260,31,29,1461351.375,3102377.0,4,4,0.453182,0.434545,0.000703,0.000553,0.00015,10,5,4,1,0,0.0,0,0
4e-06,2,0,200,0,254,0,100000000.0,0.0,0,0,0.008,0.0,0.0,0.0,0.0,23,8,8,8,2,0.0,0,1
2e-06,2,0,944,0,254,0,1888000000.0,0.0,0,0,0.002,0.0,0.0,0.0,0.0,2,1,1,1,2,0.0,0,1
0.596443,8,12,424,8824,31,29,4976.166992,108496.5391,1,4,85.160286,54.176365,0.000644,0.000499,0.000145,2,5,4,2,0,0.0,0,0
1.1e-05,2,0,180,0,254,0,65454544.0,0.0,0,0,0.011,0.0,0.0,0.0,0.0,8,2,2,2,2,0.0,0,1
7e-06,2,0,114,0,254,0,65142856.0,0.0,0,0,0.007,0.0,0.0,0.0,0.0,5,5,5,5,2,0.0,0,1
0.308246,16,18,1540,1644,31,29,37476.5625,40305.47266,4,4,20.525467,18.102354,0.000629,0.000505,0.000124,10,5,7,2,0,0.0,0,0
1.711972,32,114,1608,129668,62,252,7280.492676,600622.0,6,55,55.224902,14.911318,0.058857,0.026365,0.032492,2,1,1,1,1,0.0,0,1
1.1e-05,2,0,114,0,254,0,41454544.0,0.0,0,0,0.011,0.0,0.0,0.0,0.0,12,4,5,4,2,0.0,0,1
7e-06,2,0,114,0,254,0,65142856.0,0.0,0,0,0.007,0.0,0.0,0.0,0.0,14,7,7,7,2,0.0,0,1
0.305556,12,10,3236,3734,254,252,77681.34375,87996.96094,3,3,27.777819,36.22075,0.027442,0.015069,0.012373,1,1,1,1,1,1.0,0,1
3.7e-05,2,0,168,0,254,0,18162162.0,0.0,0,0,0.037,0.0,0.0,0.0,0.0,2,1,1,1,2,0.0,0,1
5e-06,2,0,114,0,254,0,91200000.0,0.0,0,0,0.005,0.0,0.0,0.0,0.0,3,3,4,3,2,0.0,0,1
0.035942,8,10,1038,820,31,29,202325.9688,164264.6563,2,2,5.084,3.932667,0.001646,0.000545,0.001101,2,3,10,1,0,1.0,0,0
1.004553,12,18,1580,10168,31,29,11539.46094,76483.77344,3,5,91.291092,59.060295,0.000657,0.000522,0.000135,3,4,3,2,0,1.0,0,0
0.040918,54,56,3302,35742,31,29,633657.5625,6863287.5,7,21,0.765717,0.734145,0.000707,0.000536,0.000171,12,1,4,1,0,0.0,0,0
0.796594,10,8,534,354,254,252,4830.565918,3113.254639,2,1,78.321556,103.414711,0.161229,0.07268,0.088549,6,1,2,1,1,0.0,0,1
0.32532,14,6,8928,320,31,29,203885.4063,6565.842773,4,1,25.024615,64.939199,0.000725,0.000486,0.000239,5,12,12,12,0,0.0,0,0
0.456758,10,8,806,1398,62,252,12715.70508,21438.04883,2,2,50.750889,49.447145,0.113079,0.047197,0.065882,1,13,1,1,1,1.0,0,1
0.023874,62,58,5928,8010,31,29,1954595.0,2637848.75,14,17,0.391377,0.384036,0.002485,0.002227,0.000258,1,2,1,1,0,0.0,0,0
0.004877,18,18,4376,2456,31,29,6779577.5,3805618.0,7,7,0.268118,0.256353,0.000649,0.000512,0.000137,9,4,6,3,0,0.0,0,0
0.014892,44,46,2750,28086,31,29,1443996.75,14760140.0,7,16,0.355415,0.320178,0.000614,0.000481,0.000133,15,6,3,1,0,0.0,0,0
0.011804,34,36,2230,14042,31,29,1467299.25,9252457.0,7,11,0.347848,0.320571,0.000739,0.000582,0.000157,8,3,6,2,0,0.0,0,0
0.593863,10,12,820,8122,62,252,9941.686523,100305.9609,2,4,65.909444,47.385363,0.126386,0.072616,0.05377,1,2,4,1,1,1.0,0,1
6e-06,2,0,1064,0,254,0,709333312.0,0.0,0,0,0.006,0.0,0.0,0.0,0.0,3,1,1,1,2,0.0,0,1
0.749552,10,8,564,354,254,252,5421.905273,3308.643066,2,1,79.757444,100.92443,0.113751,0.043071,0.07068,1,1,1,1,1,0.0,0,1
0.721606,10,8,874,354,254,252,8724.982422,3436.77832,2,1,76.087444,94.03757,0.138093,0.063338,0.074755,1,1,1,1,1,1.0,0,1
0.896506,10,10,756,4214,62,252,6076.925293,33846.95703,2,2,99.495222,88.18711,0.155277,0.102819,0.052458,3,1,1,1,1,1.0,0,1
1.15798,12,18,1580,10168,31,29,10010.53613,66350.02344,3,5,105.236543,68.085469,0.00068,0.000523,0.000157,1,1,2,1,0,1.0,0,0
0.037129,122,126,7814,16032,31,29,1669853.75,3426970.75,30,32,0.306517,0.292768,0.000687,0.000526,0.000161,5,3,2,2,0,0.0,0,0
0.001067,2,2,146,178,31,29,547329.0,667291.5,0,0,0.01,0.003,0.0,0.0,0.0,4,2,1,1,0,0.0,0,0
0.39232,10,6,770,268,254,252,14131.32129,4567.699707,2,1,41.177667,67.090398,0.095407,0.056861,0.038546,7,1,2,1,1,0.0,0,0
0.007294,34,24,4908,2344,31,29,5225116.5,2464491.25,9,6,0.22103,0.283,0.000795,0.000625,0.00017,15,4,5,2,0,0.0,0,0
0.521589,10,6,890,268,254,252,12285.53516,3435.655518,2,1,53.023222,89.782,0.158581,0.072668,0.085913,2,1,2,1,1,1.0,0,1
1.217401,28,0,3024,0,254,0,19162.13281,0.0,0,0,45.088926,0.0,0.0,0.0,0.0,2,2,2,2,2,0.0,0,1
5.203118,32,22,19788,1780,62,252,29474.63477,2613.817383,13,8,167.84252,244.130188,0.282713,0.075733,0.20698,1,1,1,1,1,0.0,0,1
0.892857,10,8,1010,354,254,252,8144.641113,2777.600342,2,1,94.072111,119.060859,0.128595,0.059411,0.069184,1,1,1,1,1,1.0,0,1
8e-06,2,0,200,0,254,0,72727272.0,0.0,0,0,0.011,0.0,0.0,0.0,0.0,15,7,9,7,2,0.0,0,1
0.093017,40,42,2542,22546,31,29,213208.3438,1892987.375,7,14,2.436105,2.255683,0.000798,0.000523,0.000275,9,3,4,1,0,0.0,0,0
0.802397,18,0,2858,0,254,0,26919.3418,0.0,0,0,47.199824,0.0,0.0,0.0,0.0,2,2,3,2,2,0.0,0,1
1e-05,2,0,114,0,254,0,45600000.0,0.0,0,0,0.01,0.0,0.0,0.0,0.0,7,4,4,4,2,0.0,0,1
0.004569,12,12,1064,2260,31,29,1708907.875,3627927.25,4,4,0.382545,0.367182,0.000669,0.000528,0.000141,8,1,2,1,0,0.0,0,0
0.232966,10,8,824,996,62,252,25480.11328,29944.2832,2,2,25.885111,31.451428,0.053474,0.006985,0.046489,1,1,1,1,1,1.0,0,1
4e-06,2,0,114,0,254,0,114000000.0,0.0,0,0,0.004,0.0,0.0,0.0,0.0,13,7,6,6,2,0.0,0,1
2.773033,44,44,2506,3164,31,29,7068.073242,8923.082031,10,13,64.228395,64.476859,0.000658,0.000524,0.000134,2,1,1,1,0,0.0,0,0
1.834132,188,40,225756,2676,62,252,979454.0625,11384.13184,83,8,9.808193,46.81777,0.053738,0.007682,0.046056,1,1,1,1,1,0.0,0,1
2.289803,8,8,468,354,254,252,1432.437622,1083.062622,2,1,326.987848,310.871281,0.113697,0.113697,0.0,6,1,2,1,1,0.0,0,1
1.1e-05,2,0,114,0,254,0,41454544.0,0.0,0,0,0.011,0.0,0.0,0.0,0.0,6,3,3,3,2,0.0,0,1
0.001084,2,2,146,178,31,29,538745.375,656826.5625,0,0,0.011,0.008,0.0,0.0,0.0,2,2,5,2,0,0.0,0,0
0.001066,2,2,146,178,31,29,547842.4375,667917.4375,0,0,0.01,0.006,0.0,0.0,0.0,10,2,3,1,0,0.0,0,0
0.761113,10,20,812,15532,62,252,7683.484863,155099.1719,2,7,84.568111,35.120789,0.141273,0.093232,0.048041,1,1,1,1,1,0.0,0,1
0.272132,10,6,832,268,254,252,22018.72461,6585.039551,2,1,28.511667,51.301199,0.066174,0.015625,0.050549,2,1,1,1,1,1.0,0,1
1.008808,14,18,1684,10168,31,29,12402.75586,76161.17188,3,5,77.574767,59.313647,0.000581,0.000471,0.00011,2,3,3,1,0,1.0,0,0
0.012917,42,44,2646,24924,31,29,1599752.25,15085856.0,7,15,0.307244,0.285767,0.000756,0.000618,0.000138,5,5,5,1,0,0.0,0,0
0.723574,10,8,654,354,254,252,6512.119141,3427.431152,2,1,80.397111,82.511711,0.247035,0.131424,0.115611,2,1,1,1,1,0.0,0,1
0.004172,12,12,1036,2262,31,29,1821668.25,3976989.25,4,4,0.341091,0.329455,0.00069,0.000541,0.000149,5,3,4,1,0,0.0,0,0
0.018251,16,18,1540,1644,31,29,632951.625,680729.8125,4,4,1.1954,1.045529,0.000608,0.00047,0.000138,17,10,11,6,0,0.0,0,0
0.006375,24,26,2048,2410,31,29,2463372.5,2908862.75,6,7,0.259261,0.22704,0.000832,0.000688,0.000144,6,5,5,5,0,0.0,0,0
0.048846,6,6,320,6112,31,29,43729.27344,834295.5625,1,3,9.7692,9.6146,0.000707,0.000512,0.000195,6,4,6,2,0,0.0,0,0
0.001146,2,2,146,178,31,29,509598.5938,621291.4375,0,0,0.01,0.008,0.0,0.0,0.0,6,3,3,1,0,0.0,0,0
0.518061,20,0,1040,0,254,0,15256.8916,0.0,0,0,27.266369,0.0,0.0,0.0,0.0,3,2,2,2,2,0.0,0,1
1.1e-05,2,0,200,0,62,0,72727272.0,0.0,0,0,0.011,0.0,0.0,0.0,0.0,1,1,1,1,2,0.0,0,1
0.418331,10,10,780,4650,62,252,13424.77637,80032.32031,2,2,46.370222,43.375332,0.060717,0.027945,0.032772,1,1,1,1,1,1.0,0,1
0.008426,9,11,9568,572,29,32,8075005.5,493709.9375,2,0,1.039125,0.8165,0.0,0.0,0.0,1,3,1,1,0,0.0,0,0
0.01932,16,18,1540,1644,31,29,597929.625,643064.1875,4,4,1.267133,1.109353,0.000588,0.000457,0.000131,14,11,8,6,0,0.0,0,0
0.750109,60,12,68187,526,254,252,715106.75,5151.251465,27,1,12.463898,63.024816,0.119238,0.056829,0.062409,10,1,4,4,1,1.0,0,1
0.020263,44,46,2766,25742,31,29,1067561.625,9942457.0,7,16,0.463,0.436133,0.000781,0.000627,0.000154,2,2,2,1,0,0.0,0,0
0.677228,30,14,26258,764,254,252,299845.8438,8387.131836,12,4,23.352689,49.060152,0.101524,0.038768,0.062756,5,2,2,2,1,0.0,0,1
0.185705,10,6,914,268,254,252,35454.07813,9649.712891,2,1,20.633889,32.067801,0.070631,0.01914,0.051491,1,1,1,1,1,1.0,0,1
0.006739,22,24,1920,4312,31,29,2175990.5,4906366.0,6,6,0.304667,0.26613,0.000746,0.000607,0.000139,1,4,5,1,0,0.0,0,0
0.017355,12,14,1064,2364,31,29,449899.1563,1012273.063,4,4,1.545727,1.286692,0.000773,0.000618,0.000155,7,1,2,1,0,0.0,0,0
0.019654,52,54,3182,36578,31,29,1270377.5,14613208.0,7,20,0.378627,0.3675,0.000667,0.000533,0.000134,2,1,3,1,0,0.0,0,0
0.792162,12,8,1106,708,254,252,10240.33008,6261.345703,3,2,71.93173,102.740859,0.14489,0.072974,0.071916,13,3,7,3,1,0.0,0,1
0.190237,22,24,2054,2478,31,29,82465.55469,99875.42188,6,6,9.041,8.243435,0.000768,0.000628,0.00014,1,2,1,1,0,0.0,0,0
0.000962,2,2,132,164,31,29,548856.5625,681912.6875,0,0,0.007,0.009,0.0,0.0,0.0,4,7,11,1,0,0.0,0,0
1.1e-05,2,0,180,0,254,0,65454544.0,0.0,0,0,0.011,0.0,0.0,0.0,0.0,14,14,15,14,2,0.0,0,1
0.001009,2,2,130,162,31,29,515361.75,642220.0,0,0,0.01,0.009,0.0,0.0,0.0,3,2,8,2,0,0.0,0,0
0.024111,50,54,3078,38534,31,29,1001036.813,12548961.0,7,20,0.484816,0.444679,0.000676,0.000539,0.000137,9,3,3,3,0,0.0,0,0
1.010329,12,18,1580,10168,31,29,11473.49023,76046.51563,3,5,91.813639,59.403413,0.000611,0.000468,0.000143,1,1,4,1,0,1.0,0,0
0.004832,4,4,568,304,31,29,705298.0,377483.4375,0,0,1.264667,1.106333,0.0,0.0,0.0,7,6,4,3,0,0.0,0,0
0.012835,40,42,2542,22592,31,29,1545150.0,13746786.0,7,14,0.320487,0.299829,0.00069,0.000538,0.000152,11,5,7,1,0,0.0,0,0
0.02194,60,62,3598,45458,31,29,1290428.375,16308113.0,7,24,0.366441,0.349508,0.000741,0.000609,0.000132,8,1,8,1,0,0.0,0,0
3.517018,24,22,1276,1604,62,252,2781.9021,3484.770264,7,9,152.860605,161.641518,0.201282,0.122536,0.078746,1,1,2,1,1,0.0,0,1
0.213658,10,6,598,268,254,252,20181.78516,8387.235352,2,1,23.739778,38.104801,0.045909,0.022422,0.023487,13,5,4,13,1,4.0,0,1
0.355812,28,30,4784,3080,31,29,103740.1719,66956.70313,7,7,13.166519,12.251,0.000658,0.000529,0.000129,6,5,4,3,0,0.0,0,0
4e-06,2,0,114,0,254,0,114000000.0,0.0,0,0,0.004,0.0,0.0,0.0,0.0,10,3,4,3,2,0.0,0,1
0.001066,2,2,146,178,31,29,547842.4375,667917.4375,0,0,0.011,0.011,0.0,0.0,0.0,1,1,2,1,0,0.0,0,0
3e-06,2,0,200,0,254,0,266666656.0,0.0,0,0,0.003,0.0,0.0,0.0,0.0,7,2,6,2,2,0.0,0,1
1.714789,122,126,7812,15224,31,29,36146.71875,70464.64844,30,32,14.168835,13.71416,0.000641,0.000515,0.000126,4,1,2,1,0,0.0,0,0
0.795668,122,126,7818,15328,31,29,77962.16406,152897.9375,30,32,6.572975,6.361448,0.000618,0.000485,0.000133,6,3,4,2,0,0.0,0,0
0.001072,2,2,146,178,31,29,544776.125,664179.125,0,0,0.01,0.011,0.0,0.0,0.0,2,3,3,1,0,0.0,0,0
1.1e-05,2,0,78,0,254,0,28363636.0,0.0,0,0,0.011,0.0,0.0,0.0,0.0,20,3,5,3,2,0.0,0,1
0.40639,28,30,5096,3080,31,29,96734.66406,58623.48828,7,7,15.039815,13.993,0.00075,0.000588,0.000162,15,5,7,2,0,0.0,0,0
1.281532,12,22,1472,20072,62,252,8427.413086,119606.8438,2,8,116.502911,57.246714,0.13194,0.07875,0.05319,1,1,3,1,1,1.0,0,1
0.043555,72,74,4238,60964,31,29,767764.9375,11046447.0,7,30,0.608704,0.589822,0.000627,0.000495,0.000132,11,6,5,2,0,0.0,0,0
1.157161,14,18,1684,10168,31,29,10812.66992,66396.98438,3,5,88.984767,68.035471,0.000723,0.000555,0.000168,2,4,2,1,0,1.0,0,0
0.037995,46,48,2854,30136,31,29,587866.8125,6213238.5,7,17,0.836289,0.794851,0.000825,0.00063,0.000195,9,4,7,1,0,0.0,0,0
0.005559,22,24,1958,2308,31,29,2689692.25,3183306.25,6,6,0.248238,0.215652,0.000722,0.000588,0.000134,6,3,3,1,0,0.0,0,0
32.094074,332,746,17746,1087900,31,29,4410.284668,270814.3438,2,370,96.959972,43.07858,0.000658,0.00054,0.000118,1,2,1,2,0,1.0,0,0
0.049959,56,58,3390,44134,31,29,533237.25,6945535.5,7,22,0.902455,0.865544,0.000768,0.000613,0.000155,6,5,5,1,0,0.0,0,0
7.6e-05,1,0,60,0,0,0,0.0,0.0,0,0,0.0,0.0,0.0,0.0,0.0,9,6,6,6,2,0.0,0,1
1.009412,14,18,1684,10168,31,29,12395.33496,76115.59375,3,5,77.617462,59.329118,0.000979,0.000813,0.000166,3,1,3,1,0,1.0,0,0
7e-06,2,0,114,0,254,0,65142856.0,0.0,0,0,0.007,0.0,0.0,0.0,0.0,7,4,3,3,2,0.0,0,1
1.1e-05,2,0,114,0,254,0,41454544.0,0.0,0,0,0.011,0.0,0.0,0.0,0.0,23,7,7,7,2,0.0,0,1
2.301804,12,28,788,29468,62,252,2512.811523,98760.79688,2,11,230.091997,80.00526,0.311854,0.141657,0.170197,1,1,1,1,1,1.0,0,1
3.144727,10,10,840,1176,62,252,1923.21936,2694.033447,2,2,349.414111,334.507344,0.265542,0.133145,0.132397,2,1,1,1,1,1.0,0,1
0.242263,10,8,1244,1048,254,252,36984.59766,30281.14063,2,2,26.918111,32.347715,0.058639,0.008155,0.050484,1,1,1,1,1,1.0,0,1
0.021296,46,48,2854,29226,31,29,1048835.5,10750563.0,7,17,0.465822,0.440043,0.000768,0.000604,0.000164,5,4,4,1,0,0.0,0,0
0.554351,10,8,848,354,254,252,11025.50586,4473.700195,2,1,56.871889,74.50643,0.09851,0.032797,0.065713,1,1,1,1,1,1.0,0,1
0.001706,4,4,528,304,31,29,1856975.375,1069167.625,0,0,0.433667,0.218333,0.0,0.0,0.0,7,3,3,3,0,0.0,0,0
3e-06,2,0,104,0,254,0,138666656.0,0.0,0,0,0.003,0.0,0.0,0.0,0.0,4,1,1,1,2,0.0,0,1
1.1e-05,2,0,114,0,254,0,41454544.0,0.0,0,0,0.011,0.0,0.0,0.0,0.0,13,5,4,4,2,0.0,0,1
7e-06,2,0,104,0,254,0,59428572.0,0.0,0,0,0.007,0.0,0.0,0.0,0.0,2,3,3,3,2,0.0,0,1
0.338922,10,8,854,2184,62,252,18151.66992,45107.72656,2,2,37.658,45.94257,0.066728,0.016685,0.050043,2,1,1,1,1,0.0,0,1
0.176957,62,58,5928,8010,31,29,263702.5,355883.0625,14,17,2.949283,3.092351,0.000691,0.000558,0.000133,2,2,2,1,0,0.0,0,0
0.729303,10,8,1078,354,254,252,10651.26563,3400.50708,2,1,76.657111,90.185,0.132332,0.098001,0.034331,4,1,1,1,1,0.0,0,1
1.466755,12,16,1152,7556,62,252,5759.652832,38637.67188,3,5,128.107278,89.922069,0.178115,0.117923,0.060192,3,1,1,1,1,0.0,0,1
0.033914,46,48,2854,29218,31,29,658607.0625,6748835.5,7,17,0.746,0.700787,0.001127,0.000973,0.000154,21,1,2,1,0,0.0,0,0
0.00111,2,2,130,162,31,29,468468.5,583783.8125,0,0,0.011,0.006,0.0,0.0,0.0,2,3,2,1,0,0.0,0,0
0.001037,2,2,130,162,31,29,501446.5,624879.5,0,0,0.01,0.008,0.0,0.0,0.0,3,6,5,2,0,0.0,0,0
1.030958,14,18,1684,10168,31,29,12136.28418,74524.85156,3,5,79.241233,60.615,0.000653,0.000499,0.000154,3,5,2,1,0,1.0,0,0
0.027923,16,18,1540,1644,31,29,413709.1563,444937.875,4,4,1.8398,1.615588,0.000579,0.000455,0.000124,17,10,19,7,0,0.0,0,0
0.679688,10,8,760,2320,62,252,8050.75293,23893.31641,2,2,75.385444,91.103141,0.097982,0.041956,0.056026,1,2,5,1,1,0.0,0,1
2e-06,2,0,114,0,254,0,228000000.0,0.0,0,0,0.002,0.0,0.0,0.0,0.0,4,4,4,4,2,0.0,0,1
0.004772,4,4,568,312,31,29,714165.9375,392288.3438,0,0,1.226,1.059333,0.0,0.0,0.0,5,5,4,3,0,0.0,0,0
0.001215,6,2,2712,104,31,29,14880658.0,342386.8125,0,0,0.243,0.003,0.0,0.0,0.0,15,2,3,2,0,0.0,0,0
0.001718,4,4,520,304,31,29,1816065.125,1061699.625,0,0,0.450333,0.210333,0.0,0.0,0.0,10,6,6,3,0,0.0,0,0
0.000998,2,2,130,162,31,29,521042.0625,649298.5625,0,0,0.001,0.004,0.0,0.0,0.0,10,3,2,2,0,0.0,0,0
2e-06,2,0,264,0,60,0,528000000.0,0.0,0,0,0.002,0.0,0.0,0.0,0.0,3,3,3,3,0,0.0,0,0
1.1e-05,2,0,168,0,254,0,61090908.0,0.0,0,0,0.011,0.0,0.0,0.0,0.0,4,1,2,1,2,0.0,0,1
0.000993,2,2,132,164,31,29,531722.0625,660624.375,0,0,0.008,0.005,0.0,0.0,0.0,3,2,9,2,0,0.0,0,0
9.021347,28,20,8363,1656,62,252,7151.925293,1395.800415,10,8,334.123957,472.923406,0.104596,0.03538,0.069216,2,3,3,3,1,0.0,0,1
0.001058,2,2,130,162,31,29,491493.375,612476.375,0,0,0.011,0.009,0.0,0.0,0.0,3,2,3,1,0,0.0,0,0
0.004735,4,4,568,304,31,29,719746.5625,385216.4688,0,0,1.244333,1.056667,0.0,0.0,0.0,3,6,3,3,0,0.0,0,0
1.1e-05,2,0,114,0,254,0,41454544.0,0.0,0,0,0.011,0.0,0.0,0.0,0.0,4,4,4,4,2,0.0,0,1
0.001085,2,2,130,162,31,29,479262.6875,597235.0,0,0,0.01,0.008,0.0,0.0,0.0,1,3,2,1,0,0.0,0,0
0.00459,22,14,1470,1728,31,29,2447058.75,2797385.5,5,4,0.218571,0.288846,0.000846,0.000678,0.000168,1,3,3,1,0,0.0,0,0
8e-06,2,0,114,0,254,0,57000000.0,0.0,0,0,0.008,0.0,0.0,0.0,0.0,4,1,1,1,2,0.0,0,1
0.100836,128,126,12752,13306,31,29,1003847.813,1047324.375,35,33,0.793984,0.80775,0.000675,0.000546,0.000129,1,2,3,1,0,0.0,0,0
0.001017,2,2,146,178,31,29,574238.0,700098.375,0,0,0.011,0.005,0.0,0.0,0.0,2,2,2,2,0,0.0,0,0
0.591349,10,6,1150,268,254,252,14001.88379,3030.359375,2,1,58.262889,104.859398,0.213839,0.067051,0.146788,2,1,3,3,1,1.0,0,1
0.001003,2,2,146,178,31,29,582253.25,709870.4375,0,0,0.01,0.002,0.0,0.0,0.0,3,3,5,1,0,0.0,0,0
0.01939,8,10,1040,824,31,29,375451.25,306137.1875,2,2,2.716571,2.097778,0.00069,0.000508,0.000182,1,3,2,1,0,1.0,0,0
0.003973,8,10,1040,824,31,29,1832368.375,1494085.0,2,2,0.514857,0.378556,0.000694,0.000561,0.000133,2,2,5,1,0,1.0,0,0
0.249409,10,6,1802,268,254,252,52026.99219,7184.985352,2,1,25.427222,47.522801,0.061852,0.011787,0.050065,2,1,1,1,1,1.0,0,1
0.219686,10,8,988,1022,254,252,32409.89453,32591.97266,2,2,24.409556,28.020143,0.039045,0.016697,0.022348,2,1,2,1,1,1.0,0,1
0.027907,52,40,37346,3276,31,29,10500018.0,915899.1875,18,8,0.539941,0.703487,0.000602,0.000468,0.000134,2,5,3,1,0,0.0,0,0
0.044185,122,126,7806,15226,31,29,1401923.625,2735045.75,30,32,0.362116,0.348984,0.000706,0.000556,0.00015,14,1,10,1,0,0.0,0,0
1e-06,2,0,200,0,254,0,66666664.0,0.0,0,0,0.012,0.0,0.0,0.0,0.0,12,6,6,6,2,0.0,0,1
0.420297,10,6,876,268,254,252,15017.95215,4263.651855,2,1,46.615556,68.468398,0.157319,0.077953,0.079366,2,1,3,1,1,1.0,0,1
0.020884,56,58,3390,42080,31,29,1275617.75,15841793.0,7,22,0.373873,0.361375,0.000794,0.000637,0.000157,6,2,2,1,0,0.0,0,0
0.004155,12,12,1036,2262,31,29,1829121.5,3993261.0,4,4,0.344455,0.327091,0.000694,0.000547,0.000147,7,2,1,1,0,0.0,0,0
0.001153,2,2,130,162,31,29,450997.375,562012.125,0,0,0.011,0.001,0.0,0.0,0.0,1,4,1,1,0,0.0,0,0
0.254793,8,6,462,910,254,252,12716.20508,23831.11133,0,1,36.399,23.5554,0.0,0.0,0.0,1,1,1,1,1,0.0,0,1
4e-06,2,0,200,0,254,0,200000000.0,0.0,0,0,0.004,0.0,0.0,0.0,0.0,14,2,2,2,2,0.0,0,1
0.280438,12,20,1084,20934,62,252,28355.64258,567341.0625,2,8,25.494364,14.050263,0.071707,0.012736,0.058971,1,1,1,1,1,1.0,0,1
0.547781,10,6,3354,268,254,252,44090.61328,3271.380371,2,1,60.864556,99.419398,0.109056,0.050072,0.058984,1,1,1,1,1,0.0,0,1
8e-06,2,0,200,0,254,0,100000000.0,0.0,0,0,0.008,0.0,0.0,0.0,0.0,10,5,4,4,2,0.0,0,1
0.014107,44,44,2750,27746,31,29,1524349.625,15377330.0,7,16,0.320209,0.315605,0.000665,0.000532,0.000133,3,2,3,1,0,0.0,0,0
1.081061,36,22,26514,1874,62,252,190760.75,13238.8457,15,8,30.88363,49.214715,0.110257,0.04754,0.062717,1,1,3,1,1,0.0,0,1
1.178061,12,18,1580,10168,31,29,9839.897461,65219.03125,3,5,107.063182,69.263822,0.000729,0.000571,0.000158,2,5,4,1,0,1.0,0,0
1e-05,2,0,114,0,254,0,45600000.0,0.0,0,0,0.01,0.0,0.0,0.0,0.0,14,7,7,7,2,0.0,0,1
0.886944,10,10,912,4910,62,252,7405.202637,39858.21094,2,3,98.438222,88.451444,0.150716,0.090878,0.059838,1,2,18,1,1,1.0,0,1
1.225246,10,8,706,354,254,252,4152.635742,2024.083374,2,1,136.138444,148.461422,0.279623,0.185198,0.094425,1,1,1,1,1,0.0,0,1
1.9e-05,2,0,200,0,254,0,100000000.0,0.0,0,0,0.008,0.0,0.0,0.0,0.0,10,4,11,4,2,0.0,0,1
6.526856,460,858,25784,1094788,31,29,31534.9375,1340324.375,38,390,14.21895,7.615364,0.000612,0.000485,0.000127,16,2,1,1,0,0.0,0,0
0.492426,10,10,836,4362,62,252,12233.30957,63782.17188,2,3,54.714,47.645333,0.114647,0.063572,0.051075,1,1,2,1,1,1.0,0,1
0.001046,2,2,146,178,31,29,558317.375,680688.3125,0,0,0.011,0.008,0.0,0.0,0.0,2,3,3,2,0,0.0,0,0
0.593171,16,10,8466,1780,254,252,107045.0156,21605.91211,5,3,39.535667,56.213668,0.118509,0.087239,0.03127,1,1,1,1,1,1.0,0,1
0.000979,2,2,146,178,31,29,596527.0625,727272.75,0,0,0.007,0.007,0.0,0.0,0.0,3,2,6,1,0,0.0,0,0
0.014949,44,46,2766,28892,31,29,1447053.25,15125560.0,7,16,0.340302,0.3178,0.000779,0.000638,0.000141,9,3,4,1,0,0.0,0,0
7.146575,2,0,200,0,254,0,200000000.0,0.0,0,0,0.004,0.0,0.0,0.0,0.0,12,2,2,2,2,0.0,0,1
0.001094,2,2,130,162,31,29,475319.9375,592321.8125,0,0,0.01,0.009,0.0,0.0,0.0,3,4,3,1,0,0.0,0,0
1.1e-05,2,0,114,0,254,0,41454544.0,0.0,0,0,0.011,0.0,0.0,0.0,0.0,3,5,3,3,2,0.0,0,1
1.005814,12,18,1580,10168,31,29,11524.99414,76387.88281,3,5,91.407997,59.136767,0.000609,0.000484,0.000125,2,3,6,1,0,1.0,0,0
0.001015,2,2,130,162,31,29,512315.25,638423.625,0,0,0.011,0.002,0.0,0.0,0.0,2,6,5,1,0,0.0,0,0
0.808876,14,8,6830,354,254,252,62733.96875,3065.98291,4,1,58.427077,99.131711,0.275979,0.114953,0.161026,6,1,2,1,1,0.0,0,1
1.1e-05,2,0,168,0,254,0,61090908.0,0.0,0,0,0.011,0.0,0.0,0.0,0.0,2,1,1,1,2,0.0,0,1
1.043213,10,8,566,354,254,252,3910.994141,2377.270996,2,1,115.812333,137.142422,0.149228,0.083213,0.066015,2,2,3,2,1,1.0,0,1
0.005636,18,18,3672,2456,31,29,4922640.0,3293115.75,7,7,0.311824,0.303529,0.001075,0.000472,0.000603,14,4,5,3,0,0.0,0,0
0.533068,8,12,424,8824,31,29,5567.77002,121395.3906,1,4,76.098288,48.411637,0.000686,0.000534,0.000152,3,3,2,2,0,0.0,0,0
1e-05,2,0,200,0,254,0,80000000.0,0.0,0,0,0.01,0.0,0.0,0.0,0.0,8,3,6,3,2,0.0,0,1
1.1e-05,2,0,168,0,254,0,61090908.0,0.0,0,0,0.011,0.0,0.0,0.0,0.0,1,1,1,1,2,0.0,0,1
0.421834,10,8,832,1318,62,252,14204.63965,21885.38672,2,2,46.870444,53.843285,0.036013,0.0233,0.012713,1,1,1,1,1,1.0,0,1
0.037157,22,24,2054,2478,31,29,422208.4688,511343.7813,6,6,1.752143,1.586652,0.000787,0.000631,0.000156,5,1,1,1,0,0.0,0,0
0.501631,16,6,11208,268,254,252,167581.3438,3572.346924,5,1,33.442065,78.660398,0.150786,0.107961,0.042825,1,1,1,1,1,1.0,0,1
0.170949,10,6,844,268,254,252,35566.16406,10482.65918,2,1,18.900556,29.294199,0.078723,0.024473,0.05425,1,1,1,1,1,1.0,0,1
0.004908,18,18,3976,2456,31,29,6122249.0,3781581.0,7,7,0.270059,0.257706,0.00066,0.000523,0.000137,4,6,5,3,0,0.0,0,0
0.394501,10,8,790,926,62,252,14418.21484,16446.0918,2,2,43.833444,50.713855,0.097179,0.035655,0.061524,1,1,4,1,1,0.0,0,1
0.012809,34,36,2230,14042,31,29,1352174.25,8526505.0,7,11,0.378303,0.350229,0.000697,0.000548,0.000149,11,2,12,1,0,0.0,0,0
1e-05,2,0,200,0,254,0,80000000.0,0.0,0,0,0.01,0.0,0.0,0.0,0.0,12,4,5,4,2,0.0,0,1
0.028017,60,62,3598,47460,31,29,1010529.375,13333334.0,7,24,0.467339,0.446164,0.000955,0.00079,0.000165,11,3,3,1,0,0.0,0,0
0.043016,90,92,5174,90666,31,29,951645.875,16678631.0,7,39,0.479506,0.465714,0.00077,0.000617,0.000153,8,2,6,1,0,0.0,0,0
0.019073,16,18,1540,1644,31,29,605672.9375,651392.0,4,4,1.250267,1.094,0.000594,0.000471,0.000123,12,5,6,4,0,0.0,0,0
0.71521,18,10,11898,5442,62,252,125691.75,54786.70313,6,3,42.071176,73.129889,0.115953,0.040811,0.075142,2,1,1,1,1,1.0,0,1
1.009763,14,18,1684,10168,31,29,12391.02637,76089.14063,3,5,77.642695,59.366588,0.000649,0.000527,0.000122,2,3,2,2,0,4.0,0,0
1.004685,12,18,1580,10168,31,29,11537.94434,76473.71875,3,5,91.304003,59.067293,0.000719,0.000534,0.000185,3,2,7,1,0,1.0,0,0
0.191488,10,6,768,268,254,252,28910.42773,9358.289062,2,1,19.692222,36.494,0.055525,0.009013,0.046512,1,1,1,1,1,1.0,0,1
0.172933,12,6,4940,268,254,252,209514.6719,10362.39453,3,1,15.721181,33.196602,0.049561,0.006135,0.043426,1,1,1,1,1,1.0,0,1
2e-06,2,0,114,0,254,0,228000000.0,0.0,0,0,0.002,0.0,0.0,0.0,0.0,13,5,4,4,2,0.0,0,1
0.212493,10,6,832,268,254,252,28198.57617,8433.21875,2,1,22.154222,32.225199,0.07816,0.051358,0.026802,1,1,31,1,1,1.0,0,1
0.001101,2,2,146,178,31,29,530426.875,646684.8125,0,0,0.011,0.006,0.0,0.0,0.0,2,3,1,1,0,0.0,0,0
0.963727,14,36,964,42940,62,252,7437.791016,346554.5625,2,16,74.132849,20.371828,0.313504,0.24998,0.063524,1,1,1,1,1,1.0,0,1
0.509117,12,8,1058,752,254,252,15242.07617,10339.46973,3,2,43.749089,64.139145,0.120684,0.060137,0.060547,6,2,1,1,1,0.0,0,1
0.003043,6,8,320,1934,31,29,701938.875,4450871.0,1,2,0.541,0.357,0.000694,0.00054,0.000154,3,4,6,4,0,0.0,0,0
0.015008,44,46,2750,27620,31,29,1432835.875,14402985.0,7,16,0.349714,0.3192,0.00077,0.000632,0.000138,11,4,5,3,0,0.0,0,0
0.088099,68,70,4014,60268,31,29,359141.4063,5394658.0,7,28,1.309522,1.267044,0.000914,0.000663,0.000251,7,5,4,2,0,0.0,0,0
4e-06,2,0,224,0,254,0,224000000.0,0.0,0,0,0.004,0.0,0.0,0.0,0.0,18,7,7,7,2,0.0,0,1
0.085056,74,74,4342,65288,31,29,402934.5313,6057750.0,7,30,1.160589,1.172028,0.000802,0.000659,0.000143,7,3,5,2,0,0.0,0,0
0.001133,2,2,146,178,31,29,515445.7188,628420.125,0,0,0.01,0.001,0.0,0.0,0.0,2,5,4,2,0,0.0,0,0
0.02019,44,44,2766,26482,31,29,1071421.5,10254977.0,7,16,0.461465,0.457651,0.000828,0.000507,0.000321,9,2,6,1,0,0.0,0,0
0.006321,22,24,1958,2308,31,29,2365448.5,2799557.0,6,6,0.284,0.22513,0.001254,0.001132,0.000122,5,5,1,1,0,0.0,0,0
1.1e-05,2,0,168,0,254,0,61090908.0,0.0,0,0,0.011,0.0,0.0,0.0,0.0,1,1,1,1,2,0.0,0,1
4e-06,2,0,200,0,254,0,200000000.0,0.0,0,0,0.004,0.0,0.0,0.0,0.0,10,2,2,2,2,0.0,0,1
0.001159,2,2,130,162,31,29,448662.6563,559102.6875,0,0,0.011,0.009,0.0,0.0,0.0,4,3,3,1,0,0.0,0,0
0.995829,10,8,564,354,254,252,4081.021973,2490.387451,2,1,106.081222,129.816141,0.174119,0.087106,0.087013,3,1,1,1,1,0.0,0,1
0.021627,16,18,1540,1644,31,29,534147.125,574467.125,4,4,1.420933,1.243823,0.00061,0.000478,0.000132,20,10,11,7,0,0.0,0,0
6e-06,2,0,104,0,254,0,69333328.0,0.0,0,0,0.006,0.0,0.0,0.0,0.0,14,3,5,3,2,0.0,0,1
1e-05,2,0,200,0,254,0,80000000.0,0.0,0,0,0.01,0.0,0.0,0.0,0.0,10,6,9,5,2,0.0,0,1
1.1e-05,2,0,200,0,254,0,72727272.0,0.0,0,0,0.011,0.0,0.0,0.0,0.0,8,2,2,2,2,0.0,0,1
1e-05,2,0,114,0,254,0,45600000.0,0.0,0,0,0.01,0.0,0.0,0.0,0.0,13,6,6,6,2,0.0,0,1
0.485838,52,40,37136,3276,31,29,599739.0,52610.12891,18,8,9.519333,12.443077,0.000687,0.000554,0.000133,2,3,3,1,0,0.0,0,0
0.005965,22,24,2054,2478,31,29,2630008.25,3185247.25,6,6,0.265905,0.232043,0.000752,0.000616,0.000136,1,3,2,1,0,0.0,0,0
0.091732,66,68,3926,55268,31,29,337243.25,4749138.5,7,27,1.406385,1.360657,0.0007,0.000564,0.000136,13,1,2,1,0,0.0,0,0
1.157545,14,8,8316,354,254,252,53368.12109,2142.465332,4,1,85.826309,153.767719,0.177844,0.081161,0.096683,1,1,2,1,1,1.0,0,1
0.901388,10,8,1698,354,254,252,13570.18262,2751.3125,2,1,100.154222,114.314711,0.137824,0.077509,0.060315,2,1,1,1,1,0.0,0,1
1.177081,14,18,1684,10168,31,29,10629.68457,65273.33203,3,5,90.518462,69.21,0.000644,0.000506,0.000138,1,3,1,2,0,1.0,0,0
0.004524,4,4,568,312,31,29,753315.625,413793.0938,0,0,1.174667,1.022,0.0,0.0,0.0,3,2,1,1,0,0.0,0,0
1.037605,84,16,101824,698,254,252,775724.8125,5050.091309,39,1,12.486952,64.856934,0.121203,0.06475,0.056453,3,1,1,1,1,0.0,0,1
0.156359,16,18,1244,2574,31,29,59708.74609,124380.4297,4,4,10.400533,9.160529,0.000757,0.000619,0.000138,7,3,1,1,0,0.0,0,0
0.003938,8,10,1038,820,31,29,1846622.625,1499238.125,2,2,0.514714,0.378778,0.000656,0.000525,0.000131,1,4,7,3,0,1.0,0,0
0.381853,12,8,1302,1166,254,252,25014.86133,21390.42969,3,2,32.387727,53.209145,0.05618,0.009374,0.046806,1,1,1,1,1,1.0,0,1
0.064893,48,50,2974,30514,31,29,359114.25,3686561.0,7,18,1.373766,1.31151,0.000782,0.000624,0.000158,6,2,4,1,0,0.0,0,0
1.848912,102,96,10728,11042,31,29,45964.32813,47279.69922,28,25,18.306059,19.453663,0.000847,0.000685,0.000162,13,14,13,6,0,0.0,0,0
0.000995,2,2,146,178,31,29,586934.6875,715577.875,0,0,0.004,0.005,0.0,0.0,0.0,1,1,6,1,0,0.0,0,0
5e-06,2,0,114,0,254,0,91200000.0,0.0,0,0,0.005,0.0,0.0,0.0,0.0,8,4,10,4,2,0.0,0,1
0.025733,54,56,3302,40550,31,29,1007577.813,12381300.0,7,21,0.480075,0.458836,0.00062,0.00049,0.00013,8,1,2,1,0,0.0,0,0
0.004878,18,18,4168,2456,31,29,6456744.5,3804838.25,7,7,0.267647,0.256706,0.000634,0.00051,0.000124,9,2,4,2,0,0.0,0,0
0.561655,10,8,1126,1508,62,252,14443.03027,18801.57813,2,2,62.406111,66.202141,0.141909,0.09759,0.044319,2,1,1,1,1,1.0,0,1
1.012314,14,18,1684,10168,31,29,12359.80176,75897.39844,3,5,77.840923,59.445706,0.00191,0.001732,0.000178,1,2,1,1,0,1.0,0,0
0.000959,2,2,146,178,31,29,608967.6875,742440.0,0,0,0.004,0.005,0.0,0.0,0.0,12,1,1,1,0,0.0,0,0
0.0,6,0,384,0,1,0,51.195526,0.0,0,0,10000.874,0.0,0.0,0.0,0.0,2,3,2,2,0,0.0,0,0
1.433598,242,438,13870,548216,31,29,77081.57813,3052264.25,21,197,5.947133,3.279252,0.000754,0.000561,0.000193,8,3,5,1,0,0.0,0,0
11.190808,370,746,19722,1087890,31,29,14060.8252,776660.25,2,370,30.326542,15.020412,0.000709,0.000593,0.000116,1,2,1,1,0,1.0,0,0
0.638874,14,6,8928,320,31,29,103820.1563,3343.382324,4,1,49.144155,127.650602,0.000653,0.000486,0.000167,7,4,2,1,0,0.0,0,0
0.050349,52,42,37210,3380,31,29,5798725.0,524340.125,18,8,0.979686,1.214683,0.000685,0.000536,0.000149,2,3,3,1,0,0.0,0,0
0.935014,10,8,756,354,254,252,5826.650879,2652.366699,2,1,103.877333,123.758,0.118054,0.068698,0.049356,2,3,1,1,1,0.0,0,1
0.548088,10,6,1740,268,254,252,22857.64258,3269.547852,2,1,56.419333,94.741602,0.157348,0.074369,0.082979,1,1,2,1,1,0.0,0,1
0.439168,10,8,826,354,254,252,13552.89941,5647.041504,2,1,47.225111,61.198855,0.079399,0.010767,0.068632,1,1,1,2,1,1.0,0,1
4e-06,2,0,200,0,254,0,200000000.0,0.0,0,0,0.004,0.0,0.0,0.0,0.0,23,8,8,8,2,0.0,0,1
0.122374,22,24,1920,4312,31,29,119829.375,270188.125,6,6,5.809143,5.292392,0.000773,0.000637,0.000136,7,1,1,1,0,0.0,0,0
1.47387,122,126,7794,15032,31,29,41962.99609,80946.07813,30,32,12.177347,11.78664,0.000648,0.000536,0.000112,8,3,2,1,0,0.0,0,0
1.1e-05,2,0,75,0,254,0,27636364.0,0.0,0,0,0.011,0.0,0.0,0.0,0.0,8,2,2,2,2,0.0,0,1
4e-06,2,0,200,0,254,0,160000000.0,0.0,0,0,0.005,0.0,0.0,0.0,0.0,22,4,6,4,2,0.0,0,1
50.004375,6,0,384,0,1,0,51.195518,0.0,0,0,10000.874,0.0,0.0,0.0,0.0,2,4,2,2,0,0.0,0,0
1.724917,16,18,1540,1644,31,29,6697.133789,7202.665039,4,4,114.97227,101.435234,0.000623,0.000514,0.000109,13,8,10,7,0,0.0,0,0
1.320121,10,8,800,354,254,252,4363.236328,1878.615601,2,1,141.116,175.283,0.203945,0.093138,0.110807,1,2,1,1,1,1.0,0,1
1.00482,12,18,1580,10168,31,29,11536.39453,76463.44531,3,4,91.314634,59.076585,0.000662,0.00051,0.000152,2,5,3,2,0,1.0,0,0
5e-06,2,0,1684,0,254,0,1347200000.0,0.0,0,0,0.005,0.0,0.0,0.0,0.0,7,1,2,1,2,0.0,0,1
0.001001,2,2,132,164,31,29,527472.5,655344.625,0,0,0.006,0.008,0.0,0.0,0.0,1,3,7,1,0,0.0,0,0
0.758607,10,8,2832,354,254,252,26880.84961,3269.150146,2,1,80.815,102.217,0.100309,0.043079,0.05723,2,1,2,1,1,1.0,0,1
0.001042,2,2,146,178,31,29,560460.625,683301.3125,0,0,0.007,0.008,0.0,0.0,0.0,3,5,2,1,0,0.0,0,0
0.035986,44,46,2750,27294,31,29,597565.75,5935864.0,7,16,0.828674,0.787533,0.000667,0.000543,0.000124,8,1,7,1,0,0.0,0,0
0.162772,52,42,37274,3380,31,29,1796771.0,162190.0625,18,8,3.184784,3.95761,0.000653,0.000503,0.00015,6,1,3,1,0,0.0,0,0
0.000957,2,2,130,162,31,29,543364.6875,677116.0,0,0,0.011,0.008,0.0,0.0,0.0,2,5,3,1,0,0.0,0,0
4.070074,52,54,2934,3742,31,29,5656.899414,7219.524414,11,15,79.7991,76.784852,0.000941,0.000476,0.000465,1,8,5,3,0,0.0,0,0
0.315013,28,28,4208,2976,31,29,103056.0703,72885.88281,7,7,11.64563,11.647223,0.000648,0.000528,0.00012,7,3,5,3,0,0.0,0,0
0.440349,10,6,588,268,254,252,9628.725586,4069.499268,2,1,46.541889,72.969,0.132404,0.075501,0.056903,5,2,2,2,1,0.0,0,1
5e-06,2,0,188,0,254,0,150400000.0,0.0,0,0,0.005,0.0,0.0,0.0,0.0,1,1,2,1,2,0.0,0,1
1.616744,112,20,136021,870,254,252,667054.25,4092.175293,53,1,14.324756,81.372687,0.140013,0.070654,0.069359,1,1,1,1,1,1.0,0,1
0.540487,10,6,992,268,254,252,13217.70898,3315.528564,2,1,53.580111,91.541797,0.211656,0.082775,0.128881,2,1,1,2,1,1.0,0,1
0.491194,10,6,1206,268,254,252,17687.51172,3648.25293,2,1,48.573556,81.629398,0.154152,0.083042,0.07111,1,1,2,1,1,1.0,0,1
0.01982,44,46,2766,27384,31,29,1091422.875,10812917.0,7,16,0.45386,0.425889,0.000815,0.000651,0.000164,4,3,2,1,0,0.0,0,0
0.007628,24,26,2062,2424,31,29,2073413.75,2444677.5,6,7,0.316609,0.28368,0.000806,0.000525,0.000281,10,1,5,1,0,0.0,0,0
1.259861,10,8,798,1096,62,252,4565.583008,6089.560547,2,2,139.884333,165.680578,0.249324,0.100089,0.149235,5,1,2,4,1,1.0,0,1
0.697469,8,8,364,776,62,252,3658.944092,7788.159668,1,2,99.638426,93.221859,0.064427,0.044228,0.020199,1,5,2,2,1,0.0,0,1
0.509126,16,54,1498,64713,62,252,22077.04883,998024.0625,2,25,33.941733,9.419113,0.056335,0.009193,0.047142,1,1,1,1,1,1.0,0,1
0.004072,12,12,1064,2260,31,29,1917485.375,4070727.0,4,4,0.337,0.320727,0.000667,0.000533,0.000134,1,5,1,1,0,0.0,0,0
1.3e-05,2,0,1844,0,254,0,567384640.0,0.0,0,0,0.013,0.0,0.0,0.0,0.0,8,2,3,2,2,0.0,0,1
1.004928,12,18,1580,10168,31,29,11535.15527,76455.22656,3,5,91.325185,59.080114,0.000737,0.000561,0.000176,2,4,3,1,0,1.0,0,0
4.552847,216,406,12450,510100,31,29,21776.26563,894111.3125,19,183,21.174562,11.240351,0.000646,0.000504,0.000142,8,1,1,1,0,0.0,0,0
0.005919,6,8,320,1898,31,29,360871.75,2244973.75,1,2,1.1166,0.778571,0.000625,0.000467,0.000158,1,1,2,1,0,0.0,0,0
0.532539,10,10,2116,3718,254,252,28617.62109,50279.88281,2,3,59.171,47.763222,0.150121,0.06185,0.088271,1,1,1,1,1,1.0,0,1
2.317455,128,126,12752,13306,31,29,43678.94922,45570.67969,35,33,18.247678,18.683259,0.000767,0.000605,0.000162,12,10,15,7,0,0.0,0,0
2.63622,12,8,892,1220,62,252,2482.342041,3241.00415,2,2,239.656352,368.727719,0.082827,0.054541,0.028286,2,2,2,2,1,1.0,0,1
0.024157,38,38,2438,16920,31,29,786190.3125,5455975.5,7,12,0.644054,0.639703,0.000646,0.000484,0.000162,11,3,4,1,0,0.0,0,0
0.665135,10,6,520,268,254,252,5628.932129,2694.189697,2,1,70.017444,110.979,0.238031,0.11023,0.127801,2,1,1,1,1,0.0,0,1
0.162751,72,74,4238,61794,31,29,205467.25,2996430.0,7,30,2.287437,2.222068,0.000672,0.000536,0.000136,7,2,3,1,0,0.0,0,0
4e-06,2,0,114,0,254,0,114000000.0,0.0,0,0,0.004,0.0,0.0,0.0,0.0,13,2,2,2,2,0.0,0,1
0.003819,8,10,1032,822,31,29,1891594.625,1550144.0,2,2,0.497429,0.371667,0.000581,0.000469,0.000112,1,3,7,2,0,1.0,0,0
4e-06,2,0,114,0,254,0,114000000.0,0.0,0,0,0.004,0.0,0.0,0.0,0.0,18,7,7,7,2,0.0,0,1
0.014809,44,46,2750,27294,31,29,1452089.875,14424201.0,7,16,0.33693,0.317667,0.000648,0.00051,0.000138,8,4,2,1,0,0.0,0,0
0.490768,52,40,37178,3276,31,29,594399.0,52081.63672,18,8,9.615588,12.571308,0.000611,0.000484,0.000127,1,3,5,1,0,0.0,0,0
0.223487,11,4,8768,208,31,29,285332.0313,5584.217285,1,0,22.348699,58.048,0.0,0.0,0.0,12,20,21,13,0,0.0,0,0
0.357757,12,8,1022,740,254,252,20952.76953,14490.28223,3,2,31.637999,43.43543,0.101275,0.053698,0.047577,8,3,3,3,1,0.0,0,1
0.013073,22,24,1958,2308,31,29,1143731.375,1353629.625,6,6,0.605429,0.540522,0.000757,0.00063,0.000127,10,3,2,1,0,0.0,0,0
0.012769,40,42,2558,23470,31,29,1563160.875,14354766.0,7,14,0.319,0.297366,0.000705,0.000573,0.000132,3,3,3,1,0,0.0,0,0
14.555942,333,700,17320,1021788,31,29,9490.557617,560776.625,0,341,43.842188,20.821217,0.0,0.0,0.0,32,16,22,13,0,0.0,0,0
2.563248,48,52,3744,19084,31,29,11441.7334,58416.51172,11,15,54.528767,50.237294,0.001283,0.001139,0.000144,5,4,3,1,0,0.0,0,0
1.337939,14,18,1684,10168,31,29,9351.696289,57425.63672,3,5,102.890849,78.669941,0.00067,0.000544,0.000126,1,11,4,4,0,6.0,0,0
0.005539,8,10,1044,824,31,29,1320093.875,1071673.625,2,2,0.734714,0.553444,0.000699,0.000555,0.000144,2,3,7,1,0,1.0,0,0
0.494562,10,8,804,1412,62,252,11711.37305,19993.44922,2,2,54.951333,55.698,0.14505,0.076488,0.068562,1,1,1,1,1,1.0,0,1
1.14606,14,18,1684,10168,31,29,10917.4043,67040.11719,3,5,88.132233,67.382353,0.000694,0.000557,0.000137,3,1,1,1,0,1.0,0,0
0.23755,10,8,844,3230,62,252,25594.61133,95205.21875,2,2,26.394444,32.822145,0.051663,0.007062,0.044601,1,1,1,1,1,1.0,0,1
8e-06,2,0,200,0,254,0,100000000.0,0.0,0,0,0.008,0.0,0.0,0.0,0.0,10,5,4,4,2,0.0,0,1
0.277943,10,8,830,1052,62,252,21500.8125,26509.0332,2,2,30.882556,34.307145,0.111024,0.027802,0.083222,2,1,1,1,1,1.0,0,1
0.00102,2,2,146,178,31,29,572549.0625,698039.25,0,0,0.007,0.009,0.0,0.0,0.0,4,3,5,3,0,0.0,0,0
0.076857,78,80,4550,74896,31,29,467569.625,7698453.0,7,33,0.993662,0.977077,0.000777,0.000641,0.000136,5,4,7,1,0,0.0,0,0
1.203151,10,12,820,8124,62,252,4907.114746,49516.64453,2,3,133.613222,98.105091,0.246588,0.123994,0.122594,1,1,2,1,1,1.0,0,1
0.26558,20,8,17266,354,254,252,494103.4688,9338.052734,7,1,13.030421,31.107715,0.067535,0.047818,0.019717,9,2,2,2,1,0.0,0,1
5e-06,2,0,114,0,254,0,91200000.0,0.0,0,0,0.005,0.0,0.0,0.0,0.0,10,4,5,4,2,0.0,0,1
0.171846,54,56,3302,40932,31,29,150879.2813,1871536.125,7,21,3.236491,3.114236,0.000692,0.000559,0.000133,7,4,6,2,0,0.0,0,0
1.1e-05,2,0,114,0,254,0,41454544.0,0.0,0,0,0.011,0.0,0.0,0.0,0.0,7,4,5,4,2,0.0,0,1
1.2e-05,2,0,346,0,254,0,115333328.0,0.0,0,0,0.012,0.0,0.0,0.0,0.0,17,6,6,6,2,0.0,0,1
0.605987,10,8,830,1302,62,252,9861.597656,15049.82715,2,2,67.331889,79.83043,0.10545,0.04634,0.05911,7,1,1,1,1,0.0,0,1
0.099015,84,86,4862,82360,31,29,388224.0313,6577024.0,7,36,1.188976,1.158176,0.000747,0.000565,0.000182,4,4,2,2,0,0.0,0,0
0.026832,64,66,3806,51314,31,29,1117173.5,15067681.0,7,26,0.420778,0.404046,0.000699,0.000558,0.000141,6,2,3,1,0,0.0,0,0
0.051004,72,74,4222,61786,31,29,653125.25,9560348.0,7,30,0.713521,0.690795,0.00093,0.000565,0.000365,14,2,9,2,0,0.0,0,0
0.700571,60,14,68201,612,254,252,765832.4375,6497.557129,27,1,11.615187,50.128078,0.102278,0.048896,0.053382,2,1,1,1,1,1.0,0,1
1.1e-05,2,0,114,0,254,0,41454544.0,0.0,0,0,0.011,0.0,0.0,0.0,0.0,15,7,7,7,2,0.0,0,1
0.003932,8,10,1044,824,31,29,1859613.375,1509664.25,2,2,0.511143,0.377667,0.000671,0.000529,0.000142,3,6,11,1,0,1.0,0,0
0.000983,2,2,146,178,31,29,594099.6875,724313.3125,0,0,0.011,0.005,0.0,0.0,0.0,5,3,2,1,0,0.0,0,0
1.010921,10,10,836,1274,62,252,5958.922363,9076.871094,2,2,112.324556,100.136891,0.174695,0.082695,0.092,3,1,1,1,1,0.0,0,0
4.380751,340,746,18162,1087890,31,29,33070.12891,1984010.5,2,370,12.921646,5.879404,0.000734,0.000593,0.000141,5,3,2,2,0,0.0,0,0
0.252257,10,10,798,6214,62,252,22802.14258,177374.6719,2,3,28.028556,26.444333,0.060377,0.013619,0.046758,1,1,1,1,1,1.0,0,1
0.000997,2,2,146,178,31,29,585757.25,714142.4375,0,0,0.004,0.004,0.0,0.0,0.0,4,4,7,2,0,0.0,0,0
1.150414,14,18,1684,10168,31,29,10876.08496,66786.39063,3,5,88.464233,67.638647,0.000711,0.000552,0.000159,10,5,2,1,0,0.0,0,0
0.38809,10,6,932,268,254,252,17294.95703,4617.485352,2,1,43.121111,66.543602,0.083597,0.054697,0.0289,1,1,1,1,1,1.0,0,1
0.004477,22,14,1470,1728,31,29,2508823.0,2867992.0,5,4,0.21319,0.291077,0.000736,0.000554,0.000182,5,2,3,1,0,0.0,0,0
1.943792,122,126,7812,14870,31,29,31888.18555,60714.31641,30,32,16.061743,15.5466,0.000612,0.000466,0.000146,4,16,3,3,0,0.0,0,0
0.175849,10,6,896,268,254,252,36713.31641,10190.56055,2,1,19.538778,32.846,0.052971,0.006967,0.046004,1,1,1,1,1,1.0,0,1
0.001038,2,2,146,178,31,29,562620.4375,685934.5,0,0,0.01,0.001,0.0,0.0,0.0,3,2,4,1,0,0.0,0,0
5e-06,2,0,114,0,254,0,91200000.0,0.0,0,0,0.005,0.0,0.0,0.0,0.0,10,7,7,7,2,0.0,0,1
1.1e-05,2,0,114,0,254,0,41454544.0,0.0,0,0,0.011,0.0,0.0,0.0,0.0,7,4,3,3,2,0.0,0,1
22.635181,28,0,12832,0,254,0,4373.369141,0.0,0,0,838.34,0.0,0.0,0.0,0.0,2,2,2,2,2,0.0,0,1
1.1e-05,2,0,114,0,254,0,41454544.0,0.0,0,0,0.011,0.0,0.0,0.0,0.0,16,7,7,7,2,0.0,0,1
2.479147,10,10,1136,1224,254,252,3301.135498,3556.061768,2,2,275.357889,267.919125,0.140644,0.067872,0.072772,2,1,2,1,1,1.0,0,1
0.461101,10,6,938,268,254,252,14660.5625,3886.350342,2,1,48.761333,68.86,0.176574,0.116798,0.059776,1,2,10,1,1,1.0,0,1
0.086982,72,74,4238,60892,31,29,384447.375,5524821.5,7,30,1.22062,1.181329,0.000914,0.000734,0.00018,11,1,7,1,0,0.0,0,0
0.60502,10,8,814,1234,62,252,9692.242188,14280.51953,2,2,67.224444,67.01357,0.188657,0.115083,0.073574,2,1,1,2,1,1.0,0,1
1.017052,14,18,1684,10168,31,29,12302.22168,75543.82031,3,5,78.206233,59.793706,0.000685,0.000549,0.000136,3,2,1,1,0,1.0,0,0
0.023325,40,44,2542,23258,31,29,850246.5,7795927.0,7,14,0.589128,0.528791,0.000731,0.000582,0.000149,2,1,1,1,0,0.0,0,0
0.002416,4,4,528,304,31,29,1311258.25,754966.875,0,0,0.465,0.430333,0.0,0.0,0.0,7,4,4,3,0,0.0,0,0
0.061039,54,42,37998,3380,31,29,4888022.5,432510.3438,19,8,1.144792,1.475219,0.000703,0.000551,0.000152,2,1,1,1,0,0.0,0,0
0.004892,18,18,4488,2456,31,29,6932134.0,3793949.25,7,7,0.268824,0.256765,0.000657,0.000524,0.000133,6,4,3,3,0,0.0,0,0
1.1e-05,2,0,114,0,254,0,41454544.0,0.0,0,0,0.011,0.0,0.0,0.0,0.0,6,2,4,2,2,0.0,0,1
0.317067,14,6,8564,268,62,252,200664.2188,5651.802246,4,1,24.306923,49.705602,0.114145,0.068531,0.045614,1,2,2,5,1,1.0,0,1
0.030675,52,54,3182,38766,31,29,813952.75,9923130.0,7,20,0.594059,0.568472,0.00069,0.00054,0.00015,11,1,2,1,0,0.0,0,0
0.210016,10,6,974,268,254,252,33406.98047,8532.683594,2,1,23.335111,36.925602,0.027249,0.015319,0.01193,1,1,1,1,1,1.0,0,1
1.153176,14,18,1684,10168,31,29,10850.03516,66626.42969,3,5,88.678151,67.764176,0.001378,0.001178,0.0002,1,3,1,1,0,1.0,0,0
5.299671,354,746,18890,1087890,31,29,28434.97266,1639999.125,2,370,15.01234,7.11297,0.000633,0.000503,0.00013,2,1,2,1,0,1.0,0,0
1.00704,10,8,894,354,254,252,6394.979004,2462.662842,2,1,111.893333,127.28157,0.243454,0.11541,0.128044,2,1,2,1,1,1.0,0,1
0.185165,10,6,864,268,254,252,33613.26172,9677.854492,2,1,19.942333,33.307398,0.032731,0.018619,0.014112,2,1,1,1,1,1.0,0,1
0.058913,44,46,2766,27384,31,29,367185.5,3637771.0,7,16,1.361837,1.297844,0.000638,0.000505,0.000133,14,2,5,1,0,0.0,0,0
7e-06,2,0,114,0,254,0,65142856.0,0.0,0,0,0.007,0.0,0.0,0.0,0.0,7,3,4,3,2,0.0,0,1
0.209133,10,6,508,268,254,252,17519.95117,8568.709961,2,1,21.766333,32.622801,0.066589,0.046011,0.020578,12,2,2,12,1,1.0,0,1
0.495185,52,42,37146,3380,31,29,588580.0625,53313.41016,18,8,9.700883,12.065609,0.000618,0.00047,0.000148,1,3,1,1,0,0.0,0,0
0.001099,2,2,146,178,31,29,531392.1875,647861.6875,0,0,0.006,0.008,0.0,0.0,0.0,3,2,5,1,0,0.0,0,0
1.013437,14,10,2412,3566,254,252,17682.40039,25339.51172,4,3,75.401613,95.050219,0.230842,0.157974,0.072868,1,1,1,1,1,0.0,0,1
4e-06,2,0,114,0,254,0,114000000.0,0.0,0,0,0.004,0.0,0.0,0.0,0.0,3,3,4,3,2,0.0,0,1
5e-06,2,0,200,0,254,0,160000000.0,0.0,0,0,0.005,0.0,0.0,0.0,0.0,14,2,3,2,2,0.0,0,1
14.348018,122,126,7810,14540,31,29,4318.924316,8042.922852,30,32,118.566681,114.779865,0.000669,0.00053,0.000139,4,16,7,1,0,0.0,0,0
5e-06,2,0,114,0,254,0,91200000.0,0.0,0,0,0.005,0.0,0.0,0.0,0.0,14,7,7,7,2,0.0,0,1
1.1e-05,2,0,114,0,254,0,41454544.0,0.0,0,0,0.011,0.0,0.0,0.0,0.0,7,7,8,7,2,0.0,0,1
4.553425,22,24,1920,4312,31,29,3220.433105,7261.347656,6,6,216.811713,197.950825,0.000689,0.000545,0.000144,6,3,3,1,0,0.0,0,0
1.281532,12,22,1472,20072,62,252,8427.413086,119606.8438,2,8,116.502911,57.246714,0.13194,0.07875,0.05319,1,1,3,1,1,1.0,0,1
3.649472,10,8,992,354,254,252,1957.543457,679.550354,2,1,398.571667,508.223,0.124272,0.091901,0.032371,2,1,1,2,1,1.0,0,1
0.018952,42,44,2646,24694,31,29,1090333.375,10186998.0,7,15,0.454439,0.426186,0.000771,0.000618,0.000153,4,1,5,1,0,0.0,0,0
0.660012,10,8,702,2930,62,252,7660.466797,31078.22266,2,2,73.231444,82.74943,0.147057,0.080763,0.066294,1,1,1,1,1,1.0,0,1
5e-06,2,0,200,0,254,0,72727272.0,0.0,0,0,0.011,0.0,0.0,0.0,0.0,6,7,6,6,2,0.0,0,1
8e-06,2,0,114,0,254,0,57000000.0,0.0,0,0,0.008,0.0,0.0,0.0,0.0,12,7,7,7,2,0.0,0,1
0.004354,4,4,568,304,31,29,782728.5,418925.125,0,0,1.15,0.983333,0.0,0.0,0.0,5,5,4,3,0,0.0,0,0
6.111973,100,560,4540,741304,62,252,5883.53418,968565.8125,6,278,61.737102,10.792469,0.169282,0.078375,0.090907,1,1,2,1,1,0.0,0,1
0.099841,68,68,4030,56022,31,29,318185.9063,4422952.5,7,27,1.485418,1.48206,0.000671,0.000539,0.000132,19,8,15,8,0,0.0,0,0
0.311734,12,8,1846,740,254,252,43447.30078,16629.5625,3,2,27.017091,35.991,0.072038,0.05979,0.012248,9,1,1,1,1,0.0,0,1
14.494814,320,746,17122,1087900,31,29,9420.749023,599630.75,2,370,45.437142,19.45538,0.000701,0.000549,0.000152,5,5,2,2,0,4.0,0,0
1.193336,10,8,758,354,254,252,4578.760742,2078.20752,2,1,126.797111,161.195859,0.134857,0.06496,0.069897,3,1,1,3,1,1.0,0,1
0.018852,38,38,2438,20722,31,29,1007426.313,8562275.0,7,13,0.500622,0.495865,0.000836,0.000501,0.000335,19,3,4,2,0,0.0,0,0
6.921684,8,0,712,0,254,0,720.05603,0.0,0,0,988.812,0.0,0.0,0.0,0.0,2,2,3,1,2,0.0,0,1
0.450896,10,6,814,268,254,252,13005.2168,3974.309082,2,1,47.181,82.548398,0.064213,0.038149,0.026064,1,1,17,1,1,1.0,0,1
0.587873,10,6,646,268,254,252,7920.078125,3048.277588,2,1,62.376333,101.129797,0.120516,0.082213,0.038303,5,1,1,1,1,0.0,0,1
0.029886,66,68,3926,58386,31,29,1035133.5,15399317.0,7,27,0.454477,0.438716,0.000623,0.000489,0.000134,12,3,6,3,0,0.0,0,0
0.718648,10,8,564,354,254,252,5655.063477,3450.924316,2,1,79.849778,91.878859,0.100096,0.04297,0.057126,1,1,5,1,1,0.0,0,1
0.004652,4,4,568,304,31,29,732588.125,392089.4063,0,0,1.285333,1.059333,0.0,0.0,0.0,10,3,4,3,0,0.0,0,0
0.001097,2,2,146,178,31,29,532361.0,649042.875,0,0,0.01,0.005,0.0,0.0,0.0,1,2,5,1,0,0.0,0,0
0.244951,90,92,5174,83812,31,29,167119.1406,2707513.0,7,39,2.74873,2.685385,0.000698,0.00057,0.000128,3,1,2,1,0,0.0,0,0
9e-06,2,0,114,0,254,0,50666664.0,0.0,0,0,0.009,0.0,0.0,0.0,0.0,13,3,3,3,2,0.0,0,1
16.058876,454,442,60670,72958,31,29,30157.52734,36263.0625,130,125,35.44928,36.49613,0.000713,0.000577,0.000136,21,17,27,17,0,0.0,0,0
0.693223,10,6,534,268,254,252,5550.883301,2585.026855,1,0,10236.0122,17072.684,0.194302,0.109031,0.085271,4,1,1,1,1,0.0,0,1
0.279683,26,26,4432,2872,31,29,121909.4531,79003.73438,7,7,11.17444,11.15528,0.00093,0.000797,0.000133,7,8,5,3,0,0.0,0,0
0.224474,10,6,862,268,254,252,27655.76367,7983.107422,2,1,24.374889,36.294398,0.08991,0.042996,0.046914,1,10,1,1,1,1.0,0,1
1.258145,14,18,1684,10168,31,29,9944.799805,61067.68359,3,5,96.752464,73.976294,0.000676,0.000544,0.000132,6,2,2,1,0,1.0,0,0
0.865932,30,14,24944,764,254,252,222770.375,6559.406738,12,4,29.859725,60.974539,0.117145,0.072599,0.044546,5,1,1,1,1,0.0,0,1
0.657956,16,6,10030,268,254,252,114341.9922,2723.586426,5,1,40.079332,110.955797,0.18325,0.103167,0.080083,5,1,1,1,1,0.0,0,1
0.31282,122,126,7820,15998,31,29,198350.5,405907.5625,30,32,2.625706,2.498136,0.000685,0.000548,0.000137,5,2,3,1,0,0.0,0,0
0.001025,2,2,146,178,31,29,569756.125,694634.125,0,0,0.001,0.004,0.0,0.0,0.0,1,3,3,2,0,0.0,0,0
0.400598,28,30,4976,3080,31,29,95836.72656,59471.09375,7,7,14.825,13.792311,0.000753,0.000617,0.000136,12,5,12,4,0,0.0,0,0
1.217401,28,0,3024,0,254,0,19162.13281,0.0,0,0,45.088926,0.0,0.0,0.0,0.0,2,2,2,2,2,0.0,0,1
6e-06,2,0,200,0,254,0,133333328.0,0.0,0,0,0.006,0.0,0.0,0.0,0.0,10,3,4,3,2,0.0,0,1
1e-05,2,0,114,0,254,0,45600000.0,0.0,0,0,0.01,0.0,0.0,0.0,0.0,9,3,3,3,2,0.0,0,1
4e-06,2,0,168,0,254,0,168000000.0,0.0,0,0,0.004,0.0,0.0,0.0,0.0,1,3,1,1,2,0.0,0,1
0.474083,10,10,802,3506,62,252,12183.52051,53256.49609,2,3,52.675889,42.626444,0.108379,0.049643,0.058736,2,1,1,1,1,1.0,0,1
1.187241,14,18,1684,10168,31,29,10538.71973,64714.75,3,5,91.296156,69.807118,0.000595,0.000516,7.9e-05,5,4,3,1,0,1.0,0,0
0.00111,2,2,146,178,31,29,526126.125,641441.4375,0,0,0.011,0.008,0.0,0.0,0.0,1,1,3,1,0,0.0,0,0
4.772117,168,194,13464,45728,31,29,22437.00195,76264.67969,39,59,28.5734,24.722844,0.000787,0.000597,0.00019,12,2,3,1,0,0.0,0,0
1.148226,10,8,534,354,254,252,3351.256592,2159.853516,2,1,123.188111,159.457,0.097718,0.032016,0.065702,6,2,1,1,1,0.0,0,1
0.018016,38,40,2438,20194,31,29,1054174.125,8743340.0,7,13,0.477541,0.447538,0.000937,0.000545,0.000392,11,2,3,1,0,0.0,0,0
0.342847,62,58,5928,8010,31,29,136107.3594,183685.4375,14,17,5.620443,6.003895,0.00067,0.00049,0.00018,1,4,2,1,0,0.0,0,0
18.670206,20,0,900,0,254,0,366.3591,0.0,0,0,982.642313,0.0,0.0,0.0,0.0,6,3,3,3,2,0.0,0,1
3.403829,104,638,4926,848323,62,252,11467.08594,1990685.125,2,317,33.046884,5.335088,0.050558,0.006073,0.044485,1,1,1,1,1,1.0,0,1
1.083064,12,18,1580,10168,31,29,10702.96875,70939.48438,3,5,98.427003,63.677823,0.000676,0.000536,0.00014,1,1,6,1,0,1.0,0,0
0.001712,4,4,536,304,31,29,1878504.625,1065420.5,0,0,0.448667,0.203667,0.0,0.0,0.0,7,4,5,3,0,0.0,0,0
1e-05,2,0,114,0,254,0,45600000.0,0.0,0,0,0.01,0.0,0.0,0.0,0.0,12,4,5,4,2,0.0,0,1
0.054329,44,46,2766,27384,31,29,398166.7188,3944707.25,7,16,1.255628,1.195022,0.000712,0.000546,0.000166,19,1,7,1,0,0.0,0,0
0.374418,28,30,4944,3080,31,29,101875.4453,63629.42188,7,7,13.855444,12.891586,0.001381,0.000559,0.000822,4,7,4,3,0,0.0,0,0
0.504626,12,6,5796,268,254,252,84228.71875,3551.14502,3,1,43.024456,92.85,0.096417,0.040373,0.056044,1,1,1,1,1,1.0,0,1
0.001081,2,2,146,178,31,29,540240.5625,658649.4375,0,0,0.008,0.011,0.0,0.0,0.0,3,1,1,1,0,0.0,0,0
0.957624,10,10,864,1818,62,252,6499.419434,13675.51367,2,2,106.402667,100.424219,0.10958,0.053002,0.056578,1,2,3,1,1,1.0,0,1
0.144413,110,204,6700,242532,31,29,367833.9375,13369656.0,12,89,1.322009,0.708744,0.000647,0.000534,0.000113,9,7,9,6,0,0.0,0,0
1.1e-05,2,0,114,0,254,0,41454544.0,0.0,0,0,0.011,0.0,0.0,0.0,0.0,7,4,5,4,2,0.0,0,1
0.001037,2,2,130,162,31,29,501446.5,624879.5,0,0,0.011,0.005,0.0,0.0,0.0,2,1,3,1,0,0.0,0,0
1.120836,118,120,7374,15166,31,29,52189.61328,107348.4453,28,31,9.576641,9.414589,0.00063,0.000496,0.000134,6,2,3,1,0,0.0,0,0
0.001119,2,2,146,178,31,29,521894.5313,636282.375,0,0,0.011,0.002,0.0,0.0,0.0,1,7,10,4,0,0.0,0,0
0.272337,10,6,888,268,254,252,23500.29688,6580.083008,2,1,27.166556,49.738602,0.084397,0.023641,0.060756,1,1,1,1,1,1.0,0,1
2.934965,26,20,7641,1778,62,252,20028.85938,4606.528809,10,8,117.398598,147.617047,0.273741,0.12952,0.144221,1,2,1,1,1,0.0,0,1
0.400044,10,6,1492,268,254,252,26857.04688,4479.507324,2,1,42.797333,67.723602,0.118326,0.061422,0.056904,2,1,2,2,1,1.0,0,1
0.037399,122,126,7816,15118,31,29,1658226.125,3208428.0,30,32,0.306207,0.294984,0.000639,0.000516,0.000123,2,1,3,1,0,0.0,0,0
0.027915,54,56,3302,40690,31,29,928819.625,11453054.0,7,21,0.520755,0.497382,0.00067,0.000548,0.000122,6,3,2,1,0,0.0,0,0
0.400158,12,22,880,23342,62,252,16133.62793,445444.0625,2,9,36.378,16.137762,0.124759,0.060576,0.064183,1,1,2,1,1,1.0,0,1
0.004664,4,4,568,312,31,29,730703.25,401372.1875,0,0,1.183333,1.064333,0.0,0.0,0.0,5,6,4,3,0,0.0,0,0
1.255965,10,8,882,354,254,252,5057.46582,1974.577271,2,1,139.551667,157.312141,0.192616,0.102873,0.089743,2,1,1,1,1,1.0,0,1
1e-05,2,0,114,0,254,0,45600000.0,0.0,0,0,0.01,0.0,0.0,0.0,0.0,7,4,5,4,2,0.0,0,1
0.222381,8,12,424,8824,31,29,13346.46387,290996.0938,1,4,31.723,20.171181,0.000613,0.000491,0.000122,6,6,4,4,0,0.0,0,0
0.689222,10,8,694,354,254,252,7254.556641,3598.260254,2,1,72.251889,86.191,0.156284,0.085876,0.070408,8,5,3,7,1,4.0,0,1
1.159925,14,18,1684,10168,31,29,10786.9043,66238.76563,3,5,89.197538,68.197471,0.000703,0.000566,0.000137,2,2,1,2,0,1.0,0,0
0.596564,10,8,490,354,254,252,5913.866699,4157.140137,2,1,59.506778,79.118,0.103737,0.042734,0.061003,4,3,2,1,1,0.0,0,1
1.850491,168,287,9869,344028,31,29,42414.6875,1482114.75,16,111,11.07894,6.468199,0.000696,0.000575,0.000121,32,13,23,9,0,0.0,0,0
0.268962,10,8,774,1122,62,252,20731.55273,29208.58789,2,2,29.884667,33.27943,0.074475,0.020598,0.053877,1,1,1,2,1,1.0,0,1
0.001046,2,2,130,162,31,29,497131.9063,619502.8125,0,0,0.011,0.008,0.0,0.0,0.0,4,3,8,2,0,0.0,0,0
0.000964,2,1,130,81,31,30,539419.0625,0.0,0,0,0.008,0.0,0.0,0.0,0.0,2,2,3,1,0,0.0,0,0
0.504785,28,30,4824,3080,31,29,73726.4375,47196.33203,7,7,18.683073,17.382207,0.000857,0.000696,0.000161,8,7,6,4,0,0.0,0,0
7e-06,2,0,122,0,254,0,69714288.0,0.0,0,0,0.007,0.0,0.0,0.0,0.0,30,14,14,14,2,0.0,0,0
1e-05,2,0,114,0,254,0,45600000.0,0.0,0,0,0.01,0.0,0.0,0.0,0.0,12,4,4,4,2,0.0,0,1
0.491298,52,42,37288,3380,31,29,595500.125,53735.20703,18,8,9.625647,11.971122,0.000609,0.000478,0.000131,8,29,8,5,0,0.0,0,0
0.589875,10,6,588,268,254,252,7187.963867,3037.931885,2,1,65.439333,101.395203,0.143788,0.082892,0.060896,4,1,1,1,1,0.0,0,1
1.101814,10,8,564,354,254,252,3688.462646,2250.833496,2,1,116.147778,135.182719,0.224955,0.155524,0.069431,1,1,1,1,1,0.0,0,1
0.004223,12,12,1036,2262,31,29,1799668.625,3928960.75,4,4,0.352636,0.327818,0.000749,0.000609,0.00014,8,1,4,1,0,0.0,0,0
4.374955,230,438,13246,548216,31,29,24117.27539,1000174.813,21,197,19.103197,10.010142,0.000616,0.000522,9.4e-05,9,3,5,2,0,0.0,0,0
1.088141,14,18,1684,10168,31,29,11498.50977,70608.5,3,5,83.676,63.977471,0.000641,0.000521,0.00012,2,2,5,3,0,1.0,0,0
1.008947,14,18,1684,10168,31,29,12401.04785,76150.67969,3,5,77.585387,59.318825,0.000654,0.000524,0.00013,2,5,14,3,0,4.0,0,0
1.061943,10,8,868,354,254,252,5891.087891,2335.341797,2,1,117.993667,137.285719,0.199776,0.100128,0.099648,3,1,2,1,1,1.0,0,1
1.526841,10,10,802,1142,62,252,3782.974121,5386.28418,2,2,169.496889,162.607219,0.177507,0.063367,0.11414,4,1,2,1,1,1.0,0,1
0.785909,10,8,818,2668,62,252,7502.140625,23768.6543,2,2,87.323222,98.55457,0.162643,0.095353,0.06729,1,1,3,1,1,1.0,0,1
1.009838,14,18,1684,10168,31,29,12390.10645,76083.49219,3,5,77.651305,59.370118,0.000681,0.000542,0.000139,2,1,2,1,0,1.0,0,0
1.513701,14,18,1684,10168,31,29,8265.833008,50757.71484,3,5,116.349308,89.007529,0.000743,0.000572,0.000171,4,5,1,1,0,1.0,0,0
0.668435,10,8,898,1212,62,252,9682.318359,12698.31836,2,2,74.270556,85.701,0.129283,0.067871,0.061412,2,19,2,1,1,1.0,0,1
0.379008,10,6,882,268,254,252,16759.54102,4728.132324,2,1,37.274,67.481398,0.073273,0.041592,0.031681,1,1,1,1,1,1.0,0,1
1.7e-05,2,0,168,0,254,0,39529412.0,0.0,0,0,0.017,0.0,0.0,0.0,0.0,2,1,1,1,2,0.0,0,1
0.418774,32,24,3728,5474,31,29,69001.41406,100216.3438,7,7,13.508838,18.175131,0.000769,0.00061,0.000159,1,1,2,1,0,0.0,0,0
0.0,6,0,384,0,1,0,51.195499,0.0,0,0,10000.879,0.0,0.0,0.0,0.0,2,4,2,2,0,0.0,0,0
0.495264,52,42,37182,3380,31,29,589051.5,53304.90625,18,8,9.703882,12.066098,0.000679,0.000544,0.000135,7,3,3,2,0,0.0,0,0
1.256102,10,8,880,354,254,252,5044.17627,1974.362061,2,1,139.453667,164.052,0.163096,0.107729,0.055367,1,1,1,1,1,1.0,0,1
9e-06,2,0,114,0,254,0,50666664.0,0.0,0,0,0.009,0.0,0.0,0.0,0.0,7,3,3,3,2,0.0,0,1
0.560373,10,6,1152,268,254,252,14804.42481,3197.869873,2,1,62.162111,93.002398,0.191259,0.09536,0.095899,3,1,4,1,1,0.0,0,1
1.284324,22,36,2550,39304,62,252,15167.51172,238027.1563,6,16,61.158286,34.085029,0.130028,0.062954,0.067074,1,1,8,1,1,1.0,0,1
0.440121,10,8,812,1078,62,252,13287.25488,17158.91797,2,2,48.902333,61.343855,0.060442,0.010125,0.050317,1,1,1,2,1,1.0,0,1
0.01442,16,18,1540,1644,31,29,801109.5625,861581.125,4,4,0.939933,0.820824,0.000585,0.00046,0.000125,11,9,10,7,0,0.0,0,0
24.8568,12,4,1972,172,62,252,581.893066,41.517815,5,3,2259.709274,8196.3935,0.209565,0.159392,0.050173,7,1,2,1,3,0.0,0,0
0.025577,46,48,2854,29182,31,29,873284.625,8937718.0,7,17,0.560311,0.54263,0.000755,0.000613,0.000142,7,1,3,1,0,0.0,0,0
0.043559,50,54,3078,38534,31,29,554099.0625,6946165.0,7,20,0.882429,0.811943,0.000711,0.000521,0.00019,9,5,4,2,0,0.0,0,0
2.129081,10,10,1212,1150,254,252,4099.421387,3889.001953,2,2,236.564556,228.360109,0.23448,0.073151,0.161329,4,3,3,1,1,1.0,0,1
1.120141,12,18,1580,10168,31,29,10348.69727,68591.35938,4,6,8827.385835,5884.923,0.000664,0.000576,8.8e-05,28,17,24,17,0,36.0,0,0
4e-06,2,0,114,0,254,0,114000000.0,0.0,0,0,0.004,0.0,0.0,0.0,0.0,6,4,4,4,2,0.0,0,1
0.006456,8,10,1038,820,31,29,1126394.125,914498.1875,2,2,0.867571,0.658,0.000716,0.000531,0.000185,1,1,10,1,0,1.0,0,0
0.075154,24,24,2158,2464,31,29,220241.1094,251430.4063,6,6,3.253087,3.24413,0.000644,0.000531,0.000113,7,2,1,1,0,0.0,0,0
0.03895,48,50,2974,31328,31,29,598305.5,6305930.5,7,18,0.798617,0.784633,0.000624,0.0005,0.000124,8,1,4,1,0,0.0,0,0
3e-06,2,0,200,0,254,0,266666656.0,0.0,0,0,0.003,0.0,0.0,0.0,0.0,13,7,10,7,2,0.0,0,1
2.529569,38,40,3002,21610,31,29,9244.262695,66635.85938,8,12,68.353402,64.84746,0.000657,0.000506,0.000151,16,2,3,1,0,0.0,0,0
0.749999,14,18,882,1644,31,29,8736.011719,16565.35547,3,4,57.633463,43.582117,0.015991,0.009102,0.006889,12,11,13,5,0,0.0,0,0
0.045515,40,42,2542,22072,31,29,435724.4688,3787235.0,7,14,1.157641,1.076537,0.001622,0.00137,0.000252,2,4,4,1,0,0.0,0,0
0.001027,2,2,146,178,31,29,568646.5625,693281.375,0,0,0.01,0.008,0.0,0.0,0.0,4,3,4,2,0,0.0,0,0
1.652199,12,10,994,778,254,252,4415.933105,3394.26416,3,2,144.184182,171.832437,0.199508,0.105701,0.093807,2,1,2,1,1,0.0,0,1
1e-05,2,0,114,0,254,0,45600000.0,0.0,0,0,0.01,0.0,0.0,0.0,0.0,11,3,3,3,2,0.0,0,1
1e-05,2,0,114,0,254,0,45600000.0,0.0,0,0,0.01,0.0,0.0,0.0,0.0,9,4,5,4,2,0.0,0,1
0.544207,10,6,1852,268,254,252,24505.38281,3292.864746,2,1,60.467444,95.034,0.15385,0.068308,0.085542,1,1,1,1,1,1.0,0,1
0.099668,98,96,5590,95368,31,29,444114.4375,7575149.0,7,42,1.023722,1.043347,0.000666,0.000539,0.000127,7,2,3,1,0,0.0,0,0
1.006473,14,18,1684,10168,31,29,12431.53125,76337.86719,3,5,77.392308,59.174588,0.00065,0.0005,0.00015,2,8,4,1,0,1.0,0,0
0.244091,8,12,424,8824,31,29,12159.39941,265114.25,1,4,34.824571,22.139818,0.000732,0.000549,0.000183,4,7,4,4,0,0.0,0,0
0.680959,10,8,790,1274,62,252,8352.925781,13099.17383,2,2,75.662111,89.14643,0.124474,0.056264,0.06821,3,18,1,3,1,1.0,0,0
0.736989,52,38,37288,3172,31,29,396977.4063,33531.02734,18,8,14.444019,19.904865,0.000625,0.000495,0.00013,10,7,7,3,0,0.0,0,0
1.1e-05,2,0,114,0,254,0,41454544.0,0.0,0,0,0.011,0.0,0.0,0.0,0.0,17,3,3,3,2,0.0,0,1
0.183928,22,14,1470,1728,31,29,61067.375,69809.92969,5,4,8.758477,14.092692,0.000721,0.000583,0.000138,10,13,11,3,0,0.0,0,0
4e-06,2,0,114,0,254,0,114000000.0,0.0,0,0,0.004,0.0,0.0,0.0,0.0,7,3,4,3,2,0.0,0,1
0.246047,10,18,842,15814,62,252,24645.69727,485630.7813,2,7,27.338556,14.075411,0.059019,0.006086,0.052933,1,1,1,1,1,1.0,0,1
0.509126,16,54,1498,64713,62,252,22077.04883,998024.0625,2,25,33.941733,9.419113,0.056335,0.009193,0.047142,1,1,1,1,1,1.0,0,1
0.836771,10,8,864,1196,62,252,7438.116211,10009.90723,2,2,92.974556,106.057141,0.170077,0.093577,0.0765,2,1,1,2,1,1.0,0,1
0.507033,16,44,1078,51969,62,252,15951.625,801336.4375,2,20,33.8022,11.371465,0.056721,0.009977,0.046744,1,1,1,1,1,1.0,0,1
0.535707,12,8,1060,716,254,252,14515.39746,9363.327148,3,2,46.404271,67.109141,0.098869,0.065935,0.032934,4,1,1,1,1,0.0,0,1
0.618109,10,8,808,1196,62,252,9422.286133,13551.00781,2,2,68.678778,75.045141,0.145839,0.077466,0.068373,4,2,2,4,1,4.0,0,1
1e-05,2,0,200,0,254,0,80000000.0,0.0,0,0,0.01,0.0,0.0,0.0,0.0,12,4,5,4,2,0.0,0,1
0.18849,10,6,956,268,254,252,36543.05078,9507.135742,2,1,19.338444,34.968,0.062957,0.013647,0.04931,1,1,1,1,1,1.0,0,1
40.062668,496,3128,21690,4252752,62,252,4322.62793,848948.5625,2,1561,80.934728,12.779619,0.217017,0.100707,0.11631,1,1,2,1,1,1.0,0,1
0.018116,16,18,1540,1644,31,29,637668.375,685802.625,4,4,1.183667,1.038765,0.000593,0.000453,0.00014,20,6,15,6,0,0.0,0,0
0.016006,44,46,2766,27392,31,29,1351493.125,13393477.0,7,16,0.36386,0.343822,0.000667,0.000533,0.000134,10,6,6,2,0,0.0,0,0
1.038967,12,18,1580,10168,31,29,11157.23633,73950.375,3,5,94.42018,61.082647,0.000701,0.000559,0.000142,2,1,1,1,0,1.0,0,0
0.030887,72,74,4238,65628,31,29,1082656.125,16768738.0,7,30,0.430324,0.415137,0.000712,0.000578,0.000134,8,3,3,1,0,0.0,0,0
2.126931,230,422,13212,529070,31,29,49479.74609,1985271.75,20,187,9.28662,5.050976,0.000585,0.000463,0.000122,11,2,3,1,0,0.0,0,0
0.372565,28,30,4296,3080,31,29,88961.65625,63945.88672,7,7,13.786296,12.829621,0.000626,0.000502,0.000124,11,3,3,1,0,0.0,0,0
4e-06,2,0,114,0,254,0,114000000.0,0.0,0,0,0.004,0.0,0.0,0.0,0.0,11,7,7,7,2,0.0,0,1
0.196767,10,6,828,268,254,252,30330.28906,9107.217773,2,1,20.243111,37.971,0.051031,0.006903,0.044128,1,1,1,1,1,1.0,0,1
1.021751,12,18,1580,10168,31,29,11345.22949,75196.39844,3,5,92.854185,60.071,0.000687,0.00054,0.000147,5,14,6,6,0,6.0,0,0
0.015033,44,46,2750,26406,31,29,1430453.0,13746824.0,7,16,0.341977,0.321667,0.000694,0.000551,0.000143,5,3,7,2,0,0.0,0,0
0.001797,4,4,528,304,31,29,1762938.25,1015025.063,0,0,0.454333,0.233333,0.0,0.0,0.0,5,6,4,3,0,0.0,0,0
0.001201,2,2,146,178,31,29,486261.4688,592839.3125,0,0,0.01,0.008,0.0,0.0,0.0,19,10,22,7,0,0.0,0,0
0.646916,6,8,392,354,254,252,4043.801758,3833.57373,2,1,21.4938,91.303711,0.054479,0.007786,0.046693,1,1,1,1,1,0.0,0,1
0.009871,34,36,2230,12896,31,29,1754634.75,10161483.0,7,11,0.28903,0.266429,0.000684,0.000542,0.000142,4,3,2,1,0,0.0,0,0
0.015998,48,50,2974,30516,31,29,1456682.0,14954869.0,7,18,0.333404,0.312857,0.000815,0.000656,0.000159,14,4,4,1,0,0.0,0,0
0.00103,2,2,130,162,31,29,504854.3438,629126.1875,0,0,0.011,0.008,0.0,0.0,0.0,13,3,8,1,0,0.0,0,0
0.134645,122,126,7806,15450,31,29,460054.2188,910720.8125,30,32,1.109893,1.07284,0.000682,0.000533,0.000149,6,2,6,2,0,0.0,0,0
0.289019,10,8,846,1340,62,252,21092.03906,32468.45508,2,2,32.113222,39.68243,0.056965,0.010531,0.046434,1,1,1,1,1,1.0,0,1
0.811974,10,10,808,1018,62,252,7172.643555,9034.772461,2,2,90.219333,82.037664,0.106212,0.072962,0.03325,1,1,35,1,1,1.0,0,1
0.001033,2,2,146,178,31,29,565343.6875,689254.625,0,0,0.01,0.008,0.0,0.0,0.0,2,3,4,2,0,0.0,0,0
1.198806,14,18,1684,10168,31,29,10437.05078,64090.43359,3,5,92.187464,70.489765,0.000596,0.000475,0.000121,1,6,5,3,0,1.0,0,0
1.129874,14,18,1684,10168,31,29,11073.80078,68000.5,3,5,86.887154,66.433941,0.00061,0.000494,0.000116,1,2,5,1,0,1.0,0,0
1.51722,60,14,68193,612,254,252,353578.25,3000.224121,27,1,25.698847,108.281922,0.235584,0.109551,0.126033,1,1,1,1,1,0.0,0,1
0.236356,12,30,902,33796,62,252,27991.67383,1105789.5,2,13,21.48691,7.72662,0.053334,0.007423,0.045911,1,1,1,1,1,1.0,0,1
1e-05,2,0,114,0,254,0,45600000.0,0.0,0,0,0.01,0.0,0.0,0.0,0.0,12,7,7,7,2,0.0,0,1
2.083023,12,18,1580,10168,31,29,5564.98877,36884.85156,3,5,189.333548,122.501653,0.000677,0.000488,0.000189,2,2,2,1,0,1.0,0,0
0.031886,56,58,3390,42510,31,29,835476.375,10481841.0,7,22,0.5738,0.549632,0.000671,0.000545,0.000126,8,1,2,1,0,0.0,0,0
0.001066,2,2,130,162,31,29,487804.9063,607879.9375,0,0,0.011,0.008,0.0,0.0,0.0,3,3,2,1,0,0.0,0,0
8e-06,2,0,200,0,254,0,88888888.0,0.0,0,0,0.009,0.0,0.0,0.0,0.0,14,4,11,4,2,0.0,0,1
0.001099,2,2,146,178,31,29,531392.1875,647861.6875,0,0,0.01,0.006,0.0,0.0,0.0,10,3,7,3,0,0.0,0,0
1.1e-05,2,0,114,0,254,0,41454544.0,0.0,0,0,0.011,0.0,0.0,0.0,0.0,14,7,7,7,2,0.0,0,1
1e-05,2,0,200,0,254,0,80000000.0,0.0,0,0,0.01,0.0,0.0,0.0,0.0,12,2,8,2,2,0.0,0,1
0.282595,14,8,6950,436,254,252,182706.6875,10814.0625,4,2,20.597077,39.482285,0.051731,0.00621,0.045521,3,1,1,1,1,1.0,0,1
0.433083,12,8,994,736,254,252,16846.65625,11896.10352,3,2,36.571362,56.302715,0.068928,0.038953,0.029975,4,3,2,2,1,0.0,0,1
1.041051,14,18,1684,10168,31,29,12018.62305,73802.33594,3,5,80.052541,61.210765,0.000595,0.000465,0.00013,1,4,2,2,0,1.0,0,0
0.971088,10,6,566,268,254,252,4201.473145,1845.352905,2,1,105.501,166.297,0.240371,0.139575,0.100796,1,1,2,1,1,1.0,0,1
0.021922,60,62,3614,44406,31,29,1296962.0,15943801.0,7,24,0.36622,0.348574,0.000783,0.000647,0.000136,6,2,2,1,0,0.0,0,0
0.81665,10,6,1956,268,254,252,17250.96484,2194.330566,2,1,88.063,144.103406,0.168833,0.09613,0.072703,1,1,1,1,1,1.0,0,1
0.618221,10,6,808,268,254,252,9420.580078,2898.639893,2,1,68.679,98.669797,0.207103,0.12487,0.082233,1,1,1,1,1,1.0,0,1
0.487177,8,10,364,3754,62,252,5238.342285,55487.01953,1,3,69.596717,50.850333,0.053219,0.02885,0.024369,2,2,2,2,1,0.0,0,1
0.001068,2,2,146,178,31,29,546816.5,666666.6875,0,0,0.01,0.005,0.0,0.0,0.0,5,2,2,1,0,0.0,0,0
0.627635,24,58,2656,71894,62,252,32451.98242,900587.125,6,27,28.528864,10.708755,0.067279,0.016565,0.050714,1,1,1,1,1,1.0,0,1
1.502462,10,12,810,4424,62,252,3881.628906,21596.55273,2,3,166.940222,118.294276,0.248726,0.150471,0.098255,1,1,1,1,1,1.0,0,1
0.001029,2,2,130,162,31,29,505344.9688,629737.5625,0,0,0.011,0.009,0.0,0.0,0.0,4,3,4,2,0,0.0,0,0
0.903613,10,8,1726,354,254,252,13758.10254,2744.537842,2,1,100.401444,109.666289,0.147573,0.086989,0.060584,3,1,5,1,1,0.0,0,1
1.20398,10,10,870,1518,62,252,5202.744141,9083.208008,2,2,133.775556,123.794336,0.213265,0.089529,0.123736,1,1,1,1,1,1.0,0,1
1.1e-05,2,0,254,0,254,0,92363632.0,0.0,0,0,0.011,0.0,0.0,0.0,0.0,2,1,3,1,2,0.0,0,1
1.21298,14,18,1684,10168,31,29,10315.0918,63341.51953,3,5,93.279769,71.319765,0.000682,0.00054,0.000142,2,2,7,1,0,1.0,0,0
0.186885,10,10,824,3360,62,252,31762.84961,129448.5938,2,3,20.765,19.394222,0.053166,0.008037,0.045129,1,1,1,1,1,1.0,0,1
0.135016,56,58,3390,44134,31,29,197309.9531,2570006.75,7,22,2.449382,2.359491,0.000981,0.000522,0.000459,3,1,1,1,0,0.0,0,0
4e-06,2,0,114,0,254,0,114000000.0,0.0,0,0,0.004,0.0,0.0,0.0,0.0,9,7,7,7,2,0.0,0,1
0.278498,10,8,798,1310,62,252,20653.65039,32948.17188,2,2,30.944222,36.283285,0.049476,0.023925,0.025551,1,1,1,1,1,1.0,0,1
0.106897,66,68,3926,56022,31,29,289400.0938,4131004.75,7,27,1.639508,1.588149,0.000624,0.000488,0.000136,41,36,42,29,0,0.0,0,0
0.50452,8,12,424,8824,31,29,5882.819336,128264.4922,1,4,72.028569,45.814091,0.000711,0.000561,0.00015,3,5,8,3,0,0.0,0,0
0.026869,48,52,2974,31504,31,29,867319.1875,9199895.0,7,18,0.565404,0.505745,0.001231,0.001073,0.000158,3,3,3,1,0,0.0,0,0
0.001046,2,2,130,162,31,29,497131.9063,619502.8125,0,0,0.01,0.008,0.0,0.0,0.0,4,4,5,3,0,0.0,0,0
0.547485,16,44,1058,51939,62,252,14495.37402,741704.375,2,20,36.498999,12.796762,0.057871,0.009267,0.048604,1,1,1,1,1,1.0,0,1
1.137931,10,8,564,354,254,252,3571.394043,2179.394043,2,1,122.051222,143.978578,0.235212,0.130074,0.105138,3,1,1,1,1,0.0,0,1
1e-05,2,0,114,0,254,0,45600000.0,0.0,0,0,0.01,0.0,0.0,0.0,0.0,7,2,2,2,2,0.0,0,1
2.080533,10,8,694,354,254,252,2403.230225,1192.002197,2,1,226.727222,283.320438,0.152867,0.097281,0.055586,1,1,1,1,1,1.0,0,1
7e-06,2,0,114,0,254,0,65142856.0,0.0,0,0,0.007,0.0,0.0,0.0,0.0,13,7,7,7,2,0.0,0,1
1.809906,122,126,7818,15828,31,29,34273.60156,69409.13281,30,32,14.954785,14.474736,0.000738,0.00056,0.000178,9,3,2,1,0,0.0,0,0
0.016987,40,42,2542,21848,31,29,1167481.0,10044387.0,7,14,0.426718,0.38678,0.001238,0.001118,0.00012,5,6,5,1,0,0.0,0,0
1.749082,12,24,872,22916,62,252,3659.062256,100450.4063,2,9,158.94073,71.461565,0.181142,0.10546,0.075682,3,1,1,1,1,0.0,0,1
0.000958,2,2,130,162,31,29,542797.5,676409.1875,0,0,0.002,0.003,0.0,0.0,0.0,4,3,2,1,0,0.0,0,0
0.005465,4,4,568,304,31,29,623604.75,333760.2813,0,0,1.508667,1.320667,0.0,0.0,0.0,16,5,9,3,0,0.0,0,0
0.009406,24,26,2048,2410,31,29,1669572.5,1971507.5,6,7,0.391217,0.34916,0.000857,0.000667,0.00019,3,1,2,1,0,0.0,0,0
1e-05,2,0,114,0,254,0,45600000.0,0.0,0,0,0.01,0.0,0.0,0.0,0.0,9,4,4,4,2,0.0,0,1
0.061934,60,62,3614,45396,31,29,459069.3125,5769238.0,7,24,1.04439,1.004967,0.000758,0.00063,0.000128,18,13,23,3,0,0.0,0,0
1.37464,10,10,990,992,254,252,5185.35791,5196.99707,2,2,152.737778,140.934672,0.206962,0.079868,0.127094,2,1,2,1,1,1.0,0,1
0.623074,10,12,1120,3482,62,252,12942.2832,40983.89453,2,3,69.230444,51.579909,0.101274,0.054914,0.04636,1,1,1,1,1,1.0,0,1
0.187973,12,6,4138,268,254,252,161470.0,9533.28418,3,1,15.784364,35.992398,0.054446,0.008007,0.046439,1,1,1,1,1,0.0,0,1
0.019978,36,38,2334,17532,31,29,908999.9375,6835919.5,7,12,0.561486,0.52527,0.00066,0.000533,0.000127,7,4,4,1,0,0.0,0,0
0.545983,14,12,774,642,254,252,10535.12598,8630.304688,4,3,41.296306,45.19891,0.093723,0.048791,0.044932,4,2,2,2,1,0.0,0,1
1e-05,2,0,114,0,254,0,45600000.0,0.0,0,0,0.01,0.0,0.0,0.0,0.0,7,4,4,4,2,0.0,0,1
0.60249,10,8,714,700,62,252,8537.901367,8139.554199,2,2,66.943333,76.999289,0.087671,0.062773,0.024898,1,1,1,1,1,1.0,0,1
0.02439,34,38,2230,15332,31,29,710127.0625,4896761.0,7,11,0.728,0.661444,0.000713,0.000577,0.000136,10,1,5,1,0,0.0,0,0
0.273636,10,8,806,1108,62,252,21225.27539,28358.83984,2,2,30.404,37.903145,0.053278,0.00761,0.045668,1,1,1,1,1,1.0,0,1
0.038067,60,62,3598,49642,31,29,743741.25,10264428.0,7,24,0.639881,0.616033,0.000647,0.000485,0.000162,5,2,2,1,0,0.0,0,0
0.006356,32,24,3728,5474,31,29,4546255.5,6602895.0,7,7,0.205032,0.241609,0.000828,0.000662,0.000166,1,2,3,1,0,0.0,0,0
1.1e-05,2,0,114,0,254,0,41454544.0,0.0,0,0,0.011,0.0,0.0,0.0,0.0,7,4,4,4,2,0.0,0,1
3.51091,314,746,16810,1087890,31,29,38182.69141,2475556.5,2,370,11.215971,4.711781,0.00074,0.000624,0.000116,1,3,2,2,0,1.0,0,0
0.006955,18,18,4208,2456,31,29,4572250.0,2668583.75,7,7,0.390647,0.379765,0.000625,0.000494,0.000131,11,3,7,3,0,0.0,0,0
0.469249,10,6,1796,268,254,252,27567.45313,3818.86792,2,1,51.378444,82.487797,0.125202,0.056801,0.068401,1,1,1,1,1,1.0,0,1
0.309587,10,6,900,268,254,252,20931.11133,5788.356934,2,1,34.290889,44.044398,0.12664,0.089358,0.037282,1,2,2,5,1,1.0,0,1
0.69608,10,8,564,354,254,252,5838.40918,3562.808838,2,1,74.370889,95.743289,0.079663,0.025873,0.05379,2,2,1,1,1,0.0,0,1
1.579274,10,8,810,354,254,252,3692.835938,1570.341797,2,1,167.577,209.212859,0.251452,0.114774,0.136678,1,1,1,1,1,1.0,0,1
0.700927,10,8,818,1172,62,252,8411.717773,11710.20606,2,2,77.870333,86.660141,0.161879,0.094289,0.06759,5,2,1,4,1,4.0,0,1
0.001095,2,2,146,178,31,29,533333.375,650228.3125,0,0,0.01,0.008,0.0,0.0,0.0,1,4,4,2,0,0.0,0,0
0.305672,10,6,1024,268,254,252,24130.44141,5862.493164,2,1,33.177889,50.433199,0.099464,0.0535,0.045964,1,1,1,1,1,1.0,0,1
0.221526,10,8,878,1264,62,252,28565.49609,39941.13672,2,2,24.614,28.850428,0.061221,0.015576,0.045645,1,1,1,1,1,1.0,0,1
0.356471,6,8,320,1884,31,29,5992.072266,37007.21875,1,2,71.2296,50.859145,0.00061,0.000454,0.000156,3,4,4,2,0,0.0,0,0
1.160922,14,18,1684,10168,31,29,10777.63965,66181.875,3,5,89.195459,68.261529,0.000591,0.000473,0.000118,3,3,2,3,0,1.0,0,0
0.234308,8,6,364,268,254,252,10891.64648,7648.052734,1,1,33.472571,41.421602,0.051934,0.026579,0.025355,1,1,1,1,1,0.0,0,1
1.061951,10,10,762,1550,62,252,5167.84668,10508.95898,2,2,117.994556,101.314664,0.163387,0.131118,0.032269,1,1,2,1,1,1.0,0,1
0.023314,52,42,37582,3380,31,29,12648195.0,1132366.875,18,8,0.450392,0.555244,0.001559,0.000544,0.001015,1,2,6,1,0,0.0,0,0
0.044087,74,72,4342,61750,31,29,777372.0,11049606.0,7,30,0.598178,0.613197,0.000668,0.000539,0.000129,17,10,16,4,0,0.0,0,0
0.001063,2,2,146,178,31,29,549388.5625,669802.5,0,0,0.011,0.009,0.0,0.0,0.0,12,6,3,1,0,0.0,0,0
0.515719,16,12,912,694,254,252,13263.03711,9881.350586,5,4,33.536801,45.166363,0.07058,0.018884,0.051696,8,2,2,2,1,0.0,0,1
0.007273,4,4,568,312,31,29,468582.4063,257390.3438,0,0,2.098,1.922,0.0,0.0,0.0,9,31,9,4,0,0.0,0,0
1.393265,10,10,812,1252,62,252,4197.334961,6471.130859,2,2,154.703222,147.788219,0.129523,0.063165,0.066358,3,1,1,1,1,1.0,0,1
0.011244,38,40,2438,19242,31,29,1689078.625,13348275.0,7,13,0.294054,0.282868,0.00062,0.000491,0.000129,3,9,2,2,0,0.0,0,0
1.172485,10,8,900,354,254,252,5526.723145,2115.165771,2,1,127.892333,160.466281,0.110141,0.049218,0.060923,1,1,1,1,1,1.0,0,1
0.34263,10,6,788,268,254,252,16577.64844,5230.131836,2,1,35.254778,58.732398,0.123288,0.048965,0.074323,1,1,1,1,1,1.0,0,1
1.018769,14,18,1684,10168,31,29,12281.48828,75416.50781,3,5,78.338767,59.896176,0.000665,0.00053,0.000135,3,2,3,2,0,4.0,0,0
0.001035,2,2,146,178,31,29,564251.25,687922.75,0,0,0.011,0.009,0.0,0.0,0.0,2,3,2,1,0,0.0,0,0
0.005565,18,18,3872,2456,31,29,5257142.5,3335130.25,7,7,0.306706,0.298765,0.000663,0.000482,0.000181,11,4,4,4,0,0.0,0,0
1.867941,10,8,536,354,254,252,2068.587891,1327.665039,2,1,207.549,245.627141,0.253056,0.147819,0.105237,1,1,1,1,1,0.0,0,1
0.028465,8,10,1038,820,31,29,255471.625,207412.6094,2,2,4.012572,3.106444,0.000619,0.000504,0.000115,1,3,8,1,0,1.0,0,0
0.01816,16,18,1540,1644,31,29,636123.3125,684140.9375,4,4,1.1902,1.10675,0.000571,0.000449,0.000122,9,5,6,4,0,0.0,0,0
7e-06,2,0,250,0,254,0,142857136.0,0.0,0,0,0.007,0.0,0.0,0.0,0.0,2,1,1,1,2,0.0,0,1
0.353293,16,18,1540,1644,31,29,32698.07227,35166.27734,4,4,23.529133,20.753412,0.000921,0.000478,0.000443,12,4,3,3,0,0.0,0,0
0.004632,8,10,1038,820,31,29,1569948.25,1274611.375,2,2,0.596143,0.456778,0.000711,0.000518,0.000193,2,4,18,1,0,1.0,0,0
0.034917,78,80,4550,72242,31,29,1029183.5,16344817.0,7,33,0.448935,0.433734,0.000822,0.000645,0.000177,4,5,2,1,0,0.0,0,0
13.883667,12,12,1262,6720,254,252,666.682678,3549.494629,2,4,1262.151523,1253.918682,0.202376,0.089761,0.112615,4,4,4,4,1,1.0,0,1
12.786549,12,14,1262,6806,254,252,723.885742,3954.155273,2,4,1162.413523,975.993923,0.154299,0.078971,0.075328,1,1,1,1,1,1.0,0,1
1.2e-05,2,0,1110,0,254,0,370000000.0,0.0,0,0,0.012,0.0,0.0,0.0,0.0,7,4,2,1,2,0.0,0,1
0.011978,34,36,2230,13968,31,29,1445984.25,9069961.0,7,11,0.353545,0.327429,0.000637,0.000511,0.000126,4,3,2,1,0,0.0,0,0
0.001062,2,2,130,162,31,29,489642.1563,610169.4375,0,0,0.011,0.009,0.0,0.0,0.0,4,1,8,1,0,0.0,0,0
0.001109,2,2,130,162,31,29,468890.9063,584310.1875,0,0,0.011,0.008,0.0,0.0,0.0,3,3,7,1,0,0.0,0,0
1e-06,2,0,168,0,254,0,672000000.0,0.0,0,0,0.001,0.0,0.0,0.0,0.0,3,2,2,1,2,0.0,0,1
0.000993,2,2,146,178,31,29,588116.8125,717019.125,0,0,0.012,0.009,0.0,0.0,0.0,9,3,1,1,0,0.0,0,0
8.039647,26,26,6959,2206,62,252,6658.998535,2111.5354,9,8,320.431565,317.933156,0.185692,0.091314,0.094378,2,1,1,1,1,0.0,0,1
0.802275,16,14,912,780,254,252,8525.754883,7229.441406,5,4,52.552133,56.623922,0.128616,0.066159,0.062457,5,1,1,1,1,0.0,0,1
0.001078,2,2,146,178,31,29,541744.0,660482.4375,0,0,0.012,0.008,0.0,0.0,0.0,2,1,2,1,0,0.0,0,0
4e-06,2,0,114,0,254,0,114000000.0,0.0,0,0,0.004,0.0,0.0,0.0,0.0,17,7,8,7,2,0.0,0,1
0.030657,54,56,3302,35114,31,29,845744.8125,8999445.0,7,21,0.572208,0.556407,0.00074,0.000601,0.000139,5,1,2,1,0,0.0,0,0
0.607302,16,8,11402,354,254,252,140819.5625,4083.635498,5,1,39.331066,82.25057,0.068194,0.03154,0.036654,1,1,1,1,1,1.0,0,1
0.005078,18,18,4584,2456,31,29,6821583.5,3654982.25,7,7,0.280059,0.266176,0.000729,0.000549,0.00018,5,6,3,3,0,0.0,0,0
1.1e-05,2,0,114,0,254,0,41454544.0,0.0,0,0,0.011,0.0,0.0,0.0,0.0,14,7,8,7,2,0.0,0,1
0.001049,2,2,130,162,31,29,495710.2188,617731.1875,0,0,0.011,0.005,0.0,0.0,0.0,2,1,1,1,0,0.0,0,0
1e-05,2,0,200,0,254,0,114285712.0,0.0,0,0,0.007,0.0,0.0,0.0,0.0,14,6,6,6,2,0.0,0,1
0.154418,14,6,8928,320,31,29,429535.4063,13832.58398,4,1,11.878308,30.7514,0.000688,0.000537,0.000151,1,3,5,2,0,0.0,0,0
3e-06,2,0,200,0,254,0,266666656.0,0.0,0,0,0.003,0.0,0.0,0.0,0.0,14,4,7,4,2,0.0,0,1
0.019624,48,50,2958,32642,31,29,1181002.875,13041174.0,7,18,0.409808,0.389837,0.000646,0.000519,0.000127,6,1,3,1,0,0.0,0,0
0.453193,10,6,1036,268,254,252,16469.80469,3954.165039,2,1,40.614,84.941797,0.109584,0.028476,0.081108,1,1,1,1,1,1.0,0,1
0.585204,12,8,1620,468,254,252,20300.61328,5604.882812,3,2,51.110545,78.553859,0.092577,0.035316,0.057261,1,1,1,1,1,0.0,0,1
5e-06,2,0,264,0,60,0,211200000.0,0.0,0,0,0.005,0.0,0.0,0.0,0.0,8,3,3,3,0,0.0,0,0
0.735702,8,10,364,3754,62,252,3468.795898,36743.14063,1,3,105.093571,73.411333,0.139036,0.074999,0.064037,1,2,3,2,1,0.0,0,1
0.221475,10,8,872,2698,62,252,28355.34375,85282.75781,2,2,24.608333,30.172572,0.052931,0.006113,0.046818,1,1,1,1,1,1.0,0,1
1.769329,20,72,1216,86018,62,252,5226.840332,383530.7188,2,34,93.115999,23.735155,0.126142,0.084132,0.04201,1,1,1,1,1,1.0,0,1
0.001053,2,2,146,178,31,29,554605.875,676163.375,0,0,0.003,0.008,0.0,0.0,0.0,1,1,2,1,0,0.0,0,0
4e-06,2,0,78,0,254,0,78000000.0,0.0,0,0,0.004,0.0,0.0,0.0,0.0,11,2,3,1,2,0.0,0,1
1.236987,14,18,1684,10168,31,29,10114.90039,62112.21484,3,5,95.126385,72.734647,0.000625,0.000494,0.000131,1,4,1,1,0,1.0,0,0
0.952021,12,8,5064,1038,254,252,39007.54297,7638.486816,3,2,86.547366,125.205711,0.129171,0.074898,0.054273,1,1,1,1,1,1.0,0,1
0.042178,44,46,2750,28874,31,29,509839.25,5357674.5,7,16,0.972605,0.924067,0.000723,0.000584,0.000139,9,12,6,4,0,0.0,0,0
0.688798,10,6,534,268,254,252,5586.543457,2601.633545,2,1,76.418444,123.201602,0.151042,0.072784,0.078258,7,3,3,3,1,0.0,0,1
9.886708,336,746,17954,1087890,31,29,14484.90234,879105.125,2,370,29.511626,13.270031,0.000667,0.000531,0.000136,3,3,3,1,0,1.0,0,0
3.841863,122,126,7820,15662,31,29,16150.49805,32355.13672,30,32,31.739157,30.712424,0.002931,0.002807,0.000124,10,5,8,1,0,0.0,0,0
0.001871,4,4,512,304,31,29,1641902.625,974879.75,0,0,0.469333,0.248,0.0,0.0,0.0,12,4,4,3,0,0.0,0,0
0.027459,52,42,37270,3380,31,29,10649769.0,961433.4375,18,8,0.531373,0.655463,0.000733,0.000581,0.000152,2,1,1,1,0,0.0,0,0
0.001774,4,4,528,304,31,29,1785794.75,1028184.875,0,0,0.448667,0.230667,0.0,0.0,0.0,7,6,3,3,0,0.0,0,0
0.98449,12,14,1312,8978,62,252,9775.620117,67746.75,3,5,89.499092,71.666692,0.092369,0.051809,0.04056,3,2,2,2,1,4.0,0,1
0.000979,2,2,146,178,31,29,596527.0625,727272.75,0,0,0.001,0.009,0.0,0.0,0.0,3,3,7,2,0,0.0,0,0
0.020935,56,58,3390,42510,31,29,1272510.125,15964843.0,7,22,0.374709,0.356474,0.000748,0.000606,0.000142,12,3,5,1,0,0.0,0,0
0.398671,18,6,13510,268,254,252,256050.7344,4494.93457,6,1,22.622235,73.109797,0.108445,0.033112,0.075333,2,1,8,1,1,0.0,0,1
0.369903,28,30,4992,3080,31,29,104113.7813,64406.07422,7,7,13.688371,12.737966,0.000622,0.000495,0.000127,9,4,4,3,0,0.0,0,0
0.970712,10,8,564,354,254,252,4186.617676,2554.825684,2,1,104.565222,128.76057,0.14693,0.069381,0.077549,1,2,1,1,1,0.0,0,1
0.001223,2,2,146,178,31,29,477514.3125,582175.0,0,0,0.011,0.009,0.0,0.0,0.0,4,1,3,1,0,0.0,0,0
0.014785,46,48,2854,29218,31,29,1510720.25,15480554.0,7,17,0.321444,0.302681,0.000689,0.000555,0.000134,12,17,12,4,0,0.0,0,0
0.165138,4,4,512,304,31,29,18602.62305,11045.30762,0,0,50.010332,50.713668,0.0,0.0,0.0,7,3,6,1,0,0.0,0,0
1e-05,2,0,114,0,254,0,45600000.0,0.0,0,0,0.01,0.0,0.0,0.0,0.0,9,5,11,5,2,0.0,0,1
0.004313,12,12,1036,2262,31,29,1762114.5,3846974.25,4,4,0.360455,0.341364,0.000708,0.000548,0.00016,6,2,1,1,0,0.0,0,0
0.004333,12,12,1036,2262,31,29,1753981.0,3829217.5,4,4,0.358818,0.338636,0.000755,0.000598,0.000157,4,2,3,1,0,0.0,0,0
0.009777,36,38,2334,16632,31,29,1857420.5,13251508.0,7,12,0.270257,0.249595,0.000671,0.000539,0.000132,9,2,1,1,0,0.0,0,0
1.357041,122,126,7814,15222,31,29,45687.64063,89029.0,30,32,11.212281,10.852416,0.00062,0.000482,0.000138,8,4,2,2,0,0.0,0,0
0.009954,36,38,2334,16102,31,29,1824392.25,12601165.0,7,12,0.275371,0.254297,0.000694,0.000541,0.000153,4,2,2,1,0,0.0,0,0
0.036043,62,62,3718,46932,31,29,812141.0625,10249092.0,7,24,0.585623,0.592017,0.000644,0.000518,0.000126,7,1,3,1,0,0.0,0,0
1.063897,12,18,1580,10168,31,29,10895.79102,72217.51563,3,5,96.682185,62.549765,0.000695,0.000544,0.000151,3,1,1,1,0,1.0,0,0
0.178808,10,6,806,268,254,252,32481.76758,10021.92285,2,1,19.469889,33.268,0.034674,0.01246,0.022214,2,1,1,2,1,1.0,0,1
0.249831,10,10,842,3670,62,252,24272.4082,105767.5,2,3,27.759,24.528667,0.05308,0.028349,0.024731,3,1,1,1,1,1.0,0,1
0.006825,4,4,568,320,31,29,499340.6563,281318.6875,0,0,1.932,1.783667,0.0,0.0,0.0,8,6,3,3,0,0.0,0,0
1.1e-05,2,0,114,0,254,0,41454544.0,0.0,0,0,0.011,0.0,0.0,0.0,0.0,12,4,4,4,2,0.0,0,1
0.007877,32,34,2126,12340,31,29,2092167.125,12165038.0,7,10,0.243677,0.220606,0.000722,0.000586,0.000136,4,3,2,1,0,0.0,0,0
0.144275,68,70,4014,59366,31,29,219303.4219,3244803.5,7,28,2.146313,2.082855,0.000687,0.000554,0.000133,3,3,5,2,0,0.0,0,0
0.027955,68,70,4014,57706,31,29,1131819.0,16278162.0,7,28,0.41206,0.396348,0.000732,0.000596,0.000136,4,2,2,2,0,0.0,0,0
0.204349,20,8,17286,354,254,252,642900.125,12136.10059,7,1,9.968105,25.692857,0.05444,0.024491,0.029949,10,3,3,10,1,1.0,0,1
1.36573,10,8,1108,354,254,252,5845.95752,1815.878662,2,1,151.623444,183.006281,0.130961,0.084678,0.046283,1,2,1,1,1,1.0,0,1
7e-06,2,0,114,0,254,0,65142856.0,0.0,0,0,0.007,0.0,0.0,0.0,0.0,7,4,4,4,2,0.0,0,1
0.02246,52,54,2934,3742,31,29,1025111.313,1308281.375,11,15,0.434255,0.413509,0.000735,0.000537,0.000198,2,4,7,4,0,0.0,0,0
0.008688,34,36,2230,13968,31,29,1993554.375,12504604.0,7,11,0.253242,0.2308,0.00076,0.000599,0.000161,4,2,2,1,0,0.0,0,0
1.080395,12,10,828,554,254,252,5620.166992,3694.945068,3,2,92.816911,110.094336,0.115973,0.089536,0.026437,3,1,6,1,1,0.0,0,1
1.551211,206,382,11930,473924,31,29,61232.16016,2437754.75,19,169,7.565268,4.070076,0.000653,0.000508,0.000145,4,6,1,1,0,0.0,0,0
0.090935,74,72,4326,61682,31,29,375477.0,5351163.0,7,30,1.241397,1.272746,0.000702,0.00056,0.000142,13,8,16,4,0,0.0,0,0
0.071059,78,80,4550,69850,31,29,505720.5625,7765603.0,7,33,0.918636,0.890633,0.000844,0.000689,0.000155,11,1,5,1,0,0.0,0,0
0.048612,68,70,4014,61374,31,29,650868.125,9956061.0,7,28,0.720269,0.697319,0.000627,0.000492,0.000135,12,3,10,1,0,0.0,0,0
8e-06,2,0,114,0,254,0,57000000.0,0.0,0,0,0.008,0.0,0.0,0.0,0.0,3,4,3,3,2,0.0,0,1
1.805826,52,54,2934,3742,31,29,12749.84473,16271.77832,11,15,35.401841,34.062094,0.000688,0.000528,0.00016,1,2,3,2,0,0.0,0,0
1e-06,2,0,104,0,254,0,416000000.0,0.0,0,0,0.001,0.0,0.0,0.0,0.0,3,1,1,1,2,0.0,0,1
0.515369,4,4,568,312,31,29,6612.737793,3632.348877,0,0,141.339672,166.673,0.0,0.0,0.0,9,2,3,2,0,0.0,0,0
0.304569,10,6,534,268,254,252,12634.24707,5883.724121,2,1,31.891,48.538398,0.116169,0.061866,0.054303,1,1,1,1,1,0.0,0,1
0.033856,122,126,7814,15228,31,29,1831285.375,3569943.25,30,32,0.281403,0.26604,0.000735,0.000596,0.000139,14,4,3,1,0,0.0,0,0
0.037019,42,44,2646,24694,31,29,558199.875,5215268.0,7,15,0.89261,0.846233,0.000779,0.00062,0.000159,17,2,4,1,0,0.0,0,0
0.006207,22,24,1920,4312,31,29,2362494.0,5326889.0,6,6,0.277905,0.24,0.000817,0.000676,0.000141,4,4,7,2,0,0.0,0,0
0.001817,4,4,528,304,31,29,1743533.375,1003852.5,0,0,0.465333,0.237667,0.0,0.0,0.0,5,4,3,3,0,0.0,0,0
0.021797,52,54,2934,3742,31,29,1056292.125,1348075.5,11,15,0.421373,0.400736,0.000708,0.000554,0.000154,1,5,6,4,0,0.0,0,0
2.964031,12,16,1256,8560,62,252,3109.279297,21659.69336,3,5,269.457369,195.578672,0.098784,0.02968,0.069104,2,2,2,2,1,1.0,0,1
0.65775,16,10,7220,1234,254,252,82329.14844,13512.73242,5,2,41.762599,70.894336,0.035412,0.019692,0.01572,1,1,1,1,1,1.0,0,1
0.005231,18,18,3848,2456,31,29,5559166.5,3548078.75,7,7,0.289059,0.276294,0.000673,0.000527,0.000146,6,6,4,4,0,0.0,0,0
0.863514,16,50,1624,59965,62,252,14109.78809,544435.875,2,23,57.5676,15.564408,0.146328,0.074761,0.071567,1,1,1,1,1,1.0,0,1
0.001194,2,2,146,178,31,29,489112.2188,596314.875,0,0,0.007,0.007,0.0,0.0,0.0,5,2,2,1,0,0.0,0,0
0.522599,12,12,632,682,254,252,8878.701172,9582.874023,3,4,47.509001,44.707637,0.08723,0.030115,0.057115,4,2,2,2,1,0.0,0,1
1.182814,14,18,1684,10168,31,29,10578.16406,64956.95703,3,5,90.957233,69.547176,0.000644,0.000507,0.000137,3,4,2,1,0,1.0,0,0
0.020674,54,56,3302,35400,31,29,1254135.625,13453807.0,7,21,0.384075,0.3666,0.000649,0.000508,0.000141,6,4,4,1,0,0.0,0,0
7e-06,2,0,114,0,254,0,65142856.0,0.0,0,0,0.007,0.0,0.0,0.0,0.0,9,3,5,3,2,0.0,0,1
1.006797,14,18,1684,10168,31,29,12427.53027,76313.30469,3,5,77.418305,59.188647,0.000757,0.000585,0.000172,3,2,5,1,0,1.0,0,0
0.026706,64,66,3806,51558,31,29,1122444.375,15210664.0,7,26,0.418492,0.400708,0.000799,0.00064,0.000159,4,2,2,1,0,0.0,0,0
0.188001,10,6,904,268,254,252,34638.11328,9531.864258,2,1,19.198333,36.120398,0.060569,0.007391,0.053178,1,1,1,1,1,1.0,0,1
0.001081,2,2,146,178,31,29,540240.5625,658649.4375,0,0,0.008,0.004,0.0,0.0,0.0,5,1,5,1,0,0.0,0,0
0.225104,8,12,424,8824,31,29,13185.0166,287476.0,1,4,32.107429,20.411183,0.000736,0.000577,0.000159,9,19,19,19,0,0.0,0,0
3e-06,2,0,200,0,254,0,200000000.0,0.0,0,0,0.004,0.0,0.0,0.0,0.0,11,5,8,5,2,0.0,0,1
2.170664,58,16,68115,698,254,252,246711.5938,2414.007812,26,1,38.081825,140.312062,0.154322,0.065614,0.088708,2,1,3,2,1,1.0,0,1
0.570268,12,8,1620,354,254,252,20832.31055,4348.83252,3,1,51.746728,70.32557,0.122723,0.077986,0.044737,1,1,15,1,1,1.0,0,1
1.376952,18,22,1014,9774,62,252,5565.916504,54206.67969,6,9,80.992,64.189859,0.057609,0.028953,0.028656,1,1,4,1,1,0.0,0,1
9e-06,2,0,114,0,254,0,50666664.0,0.0,0,0,0.009,0.0,0.0,0.0,0.0,10,4,5,4,2,0.0,0,1
0.254617,10,6,860,268,254,252,24318.87891,7038.021484,2,1,28.290778,34.967199,0.10606,0.074993,0.031067,1,1,1,1,1,1.0,0,1
0.896815,20,20,1193,1824,254,252,10115.79883,15459.15234,6,8,47.200789,45.730367,0.052913,0.007561,0.045352,1,1,1,1,1,0.0,0,1
3.823678,20,22,958,6880,62,252,1906.018188,13741.74316,7,9,201.246211,178.912235,0.097745,0.064985,0.03276,1,1,1,1,1,0.0,0,1
0.023058,44,46,2750,27620,31,29,932604.75,9374621.0,7,16,0.528233,0.499222,0.000726,0.000589,0.000137,17,2,4,1,0,0.0,0,0
0.004453,12,12,1064,2260,31,29,1753424.625,3722434.25,4,4,0.375364,0.348545,0.000766,0.000609,0.000157,8,6,2,1,0,0.0,0,0
0.030703,52,54,3182,38534,31,29,813210.4375,9854672.0,7,20,0.595588,0.570189,0.000615,0.000479,0.000136,11,3,3,2,0,0.0,0,0
4e-06,2,0,200,0,254,0,72727272.0,0.0,0,0,0.011,0.0,0.0,0.0,0.0,6,4,5,4,2,0.0,0,1
0.001185,2,2,146,178,31,29,492827.0313,600843.9375,0,0,0.011,0.002,0.0,0.0,0.0,9,3,2,2,0,0.0,0,0
0.001057,2,2,132,164,31,29,499526.9688,620624.375,0,0,0.012,0.008,0.0,0.0,0.0,2,1,5,1,0,0.0,0,0
0.161951,14,6,8922,268,254,252,409259.5625,11065.0752,4,1,11.436231,30.7554,0.053609,0.008165,0.045444,1,1,1,1,1,1.0,0,1
0.036098,4,4,536,304,31,29,89090.8125,50529.11719,0,0,6.677,8.001,0.0,0.0,0.0,8,13,8,5,0,0.0,0,0
7e-06,2,0,114,0,254,0,65142856.0,0.0,0,0,0.007,0.0,0.0,0.0,0.0,11,3,3,3,2,0.0,0,1
0.230041,10,8,838,1510,62,252,26256.18945,45974.41406,2,2,25.560111,31.043572,0.055938,0.007729,0.048209,1,1,1,1,1,1.0,0,1
0.27207,14,40,992,46876,62,252,27110.67188,1343918.875,2,18,20.928462,6.639641,0.054238,0.007417,0.046821,1,2,1,1,1,1.0,0,1
1e-05,2,0,114,0,254,0,45600000.0,0.0,0,0,0.01,0.0,0.0,0.0,0.0,7,3,3,3,2,0.0,0,1
0.001031,2,2,146,178,31,29,566440.3125,690591.625,0,0,0.012,0.003,0.0,0.0,0.0,7,2,4,1,0,0.0,0,0
31.082809,4,4,184,112,0,0,35.518024,21.619667,0,0,15515.214,15515.213,0.0,0.0,0.0,2,2,2,2,0,0.0,0,0
0.061738,54,56,3302,35400,31,29,419968.25,4505232.0,7,21,1.082547,1.055636,0.007565,0.003674,0.003891,14,1,3,1,0,0.0,0,0
1.091795,28,20,12805,1670,62,252,90478.52344,11628.55664,11,8,40.436852,56.234844,0.059785,0.022471,0.037314,1,1,1,1,1,0.0,0,1
1.891798,18,58,1190,69101,62,252,4753.149902,287176.5313,2,27,111.275588,31.666649,0.173418,0.086794,0.086624,1,1,1,1,1,1.0,0,1
0.006661,22,24,2054,2478,31,29,2355201.75,2852424.5,6,6,0.299667,0.259087,0.00083,0.000692,0.000138,16,7,3,2,0,0.0,0,0
0.782326,10,10,794,4252,62,252,7311.530273,39134.58203,2,3,86.925111,71.963778,0.14237,0.074431,0.067939,1,1,1,1,1,1.0,0,1
0.001007,2,2,146,178,31,29,579940.4375,707050.6875,0,0,0.004,0.006,0.0,0.0,0.0,7,5,5,1,0,0.0,0,0
1.00665,14,18,1684,10168,31,29,12429.34473,76324.44531,3,5,77.408154,59.183235,0.000652,0.000531,0.000121,1,2,9,2,0,1.0,0,0
1.025596,66,58,6136,8010,31,29,47145.26953,61404.29297,14,17,15.7784,17.980088,0.000736,0.000589,0.000147,1,3,5,3,0,0.0,0,0
1.144894,14,18,1684,10168,31,29,10928.52246,67108.39844,3,5,88.040387,67.315176,0.000658,0.000533,0.000125,1,2,2,1,0,1.0,0,0
1.006866,14,18,1684,10168,31,29,12426.67871,76308.07031,3,5,77.422541,59.193882,0.000708,0.000566,0.000142,2,5,8,2,0,1.0,0,0
0.316738,10,8,786,3200,62,252,17882.28711,70720.90625,2,2,35.193111,37.295,0.111503,0.054982,0.056521,3,20,20,20,1,1.0,0,1
0.001713,4,4,536,304,31,29,1877408.0,1064798.625,0,0,0.432,0.227333,0.0,0.0,0.0,11,7,6,4,0,0.0,0,0
0.045485,48,48,2974,31296,31,29,512344.7188,5389733.0,7,18,0.960957,0.956766,0.000652,0.000516,0.000136,6,1,1,1,0,0.0,0,0
0.007874,18,18,3992,2456,31,29,3831343.75,2357124.75,7,7,0.441765,0.431647,0.000678,0.000531,0.000147,7,3,5,3,0,0.0,0,0
0.0,1,0,24,0,254,0,0.0,0.0,0,0,0.0,0.0,0.0,0.0,0.0,4,2,3,2,2,0.0,0,1
0.808207,10,10,772,3516,62,252,6879.425781,31328.60938,2,3,89.800778,72.027667,0.184977,0.124941,0.060036,1,1,1,1,1,1.0,0,1
0.001098,2,2,146,178,31,29,531876.125,648451.75,0,0,0.01,0.008,0.0,0.0,0.0,4,4,3,1,0,0.0,0,0
0.613976,60,14,68199,612,254,252,873819.1875,7413.970703,27,1,10.406373,43.234691,0.097128,0.051209,0.045919,1,4,3,4,1,4.0,0,1
0.020702,52,42,37262,3380,31,29,14122693.0,1275239.125,18,8,0.398882,0.492585,0.000647,0.000502,0.000145,1,3,4,2,0,0.0,0,0
12.43788,10,8,564,354,254,252,326.743805,199.3909,2,1,1381.928,1770.37975,0.089793,0.045212,0.044581,3,1,1,1,1,0.0,0,1
0.001681,4,4,520,304,31,29,1856038.125,1085068.375,0,0,0.437,0.204,0.0,0.0,0.0,10,5,4,3,0,0.0,0,0
0.338168,12,26,1256,30158,62,252,27252.72656,686025.875,2,11,30.742544,11.83288,0.064083,0.027179,0.036904,2,6,6,13,1,1.0,0,1
26.793903,392,410,53644,70388,31,29,15976.17188,20965.06836,110,121,68.525782,65.509288,0.000764,0.000599,0.000165,24,14,22,11,0,0.0,0,0
0.364733,10,6,862,268,254,252,17020.66992,4913.183105,2,1,38.459556,58.975602,0.124641,0.069846,0.054795,1,36,1,1,1,1.0,0,1
1e-05,2,0,114,0,254,0,45600000.0,0.0,0,0,0.01,0.0,0.0,0.0,0.0,13,3,3,3,2,0.0,0,1
1.114828,14,18,1684,10168,31,29,11223.25586,68918.25781,3,5,85.724464,65.548941,0.000626,0.000492,0.000134,2,1,3,1,0,1.0,0,0
0.256817,32,24,3728,5474,31,29,112515.9141,163415.9688,7,7,8.284419,11.134739,0.000726,0.000573,0.000153,1,3,2,1,0,0.0,0,0
1.147429,14,18,1684,10168,31,29,10904.37891,66960.13281,3,5,88.237151,67.465118,0.000649,0.000518,0.000131,1,4,2,1,0,1.0,0,0
1.161036,14,18,1684,10168,31,29,10776.58203,66175.38281,3,5,89.28431,68.267588,0.000605,0.000483,0.000122,2,1,2,1,0,1.0,0,0
0.777805,20,20,3412,1720,62,252,33345.12109,16806.26953,7,8,40.937104,40.512527,0.05329,0.007411,0.045879,2,1,1,1,1,0.0,0,1
0.001116,2,2,146,178,31,29,523297.5,637992.8125,0,0,0.01,0.008,0.0,0.0,0.0,6,3,4,2,0,0.0,0,0
0.468558,10,8,1192,1822,62,252,18320.03711,27232.48633,2,2,52.062,58.962285,0.064976,0.055103,0.009873,2,1,1,1,1,1.0,0,1
1.032906,14,18,1684,10168,31,29,12113.39551,74384.30469,3,5,79.427695,60.726706,0.000684,0.000548,0.000136,3,1,2,1,0,1.0,0,0
1.2e-05,2,0,114,0,254,0,38000000.0,0.0,0,0,0.012,0.0,0.0,0.0,0.0,8,4,4,4,2,0.0,0,1
0.754061,10,12,820,4588,62,252,7829.605469,44622.38672,2,3,83.784556,59.709271,0.155855,0.050295,0.10556,1,1,1,1,1,1.0,0,1
0.630067,10,6,506,268,254,252,5789.860352,2844.14209,2,1,67.634556,103.848797,0.192329,0.110817,0.081512,2,1,2,2,1,1.0,0,1
3.608875,154,30,201120,1300,254,252,442941.3438,2786.463867,74,1,23.248366,119.829313,0.231008,0.133823,0.097185,1,1,1,1,1,1.0,0,1
0.488959,10,8,840,1120,62,252,12369.13477,16034.06348,2,2,54.328778,59.47,0.124122,0.071231,0.052891,6,2,2,2,1,0.0,0,0
1.99683,10,8,564,354,254,252,2035.22583,1241.968506,2,1,221.761111,270.976156,0.231242,0.099991,0.131251,3,1,1,1,1,0.0,0,1
0.1348,32,24,3728,5474,31,29,214362.0156,311335.3125,7,7,4.348387,5.82487,0.000829,0.000685,0.000144,2,2,4,2,0,0.0,0,0
0.278758,14,18,1436,1644,31,29,38284.10547,44569.125,4,4,21.418615,16.367824,0.000636,0.000495,0.000141,18,9,12,9,0,0.0,0,0
1.7e-05,2,0,156,0,254,0,36705880.0,0.0,0,0,0.017,0.0,0.0,0.0,0.0,10,2,4,2,2,0.0,0,1
0.881986,122,126,7814,15214,31,29,70295.89844,136909.2031,30,32,7.286016,7.051456,0.000717,0.000548,0.000169,9,1,1,1,0,0.0,0,0
0.097993,84,86,4862,78752,31,29,392272.9063,6354494.5,7,36,1.190634,1.146435,0.000673,0.000541,0.000132,10,2,3,1,0,0.0,0,0
0.223402,8,12,424,8824,31,29,13285.46777,289666.1563,1,4,31.866143,20.255908,0.000715,0.000583,0.000132,3,3,3,3,0,0.0,0,0
1.1e-05,2,0,114,0,254,0,41454544.0,0.0,0,0,0.011,0.0,0.0,0.0,0.0,18,7,7,7,2,0.0,0,1
0.011432,38,40,2438,19420,31,29,1661301.5,13250524.0,7,13,0.300243,0.277128,0.000755,0.00062,0.000135,10,7,4,1,0,0.0,0,0
1.116801,14,18,1684,10168,31,29,11203.42773,68796.5,3,5,85.880305,65.663529,0.000658,0.000514,0.000144,2,2,3,2,0,1.0,0,0
0.001831,4,4,544,304,31,29,1782632.5,996176.9375,0,0,0.469667,0.231667,0.0,0.0,0.0,17,3,8,3,0,0.0,0,0
1.2e-05,2,0,200,0,254,0,160000000.0,0.0,0,0,0.005,0.0,0.0,0.0,0.0,19,6,6,6,2,0.0,0,1
0.007226,18,18,3840,2456,31,29,4015499.5,2568502.5,7,7,0.403294,0.388706,0.000739,0.000607,0.000132,9,6,3,3,0,0.0,0,0
0.006271,22,24,1920,4312,31,29,2338383.0,5272524.5,6,6,0.279762,0.241174,0.000875,0.000713,0.000162,9,3,4,3,0,0.0,0,0
0.03701,42,44,2646,24666,31,29,558335.625,5210700.0,7,15,0.917425,0.846558,0.000753,0.000607,0.000146,8,3,5,2,0,0.0,0,0
0.774733,54,56,3148,5040,31,29,31907.76758,51114.38281,13,13,14.611038,14.076127,0.000679,0.000541,0.000138,5,1,2,1,0,0.0,0,0
0.032996,72,74,4222,63010,31,29,1009576.938,15070676.0,7,30,0.45893,0.443918,0.000745,0.000579,0.000166,9,1,4,1,0,0.0,0,0
2e-06,2,0,114,0,254,0,228000000.0,0.0,0,0,0.002,0.0,0.0,0.0,0.0,11,4,4,4,2,0.0,0,1
0.001137,2,2,146,178,31,29,513632.3438,626209.3125,0,0,0.007,0.008,0.0,0.0,0.0,3,1,1,1,0,0.0,0,0
0.975881,10,8,982,354,254,252,7246.785156,2541.293457,2,1,108.301444,118.74,0.221197,0.144697,0.0765,10,1,3,1,1,0.0,0,1
1.040351,60,14,68199,612,254,252,515695.1563,4375.446289,27,1,16.798034,76.354766,0.134759,0.047729,0.08703,3,1,2,1,1,1.0,0,1
0.233987,10,14,798,9986,62,252,24582.5625,317043.25,2,5,25.998556,14.066846,0.100829,0.050507,0.050322,2,1,1,2,1,1.0,0,1
0.961664,88,29,94149,1983,62,252,774324.5,15930.71973,41,7,11.053609,33.997786,0.054312,0.006693,0.047619,1,1,1,1,1,0.0,0,1
1.1e-05,2,0,200,0,254,0,72727272.0,0.0,0,0,0.011,0.0,0.0,0.0,0.0,14,6,5,5,2,0.0,0,1
0.817964,10,8,816,1086,62,252,7188.580078,9301.142578,2,2,90.884889,97.02357,0.271687,0.138064,0.133623,3,1,3,3,1,1.0,0,0
0.846775,28,30,4824,3080,31,29,43950.28125,28134.98242,7,7,31.348223,29.179379,0.000713,0.000569,0.000144,7,2,1,1,0,0.0,0,0
0.279919,12,22,868,22782,62,252,22749.4375,621522.6875,2,9,25.447181,11.121477,0.046317,0.018876,0.027441,1,1,1,1,1,1.0,0,1
0.613301,10,8,1030,354,254,252,12091.94238,4043.69165,2,1,68.128667,78.242289,0.162786,0.065603,0.097183,2,2,4,1,1,0.0,0,1
0.822374,14,6,8732,268,254,252,78883.82031,2179.057373,4,1,60.280151,136.583203,0.221228,0.139454,0.081774,10,3,2,2,1,0.0,0,1
5.389919,454,858,25472,1094788,31,29,37723.75781,1623049.25,38,390,11.897568,6.288745,0.000592,0.00046,0.000132,4,4,3,1,0,0.0,0,0
0.040092,122,126,7818,15800,31,29,1547241.375,3127806.25,30,32,0.328405,0.31684,0.000623,0.000483,0.00014,1,4,3,1,0,0.0,0,0
0.001084,2,2,146,178,31,29,538745.375,656826.5625,0,0,0.011,0.009,0.0,0.0,0.0,4,2,3,1,0,0.0,0,0
0.001774,4,4,536,304,31,29,1812852.25,1028184.875,0,0,0.45,0.229667,0.0,0.0,0.0,13,4,3,3,0,0.0,0,0
0.214153,12,26,1270,29352,62,252,43520.28516,1054349.0,2,11,19.468455,8.10116,0.053417,0.007487,0.04593,3,1,1,1,1,1.0,0,1
0.080365,4,4,568,320,31,29,42406.51953,23890.99609,0,0,21.676,23.980334,0.0,0.0,0.0,9,6,7,4,0,0.0,0,0
7e-06,2,0,114,0,254,0,65142856.0,0.0,0,0,0.007,0.0,0.0,0.0,0.0,8,4,3,3,2,0.0,0,1
0.244791,12,24,1112,26344,62,252,33334.55859,825095.6875,2,10,22.253727,10.153261,0.051707,0.00614,0.045567,1,1,1,1,1,1.0,0,1
4e-06,2,0,114,0,254,0,114000000.0,0.0,0,0,0.004,0.0,0.0,0.0,0.0,16,7,7,7,2,0.0,0,1
0.646038,10,8,818,1874,62,252,9126.398438,20308.40234,2,2,71.782,89.883,0.033758,0.015879,0.017879,1,2,2,2,1,1.0,0,1
0.490795,10,6,582,268,254,252,8541.244141,3651.218994,2,1,49.711556,80.089398,0.145921,0.090338,0.055583,1,1,1,1,1,1.0,0,1
0.001124,2,2,130,162,31,29,462633.4688,576512.5,0,0,0.001,0.004,0.0,0.0,0.0,3,4,3,1,0,0.0,0,0
0.001071,2,2,146,178,31,29,545284.75,664799.25,0,0,0.008,0.006,0.0,0.0,0.0,3,4,2,1,0,0.0,0,0
1.079454,14,18,1684,10168,31,29,11591.0459,71176.72656,3,5,83.00669,63.467824,0.000635,0.000495,0.00014,10,3,3,1,0,0.0,0,0
1e-05,2,0,104,0,254,0,41600000.0,0.0,0,0,0.01,0.0,0.0,0.0,0.0,12,5,4,4,2,0.0,0,1
1.151653,358,746,19098,1087890,31,29,132296.7813,7546939.5,2,370,3.225034,1.545122,0.000703,0.000533,0.00017,20,5,24,5,0,0.0,0,0
4e-06,2,0,104,0,29,0,104000000.0,0.0,0,0,0.004,0.0,0.0,0.0,0.0,4,2,4,2,0,0.0,0,0
4.744362,358,746,19098,1087890,31,29,32113.9082,1831954.75,2,370,13.288549,6.367568,0.000666,0.000523,0.000143,2,1,2,1,0,1.0,0,0
1.140897,14,18,1684,10168,31,29,10966.80957,67343.5,3,5,87.733079,67.082941,0.00061,0.000483,0.000127,3,2,3,1,0,1.0,0,0
2.031581,10,8,918,354,254,252,3256.577148,1220.724243,2,1,225.693333,279.925563,0.198856,0.072094,0.126762,1,2,1,1,1,1.0,0,1
0.001058,2,2,130,162,31,29,491493.375,612476.375,0,0,0.01,0.008,0.0,0.0,0.0,2,2,3,1,0,0.0,0,0
1.1e-05,2,0,114,0,254,0,41454544.0,0.0,0,0,0.011,0.0,0.0,0.0,0.0,9,4,5,4,2,0.0,0,1
1.1e-05,2,0,180,0,254,0,65454544.0,0.0,0,0,0.011,0.0,0.0,0.0,0.0,14,14,15,14,2,0.0,0,1
1.669472,48,24,41200,2102,62,252,193316.2188,9655.748047,21,8,35.507766,70.622086,0.124201,0.04516,0.079041,1,1,1,1,1,0.0,0,1
0.026988,42,44,2646,23966,31,29,765673.625,6942937.5,7,15,0.650829,0.611465,0.000844,0.000683,0.000161,8,2,5,1,0,0.0,0,0
8.889082,360,746,19202,1087890,31,29,17233.72656,977767.5625,2,370,24.75976,11.930938,0.000698,0.000529,0.000169,1,1,8,1,0,1.0,0,0
4e-06,2,0,114,0,254,0,114000000.0,0.0,0,0,0.004,0.0,0.0,0.0,0.0,9,4,6,4,2,0.0,0,1
0.445308,158,300,9298,372934,31,29,165997.4688,6677463.5,15,134,2.834261,1.487579,0.000685,0.000519,0.000166,6,3,1,1,0,0.0,0,0
3.126062,52,54,2934,3740,31,29,7365.177246,9394.567383,11,15,61.286237,58.972039,0.000673,0.000543,0.00013,4,9,16,9,0,0.0,0,0
1.1e-05,2,0,200,0,254,0,72727272.0,0.0,0,0,0.011,0.0,0.0,0.0,0.0,10,3,7,3,2,0.0,0,1
0.036159,4,4,528,304,31,29,87613.03906,50443.87109,0,0,7.005333,7.682333,0.0,0.0,0.0,10,11,2,2,0,0.0,0,0
0.004026,12,12,1036,2262,31,29,1887729.75,4121212.25,4,4,0.334182,0.318545,0.000642,0.000512,0.00013,6,1,2,1,0,0.0,0,0
4e-06,2,0,200,0,254,0,266666656.0,0.0,0,0,0.003,0.0,0.0,0.0,0.0,14,6,9,5,2,0.0,0,1
0.005441,22,14,1470,1728,31,29,2064326.375,2359860.25,5,4,0.259095,0.368692,0.000666,0.000516,0.00015,2,3,1,1,0,0.0,0,0
0.609988,10,6,840,268,254,252,9914.949219,2937.762939,2,1,67.776444,105.198,0.162642,0.081981,0.080661,1,2,1,1,1,1.0,0,1
4e-06,2,0,114,0,254,0,114000000.0,0.0,0,0,0.004,0.0,0.0,0.0,0.0,6,3,3,3,2,0.0,0,1
1.699791,120,124,7670,15366,31,29,35802.05078,71740.58594,29,32,14.274252,13.815227,0.000653,0.000513,0.00014,4,3,2,1,0,0.0,0,0
1.025114,12,18,1580,10168,31,29,11308.00977,74949.71094,3,5,93.158276,60.269356,0.000672,0.000531,0.000141,1,3,2,2,0,1.0,0,0
0.268531,14,6,8928,320,31,29,247003.1406,7954.38916,4,1,20.65623,53.575801,0.000668,0.00051,0.000158,2,2,2,1,0,0.0,0,0
0.888585,12,8,4706,354,254,252,38839.28125,2790.954346,3,1,78.212272,112.543711,0.167306,0.10077,0.066536,1,1,17,1,1,1.0,0,1
0.001437,2,2,130,162,31,29,361865.0,450939.4688,0,0,0.007,0.001,0.0,0.0,0.0,2,4,4,1,0,0.0,0,0
0.446584,10,6,838,268,254,252,13524.8916,4012.683105,2,1,46.249333,72.927602,0.150526,0.081937,0.068589,2,1,18,1,1,1.0,0,1
0.016735,44,46,2766,26586,31,29,1292620.25,12433343.0,7,16,0.382279,0.3596,0.000704,0.000549,0.000155,8,3,6,1,0,0.0,0,0
0.600229,6,8,320,1910,31,29,3558.641602,22284.82617,1,2,119.9808,85.67543,0.000629,0.000497,0.000132,3,4,3,1,0,0.0,0,0
0.002302,4,4,536,304,31,29,1397046.0,792354.4375,0,0,0.638667,0.202333,0.0,0.0,0.0,13,3,3,3,0,0.0,0,0
0.307146,10,8,808,1290,62,252,18961.66602,29406.20898,2,2,34.127333,33.699855,0.088376,0.042829,0.045547,1,2,1,1,1,1.0,0,1
7e-06,2,0,114,0,254,0,65142856.0,0.0,0,0,0.007,0.0,0.0,0.0,0.0,14,11,7,7,2,0.0,0,1
1e-05,2,0,168,0,254,0,67200000.0,0.0,0,0,0.01,0.0,0.0,0.0,0.0,2,1,1,1,2,0.0,0,1
0.052126,42,44,2646,23604,31,29,396424.0313,3540344.5,7,15,1.263561,1.200372,0.000641,0.000507,0.000134,12,4,4,2,0,0.0,0,0
0.058985,52,42,37184,3380,31,29,4946207.0,447571.4375,18,8,1.149157,1.42661,0.000612,0.000491,0.000121,2,2,2,2,0,0.0,0,0
0.606364,10,10,1194,4010,62,252,14182.89941,47614.96484,2,3,67.359,55.853,0.153262,0.103684,0.049578,1,1,1,1,1,1.0,0,1
4e-06,2,0,200,0,254,0,88888888.0,0.0,0,0,0.009,0.0,0.0,0.0,0.0,23,8,8,8,2,0.0,0,1
0.234427,10,8,1132,1052,254,252,34774.15234,31429.82617,2,2,26.047444,26.819857,0.051582,0.023552,0.02803,1,1,1,1,1,1.0,0,1
0.024978,64,66,3806,51314,31,29,1200096.0,16186083.0,7,26,0.391397,0.380953,0.000754,0.000586,0.000168,4,1,2,1,0,0.0,0,0
0.011939,38,40,2438,20718,31,29,1590753.0,13536142.0,7,13,0.314054,0.290256,0.000765,0.000608,0.000157,2,5,2,1,0,0.0,0,0
1.638146,24,112,1406,136317,62,252,6583.051758,659770.25,2,53,71.223736,14.117382,0.129283,0.061446,0.067837,1,1,1,1,1,1.0,0,1
0.165009,10,6,1612,268,254,252,70347.67188,10860.01367,2,1,17.482889,29.611,0.032331,0.016943,0.015388,9,2,2,2,1,0.0,0,1
0.836212,10,10,792,4250,62,252,6821.236816,36593.59375,2,3,92.901111,82.969444,0.155247,0.089484,0.065763,2,1,18,1,1,1.0,0,1
1e-05,2,0,114,0,254,0,45600000.0,0.0,0,0,0.01,0.0,0.0,0.0,0.0,7,3,3,3,2,0.0,0,1
6e-06,2,0,200,0,254,0,80000000.0,0.0,0,0,0.01,0.0,0.0,0.0,0.0,14,4,8,4,2,0.0,0,1
0.012895,42,44,2646,24330,31,29,1602481.5,14751764.0,7,15,0.314175,0.285279,0.00076,0.000617,0.000143,9,3,4,2,0,0.0,0,0
0.613674,10,6,2502,268,254,252,29357.60742,2920.117188,2,1,64.466778,105.118398,0.129709,0.088079,0.04163,2,1,1,2,1,1.0,0,1
0.575803,10,8,766,1150,62,252,9586.612305,13990.89648,2,2,63.978111,71.81443,0.120286,0.046001,0.074285,2,1,1,1,1,1.0,0,1
0.417562,10,10,730,5292,62,252,12587.35254,91253.51563,2,3,46.395778,41.534222,0.113659,0.043077,0.070582,1,1,1,1,1,1.0,0,1
0.033007,56,58,3390,44558,31,29,807101.5625,10613506.0,7,22,0.593909,0.567175,0.000817,0.000668,0.000149,3,5,4,1,0,0.0,0,0
1e-05,2,0,200,0,254,0,80000000.0,0.0,0,0,0.01,0.0,0.0,0.0,0.0,12,2,9,2,2,0.0,0,1
3.490539,10,8,964,354,254,252,1989.377563,710.492004,2,1,387.837667,480.311281,0.259159,0.127675,0.131484,2,1,1,2,1,1.0,0,1
1e-05,2,0,200,0,254,0,80000000.0,0.0,0,0,0.01,0.0,0.0,0.0,0.0,2,2,5,2,2,0.0,0,1
1.463077,60,16,68197,698,254,252,366684.75,3581.493164,27,1,24.797915,88.431531,0.221314,0.097567,0.123747,3,1,1,3,1,4.0,0,1
4e-06,2,0,200,0,254,0,200000000.0,0.0,0,0,0.004,0.0,0.0,0.0,0.0,21,6,6,6,2,0.0,0,1
0.618851,10,6,706,268,254,252,8221.688477,2895.688965,2,1,68.761222,93.356,0.166929,0.085757,0.081172,4,1,4,1,1,0.0,0,1
1.3e-05,2,0,1432,0,254,0,440615392.0,0.0,0,0,0.013,0.0,0.0,0.0,0.0,8,1,1,1,2,0.0,0,1
0.21913,10,8,820,2900,62,252,26942.91211,92657.32813,2,2,24.347778,29.978572,0.049522,0.005342,0.04418,2,1,1,1,1,1.0,0,1
4e-06,2,0,114,0,254,0,114000000.0,0.0,0,0,0.004,0.0,0.0,0.0,0.0,8,4,4,4,2,0.0,0,1
0.464921,10,6,588,268,254,252,9119.829102,3854.418213,2,1,45.732444,73.708602,0.143248,0.09637,0.046878,4,1,1,1,1,0.0,0,1
0.209872,72,74,4238,65628,31,29,159335.2031,2467866.0,7,30,2.951225,2.867219,0.000707,0.000562,0.000145,5,2,3,1,0,0.0,0,0
2.7e-05,2,0,114,0,254,0,16888888.0,0.0,0,0,0.027,0.0,0.0,0.0,0.0,3,3,3,3,2,0.0,0,1
1.631982,62,368,3020,474471,62,252,14568.78809,2319545.25,2,182,26.753804,4.426817,0.057764,0.011119,0.046645,1,1,1,1,1,1.0,0,1
1.078412,28,30,4712,3080,31,29,33708.82031,22091.74023,7,7,39.929261,37.167379,0.000695,0.000554,0.000141,1,4,1,1,0,0.0,0,0
1.457202,60,16,68181,698,254,252,368075.2813,3595.932617,27,1,24.040424,90.308203,0.160773,0.10257,0.058203,8,1,2,2,1,1.0,0,1
0.000989,2,2,146,178,31,29,590495.5,719919.125,0,0,0.01,0.004,0.0,0.0,0.0,5,6,2,1,0,0.0,0,0
1.161883,14,18,1684,10168,31,29,10768.72656,66127.14063,3,5,89.348695,68.295588,0.000988,0.000854,0.000134,2,2,2,1,0,1.0,0,0
1.1e-05,2,0,114,0,254,0,41454544.0,0.0,0,0,0.011,0.0,0.0,0.0,0.0,23,7,7,7,2,0.0,0,1
1e-05,2,0,114,0,254,0,45600000.0,0.0,0,0,0.01,0.0,0.0,0.0,0.0,14,4,4,4,2,0.0,0,1
0.002948,6,8,320,1900,31,29,724559.0,4512890.0,1,2,0.5266,0.351714,0.000614,0.000483,0.000131,3,3,6,3,0,0.0,0,0
1.1e-05,2,0,114,0,254,0,41454544.0,0.0,0,0,0.011,0.0,0.0,0.0,0.0,14,7,8,7,2,0.0,0,1
0.004579,4,4,568,312,31,29,744267.25,408822.875,0,0,1.174333,1.036,0.0,0.0,0.0,9,8,3,3,0,0.0,0,0
1.495754,122,126,7804,14860,31,29,41402.53125,78852.53906,30,32,12.358744,11.962072,0.000621,0.000488,0.000133,9,2,7,2,0,0.0,0,0
0.205436,14,8,6684,1056,254,252,241710.3125,35982.00781,4,2,15.802769,25.429,0.051702,0.006953,0.044749,2,1,1,1,1,1.0,0,1
1.688092,118,34,134732,2458,62,252,633098.1875,11307.44043,56,8,14.428137,49.969242,0.065015,0.03854,0.026475,1,1,1,1,1,0.0,0,1
1.018156,10,12,790,9102,62,252,5586.569824,65561.65625,2,4,113.128444,83.516908,0.208054,0.098836,0.109218,5,2,2,2,1,0.0,0,1
0.047991,14,8,8928,424,31,29,1382092.5,61844.92969,4,1,3.691615,6.760143,0.000667,0.000532,0.000135,3,5,5,3,0,0.0,0,0
1.1e-05,2,0,114,0,254,0,41454544.0,0.0,0,0,0.011,0.0,0.0,0.0,0.0,6,4,3,3,2,0.0,0,1
0.028589,52,54,3182,35198,31,29,873342.875,9667214.0,7,20,0.55398,0.539288,0.000729,0.000543,0.000186,8,1,5,1,0,0.0,0,0
1.1e-05,2,0,114,0,254,0,41454544.0,0.0,0,0,0.011,0.0,0.0,0.0,0.0,13,7,7,7,2,0.0,0,1
0.001239,2,2,146,178,31,29,471347.875,574657.0,0,0,0.002,0.004,0.0,0.0,0.0,5,3,3,1,0,0.0,0,0
0.699043,10,6,790,268,254,252,8136.838867,2563.504883,2,1,63.054333,125.669398,0.132312,0.070685,0.061627,5,1,1,1,1,0.0,0,1
2e-06,2,0,114,0,254,0,228000000.0,0.0,0,0,0.002,0.0,0.0,0.0,0.0,11,3,3,3,2,0.0,0,1
0.013954,44,46,2766,28048,31,29,1550236.5,15731117.0,7,16,0.317116,0.296511,0.000726,0.000601,0.000125,7,6,4,4,0,0.0,0,0
1.2e-05,2,0,200,0,254,0,66666664.0,0.0,0,0,0.012,0.0,0.0,0.0,0.0,22,4,4,4,2,0.0,0,1
1.037036,12,18,1580,10168,31,29,11178.01172,74088.07813,3,5,94.24118,60.968644,0.0007,0.000565,0.000135,3,3,5,1,0,1.0,0,0
1.2e-05,2,0,114,0,254,0,38000000.0,0.0,0,0,0.012,0.0,0.0,0.0,0.0,7,7,9,7,2,0.0,0,1
4e-06,2,0,200,0,254,0,200000000.0,0.0,0,0,0.004,0.0,0.0,0.0,0.0,11,2,6,2,2,0.0,0,1
0.014885,38,42,2438,19518,31,29,1275915.375,10240645.0,7,13,0.393649,0.34839,0.000732,0.000592,0.00014,7,1,2,1,0,0.0,0,0
0.437865,52,42,37226,3380,31,29,667073.1875,60292.55859,18,8,8.578588,10.656683,0.001064,0.000938,0.000126,4,4,4,1,0,0.0,0,0
0.001171,2,2,146,178,31,29,498719.0625,608027.375,0,0,0.01,0.003,0.0,0.0,0.0,2,2,4,1,0,0.0,0,0
1.116553,14,18,1684,10168,31,29,11205.91699,68811.78125,3,5,85.861772,65.649824,0.000655,0.000502,0.000153,3,6,4,1,0,1.0,0,0
0.012973,40,42,2542,23354,31,29,1528713.5,14058737.0,7,14,0.324385,0.300805,0.000782,0.000629,0.000153,6,3,3,1,0,0.0,0,0
0.001243,2,2,146,178,31,29,469831.0313,572807.6875,0,0,0.011,0.008,0.0,0.0,0.0,3,2,6,1,0,0.0,0,0
4e-06,2,0,114,0,254,0,114000000.0,0.0,0,0,0.004,0.0,0.0,0.0,0.0,9,2,2,2,2,0.0,0,1
0.403237,4,4,568,312,31,29,8451.605469,4642.431152,0,0,129.339,97.958,0.0,0.0,0.0,11,4,3,2,0,0.0,0,0
1.224673,14,18,1684,10168,31,29,10216.60449,62736.74609,3,5,94.178382,72.009059,0.000653,0.000511,0.000142,2,2,2,1,0,1.0,0,0
1.1e-05,2,0,180,0,254,0,65454544.0,0.0,0,0,0.011,0.0,0.0,0.0,0.0,14,14,15,14,2,0.0,0,1
0.00107,2,2,130,162,31,29,485981.3125,605607.5,0,0,0.01,0.008,0.0,0.0,0.0,1,1,2,1,0,0.0,0,0
0.276418,10,6,1204,268,254,252,31372.77539,6482.935059,2,1,24.778778,48.907801,0.052978,0.031877,0.021101,1,1,1,1,1,1.0,0,1
0.482391,10,6,910,268,254,252,13582.34277,3714.828857,2,1,50.046889,73.784602,0.161913,0.113458,0.048455,3,1,1,1,1,0.0,0,1
1.1e-05,2,0,200,0,254,0,80000000.0,0.0,0,0,0.01,0.0,0.0,0.0,0.0,10,4,4,4,2,0.0,0,1
0.428819,10,8,786,2018,62,252,13208.37012,32946.30078,2,2,47.646556,53.922,0.114929,0.05074,0.064189,1,1,1,1,1,1.0,0,1
0.026474,36,38,2334,16102,31,29,685956.0,4737931.5,7,12,0.746629,0.708278,0.001127,0.000974,0.000153,10,1,4,1,0,0.0,0,0
0.924663,12,12,632,682,254,252,5018.044434,5416.027344,3,4,84.060274,72.19182,0.192649,0.09345,0.099199,2,1,1,1,1,0.0,0,1
0.051252,40,42,2542,21450,31,29,386950.75,3268555.25,7,14,1.305615,1.238146,0.000623,0.000484,0.000139,9,4,6,4,0,0.0,0,0
1.1e-05,2,0,114,0,254,0,41454544.0,0.0,0,0,0.011,0.0,0.0,0.0,0.0,8,4,5,4,2,0.0,0,1
0.017597,16,18,1540,1644,31,29,656475.5625,706029.5,4,4,1.151867,1.008294,0.000586,0.000452,0.000134,11,8,9,7,0,0.0,0,0
1.1e-05,2,0,114,0,254,0,41454544.0,0.0,0,0,0.011,0.0,0.0,0.0,0.0,6,4,4,4,2,0.0,0,1
0.662991,10,10,820,5904,62,252,8905.098633,64121.53516,2,3,73.647,61.839444,0.168721,0.10643,0.062291,1,1,1,1,1,1.0,0,1
0.029606,52,54,2934,3738,31,29,777680.1875,991420.6875,11,15,0.573941,0.548132,0.000661,0.000551,0.00011,1,5,9,5,0,0.0,0,0
0.001124,2,2,146,178,31,29,519572.9688,633452.0,0,0,0.01,0.008,0.0,0.0,0.0,3,3,3,1,0,0.0,0,0
0.001068,2,2,146,178,31,29,546816.5,666666.6875,0,0,0.011,0.008,0.0,0.0,0.0,3,3,4,1,0,0.0,0,0
0.32661,10,10,774,4232,62,252,17072.34961,93297.82031,2,3,36.29,34.233778,0.068972,0.017703,0.051269,1,1,1,1,1,1.0,0,1
1.1e-05,2,0,180,0,254,0,65454544.0,0.0,0,0,0.011,0.0,0.0,0.0,0.0,14,14,15,14,2,0.0,0,1
0.695555,52,54,2934,3742,31,29,33101.625,42245.40234,11,15,13.63198,13.11432,0.00063,0.000492,0.000138,1,1,4,1,0,0.0,0,0
0.000911,2,2,130,162,31,29,570801.3125,711306.25,0,0,0.003,0.007,0.0,0.0,0.0,3,2,1,1,0,0.0,0,0
0.248748,10,6,966,268,254,252,27980.12305,7204.078125,2,1,24.629333,46.153199,0.069866,0.017974,0.051892,1,1,1,1,1,0.0,0,1
0.864915,52,54,2934,3738,31,29,26619.95703,33936.28125,11,15,16.952392,16.309642,0.000653,0.000499,0.000154,8,20,31,16,0,0.0,0,0
0.228901,90,92,5174,91194,31,29,178837.1406,3152559.5,7,39,2.568168,2.509341,0.0007,0.000544,0.000156,6,4,4,1,0,0.0,0,0
7e-06,2,0,114,0,254,0,65142856.0,0.0,0,0,0.007,0.0,0.0,0.0,0.0,7,3,3,3,2,0.0,0,1
1.05407,14,18,1684,10168,31,29,11870.17969,72890.79688,3,5,81.055151,61.973059,0.000651,0.000524,0.000127,2,5,7,2,0,1.0,0,0
0.270072,10,8,648,1794,254,252,17299.08984,46506.11328,2,2,30.008,37.542145,0.053418,0.006653,0.046765,2,1,1,1,1,1.0,0,1
0.002343,4,4,544,304,31,29,1393085.875,778489.125,0,0,0.634333,0.419667,0.0,0.0,0.0,11,11,7,3,0,0.0,0,0
0.001657,4,4,520,304,31,29,1882920.875,1100784.5,0,0,0.432,0.201333,0.0,0.0,0.0,11,5,3,3,0,0.0,0,0
8e-06,2,0,200,0,254,0,100000000.0,0.0,0,0,0.008,0.0,0.0,0.0,0.0,15,4,7,4,2,0.0,0,1
4e-06,2,0,200,0,254,0,114285712.0,0.0,0,0,0.007,0.0,0.0,0.0,0.0,15,6,11,6,2,0.0,0,1
1.017272,10,8,1260,354,254,252,8917.96875,2437.892822,2,1,111.160444,135.774859,0.118004,0.066838,0.051166,1,2,5,1,1,0.0,0,1
0.037063,4,4,544,304,31,29,88066.26563,49213.50391,0,0,7.004,8.010667,0.0,0.0,0.0,3,5,3,3,0,0.0,0,0
0.262754,10,6,736,268,254,252,20186.18164,6820.067383,2,1,26.822333,39.489398,0.077206,0.065304,0.011902,1,2,10,2,1,1.0,0,1
2.155605,8,8,364,1134,62,252,1183.890381,3685.276123,1,2,307.943562,300.084156,0.151199,0.054327,0.096872,4,2,2,2,1,0.0,0,1
1.1e-05,2,0,114,0,254,0,41454544.0,0.0,0,0,0.011,0.0,0.0,0.0,0.0,12,4,4,4,2,0.0,0,1
1.370257,12,12,1184,2620,62,252,6340.416504,14023.64648,3,3,124.568821,115.029453,0.139583,0.074165,0.065418,2,1,3,1,1,1.0,0,1
3e-06,2,0,244,0,254,0,325333312.0,0.0,0,0,0.003,0.0,0.0,0.0,0.0,1,1,1,1,2,0.0,0,1
1e-06,2,0,200,0,254,0,66666664.0,0.0,0,0,0.012,0.0,0.0,0.0,0.0,12,6,6,6,2,0.0,0,1
0.184467,10,6,1200,268,254,252,46837.64453,9714.474609,2,1,19.349,35.606801,0.051744,0.006414,0.04533,1,1,2,1,1,1.0,0,1
0.070482,56,56,3406,37226,31,29,379784.9063,4149939.0,7,21,1.276164,1.272236,0.00066,0.000505,0.000155,6,12,6,3,0,0.0,0,0
4e-06,2,0,200,0,254,0,200000000.0,0.0,0,0,0.004,0.0,0.0,0.0,0.0,22,4,6,4,2,0.0,0,1
0.1572,4,4,528,304,31,29,20152.67188,11603.05371,0,0,35.030332,47.68,0.0,0.0,0.0,7,6,5,3,0,0.0,0,0
0.001049,2,2,146,178,31,29,556720.6875,678741.6875,0,0,0.008,0.004,0.0,0.0,0.0,1,1,3,1,0,0.0,0,0
1.03685,14,18,1684,10168,31,29,12067.31934,74101.36719,3,5,79.731156,60.936353,0.001085,0.000931,0.000154,1,2,1,1,0,1.0,0,0
7e-06,2,0,114,0,254,0,65142856.0,0.0,0,0,0.007,0.0,0.0,0.0,0.0,11,3,3,3,2,0.0,0,1
0.964593,10,8,836,354,254,252,6245.121094,2571.032471,2,1,107.177,115.833711,0.247247,0.152924,0.094323,1,1,1,1,1,1.0,0,1
0.801361,22,40,1024,33176,62,252,9763.389648,322920.625,7,18,38.160046,20.360512,0.053025,0.006611,0.046414,1,1,1,1,1,0.0,0,1
1.2e-05,2,0,1402,0,254,0,467333312.0,0.0,0,0,0.012,0.0,0.0,0.0,0.0,5,1,2,1,2,0.0,0,1
0.842565,10,8,1660,354,254,252,14185.25586,2943.393066,2,1,93.618333,109.35857,0.179677,0.076461,0.103216,1,1,1,3,1,1.0,0,1
1.1e-05,2,0,114,0,254,0,41454544.0,0.0,0,0,0.011,0.0,0.0,0.0,0.0,14,7,9,7,2,0.0,0,1
1.565766,10,8,564,354,254,252,2595.534668,1583.889282,2,1,168.188778,208.237719,0.224998,0.108101,0.116897,5,1,3,1,1,0.0,0,1
1.109115,10,6,1074,268,254,252,6974.930664,1615.702637,2,1,118.435667,199.876594,0.196256,0.109729,0.086527,1,1,1,6,1,1.0,0,1
0.001776,4,4,536,304,31,29,1810810.75,1027027.0,0,0,0.446,0.233667,0.0,0.0,0.0,6,8,4,4,0,0.0,0,0
4e-06,2,0,264,0,60,0,264000000.0,0.0,0,0,0.004,0.0,0.0,0.0,0.0,12,3,3,3,0,0.0,0,0
0.010396,12,10,1036,2158,31,29,731050.375,1495190.5,4,4,0.945091,0.973778,0.001355,0.000752,0.000603,19,5,16,4,0,0.0,0,0
1.015058,14,18,1684,10168,31,29,12326.38867,75692.22656,3,5,78.049923,59.678,0.000687,0.000528,0.000159,1,6,1,1,0,1.0,0,0
0.03393,48,50,2974,31328,31,29,686825.8125,7238903.5,7,18,0.712894,0.68049,0.000741,0.000582,0.000159,16,2,3,1,0,0.0,0,0
0.356287,10,6,872,268,254,252,17626.24023,5029.652832,2,1,36.332444,61.884398,0.118004,0.046864,0.07114,3,1,1,1,1,1.0,0,1
0.257111,10,8,560,426,254,252,15681.94238,11605.88184,2,2,28.567889,35.717715,0.056171,0.00631,0.049861,2,1,1,1,1,1.0,0,1
1.00588,12,18,1580,10168,31,29,11524.23731,76382.86719,3,5,91.409815,59.139944,0.000641,0.000496,0.000145,1,2,6,2,0,1.0,0,0
0.328843,10,6,948,268,254,252,20775.87109,5449.40918,2,1,29.906778,61.618398,0.033996,0.02074,0.013256,3,1,1,1,1,0.0,0,1
0.004723,4,4,568,312,31,29,721575.3125,396358.25,0,0,1.213667,1.069333,0.0,0.0,0.0,4,6,4,4,0,0.0,0,0
1e-05,2,0,114,0,254,0,45600000.0,0.0,0,0,0.01,0.0,0.0,0.0,0.0,5,2,2,2,2,0.0,0,1
2.196982,10,10,1172,1160,254,252,3841.633789,3801.578857,2,2,244.109111,240.136781,0.099307,0.035103,0.064204,4,4,4,4,1,1.0,0,1
1.444016,12,18,1580,10168,31,29,8027.611816,53207.16797,3,5,131.243091,84.910528,0.000663,0.000533,0.00013,9,11,10,6,0,4.0,0,0
0.785104,14,36,970,40246,62,252,9180.949219,398714.0625,2,16,60.392614,20.440771,0.117705,0.068915,0.04879,1,1,1,1,1,1.0,0,1
0.581856,10,6,946,268,254,252,11714.23828,3079.799805,2,1,54.455111,74.998797,0.248156,0.206854,0.041302,2,1,1,1,1,1.0,0,1
0.212493,10,6,832,268,254,252,28198.57617,8433.21875,2,1,22.154222,32.225199,0.07816,0.051358,0.026802,1,1,31,1,1,1.0,0,1
1.1e-05,2,0,114,0,254,0,41454544.0,0.0,0,0,0.011,0.0,0.0,0.0,0.0,7,7,8,7,2,0.0,0,1
1.072164,26,116,1922,142957,62,252,13796.39648,1057487.375,2,55,44.673499,9.336702,0.068702,0.007181,0.061521,2,1,1,1,1,1.0,0,1
3.334038,26,52,1234,41720,62,252,2848.197754,98182.44531,7,22,133.361525,64.050802,0.114861,0.066703,0.048158,10,1,3,1,1,0.0,0,1
1.276119,362,746,19306,1087890,31,29,120697.2109,6810850.5,2,370,3.534089,1.712169,0.000662,0.000549,0.000113,2,2,2,1,0,1.0,0,0
0.029382,60,62,3614,45044,31,29,967667.3125,12066708.0,7,24,0.491102,0.472705,0.000716,0.000543,0.000173,5,4,3,2,0,0.0,0,0
1e-05,2,0,114,0,254,0,45600000.0,0.0,0,0,0.01,0.0,0.0,0.0,0.0,7,4,5,4,2,0.0,0,1
0.961231,14,10,4080,2706,254,252,31534.56445,20274.00391,4,2,73.940844,93.173555,0.155874,0.089958,0.065916,1,1,1,1,1,1.0,0,1
0.520523,52,42,37288,3380,31,29,562065.4375,50718.21875,18,8,10.199412,12.681902,0.000696,0.000561,0.000135,21,2,21,2,0,0.0,0,0
0.774087,14,36,946,41878,62,252,9084.25,420779.5625,2,16,59.545153,16.507543,0.174704,0.098605,0.076099,2,1,2,1,1,0.0,0,1
3e-06,2,0,114,0,254,0,152000000.0,0.0,0,0,0.003,0.0,0.0,0.0,0.0,12,5,5,5,2,0.0,0,1
0.032283,40,42,2542,23278,31,29,614317.125,5631199.0,7,14,0.818462,0.774122,0.000663,0.000534,0.000129,17,2,10,1,0,0.0,0,0
0.104917,64,66,3806,50974,31,29,285711.5625,3827940.25,7,26,1.660048,1.606246,0.000631,0.000508,0.000123,7,2,5,2,0,0.0,0,0
1.2e-05,2,0,200,0,254,0,66666664.0,0.0,0,0,0.012,0.0,0.0,0.0,0.0,21,2,3,2,2,0.0,0,1
1e-05,2,0,200,0,254,0,114285712.0,0.0,0,0,0.007,0.0,0.0,0.0,0.0,12,4,11,4,2,0.0,0,1
1.506615,12,8,1040,734,254,252,5065.660156,3414.276367,3,2,130.48146,191.147141,0.329827,0.168583,0.161244,3,1,1,1,1,0.0,0,1
0.115628,66,68,3926,57624,31,29,267547.6563,3928252.75,7,27,1.773554,1.717493,0.000692,0.000552,0.00014,9,7,6,2,0,0.0,0,0
0.722538,28,30,4848,3080,31,29,51761.98438,32972.66016,7,7,26.748926,24.898586,0.000638,0.000473,0.000165,9,2,3,1,0,0.0,0,0
1.424142,12,18,1580,10168,31,29,8139.637695,53949.67578,3,5,129.432267,83.743061,0.000633,0.000506,0.000127,2,7,4,5,0,1.0,0,0
1.715692,10,8,564,354,254,252,2368.723389,1445.480835,2,1,190.602333,223.934,0.226389,0.148144,0.078245,1,2,2,1,1,0.0,0,1
0.016903,42,42,2646,22128,31,29,1222504.875,10223984.0,7,14,0.404463,0.396512,0.000768,0.000635,0.000133,4,3,2,1,0,0.0,0,0
0.258944,10,8,810,1210,62,252,22522.24414,32717.49805,2,2,28.771556,33.766,0.054514,0.0081,0.046414,1,1,1,1,1,1.0,0,1
0.607002,10,8,546,354,254,252,6484.327637,4085.653564,2,1,64.559222,77.47157,0.157907,0.064691,0.093216,6,2,2,2,1,0.0,0,1
0.051936,56,58,3390,44722,31,29,512939.0,6770024.5,7,22,0.936673,0.90093,0.000711,0.000575,0.000136,6,2,2,1,0,0.0,0,0
0.679323,6,8,320,1958,31,29,3144.306885,20184.80078,1,2,135.7988,96.97243,0.000649,0.000509,0.00014,5,4,4,1,0,0.0,0,0
1.2e-05,2,0,2192,0,254,0,730666624.0,0.0,0,0,0.012,0.0,0.0,0.0,0.0,2,1,2,1,2,0.0,0,1
0.54381,12,12,696,682,254,252,9385.630859,9209.098633,3,4,49.437273,43.475363,0.14345,0.06505,0.0784,3,2,2,2,1,0.0,0,1
0.001081,2,2,146,178,31,29,540240.5625,658649.4375,0,0,0.011,0.008,0.0,0.0,0.0,2,2,2,1,0,0.0,0,0
0.182601,34,26,4908,2448,31,29,208717.3594,103131.9609,9,6,5.533363,7.27892,0.000654,0.000509,0.000145,7,5,6,2,0,0.0,0,0
1.52622,10,8,806,354,254,252,3805.480225,1624.929565,2,1,169.567333,204.730141,0.242282,0.093093,0.149189,2,1,2,1,1,1.0,0,1
0.00104,2,2,146,178,31,29,561538.4375,684615.375,0,0,0.005,0.008,0.0,0.0,0.0,11,3,3,1,0,0.0,0,0
1.393587,224,438,12934,548216,31,29,73921.46875,3139897.25,21,197,6.247457,3.187858,0.000643,0.000488,0.000155,6,4,4,3,0,0.0,0,0
9.240572,170,1114,7310,1463795,62,252,6291.385254,1266139.75,0,555,54.827141,8.337477,0.074404,0.042837,0.031567,2,1,2,1,1,2.0,0,1
0.040364,4,4,568,320,31,29,84431.67188,47567.13672,0,0,8.331667,12.936667,0.0,0.0,0.0,8,4,2,2,0,0.0,0,0
0.017022,16,18,1540,1644,31,29,678651.125,729878.9375,4,4,1.114333,0.972941,0.000608,0.000479,0.000129,27,20,15,15,0,0.0,0,0
0.016002,44,50,2750,31548,31,29,1343832.125,15457068.0,7,17,0.364744,0.321896,0.000681,0.000548,0.000133,7,3,4,1,0,0.0,0,0
8.705108,52,244,2626,332151,254,252,2367.345703,303996.25,2,119,170.676797,35.218111,0.380442,0.147106,0.233336,1,1,1,1,1,1.0,0,1
0.780748,122,126,7820,15060,31,29,79472.50781,153094.2031,30,32,6.449397,6.241448,0.00074,0.000563,0.000177,3,2,3,1,0,0.0,0,0
0.006109,24,24,2158,2478,31,29,2709445.0,3110165.25,6,6,0.250826,0.240261,0.000708,0.000572,0.000136,16,1,2,1,0,0.0,0,0
0.062949,48,50,2958,32330,31,29,368171.0625,4026624.5,7,18,1.331766,1.287688,0.002956,0.001136,0.00182,8,3,3,1,0,0.0,0,0
2e-06,2,0,114,0,254,0,228000000.0,0.0,0,0,0.002,0.0,0.0,0.0,0.0,4,4,4,4,2,0.0,0,1
5e-06,2,0,114,0,254,0,91200000.0,0.0,0,0,0.005,0.0,0.0,0.0,0.0,15,8,8,7,2,0.0,0,1
2.352459,115,118,7360,14129,31,29,24811.48438,47643.76563,28,30,20.632097,20.102461,0.000591,0.000467,0.000124,9,5,4,1,0,0.0,0,0
0.001112,2,2,146,178,31,29,525179.875,640287.8125,0,0,0.011,0.008,0.0,0.0,0.0,2,5,4,1,0,0.0,0,0
0.02099,56,58,3390,40986,31,29,1269175.875,15352073.0,7,22,0.375291,0.359386,0.000633,0.000501,0.000132,7,2,3,1,0,0.0,0,0
0.005775,22,24,1958,2308,31,29,2589091.0,3064242.5,6,6,0.256952,0.214913,0.000736,0.000618,0.000118,4,3,2,1,0,0.0,0,0
1.008416,14,18,1684,10168,31,29,12407.57715,76190.77344,3,5,77.542923,59.157647,0.002902,0.002732,0.00017,4,1,1,1,0,1.0,0,0
0.836257,10,14,1720,12246,62,252,14808.84473,108789.5234,2,5,92.917444,60.544768,0.080345,0.049132,0.031213,1,1,1,1,1,0.0,0,1
0.573457,22,24,4464,2192,31,29,59456.94141,29309.95703,5,5,27.238333,24.911436,0.000614,0.000489,0.000125,15,2,7,1,0,0.0,0,0
4e-06,2,0,114,0,254,0,114000000.0,0.0,0,0,0.004,0.0,0.0,0.0,0.0,14,7,7,7,2,0.0,0,1
1.069505,10,8,2516,354,254,252,16942.41797,2318.829834,2,1,115.156778,140.716859,0.191954,0.084476,0.107478,1,4,1,1,1,0.0,0,1
1e-06,2,0,114,0,254,0,456000000.0,0.0,0,0,0.001,0.0,0.0,0.0,0.0,7,4,4,4,2,0.0,0,1
1.134882,14,18,1684,10168,31,29,11024.93457,67700.42969,3,5,87.269233,66.725353,0.000698,0.000547,0.000151,1,1,3,1,0,4.0,0,0
1.420255,10,6,2516,268,254,252,12758.27246,1261.745239,2,1,157.806111,271.687594,0.115011,0.060291,0.05472,9,1,1,1,1,0.0,0,1
0.663595,130,126,12856,13306,31,29,153804.6563,159145.25,35,33,5.144147,5.345605,0.000725,0.00059,0.000135,3,7,4,4,0,0.0,0,0
1.014115,10,8,564,354,254,252,4007.435059,2445.482178,2,1,107.925556,134.239859,0.170838,0.074427,0.096411,1,1,4,1,1,0.0,0,1
0.010894,36,38,2334,16102,31,29,1666972.75,11513861.0,7,12,0.300943,0.279622,0.0007,0.000544,0.000156,13,6,6,2,0,0.0,0,0
0.834039,10,8,854,1042,62,252,7376.154297,8747.792969,2,2,92.671,110.026859,0.147217,0.063095,0.084122,1,1,1,1,1,1.0,0,1
0.023986,46,50,2854,31992,31,29,931209.875,10457100.0,7,18,0.526089,0.489104,0.000634,0.000507,0.000127,11,3,2,1,0,0.0,0,0
1.1e-05,2,0,114,0,254,0,41454544.0,0.0,0,0,0.011,0.0,0.0,0.0,0.0,17,3,3,3,2,0.0,0,1
0.004801,8,10,1028,824,31,29,1499687.625,1236409.125,2,2,0.635857,0.478333,0.000618,0.000493,0.000125,2,2,5,1,0,1.0,0,0
1.005804,12,18,1580,10168,31,29,11525.10938,76388.64844,3,5,91.405092,59.133233,0.000673,0.000534,0.000139,3,4,5,2,0,1.0,0,0
8e-06,2,0,200,0,254,0,80000000.0,0.0,0,0,0.01,0.0,0.0,0.0,0.0,15,7,9,7,2,0.0,0,1
0.046787,48,50,2974,31328,31,29,498087.0625,5249663.0,7,18,0.98883,0.964396,0.000642,0.000493,0.000149,10,1,5,1,0,0.0,0,0
0.001128,2,2,146,178,31,29,517730.5,631205.6875,0,0,0.012,0.008,0.0,0.0,0.0,3,2,5,2,0,0.0,0,0
6e-06,2,0,114,0,254,0,76000000.0,0.0,0,0,0.006,0.0,0.0,0.0,0.0,13,7,7,7,2,0.0,0,1
0.048051,14,8,8928,424,31,29,1380366.75,61767.70703,4,1,3.696231,6.768571,0.00066,0.000526,0.000134,1,2,3,2,0,0.0,0,0
0.001082,2,2,146,178,31,29,539741.25,658040.6875,0,0,0.007,0.008,0.0,0.0,0.0,1,6,9,4,0,0.0,0,0
0.192379,4,4,568,320,31,29,17715.03125,9980.299805,0,0,58.996,59.006668,0.0,0.0,0.0,13,6,5,2,0,0.0,0,0
0.00504,18,18,4352,2456,31,29,6525396.5,3682539.5,7,7,0.277294,0.260176,0.00076,0.000612,0.000148,14,3,8,3,0,0.0,0,0
1.266086,60,14,68185,612,254,252,423661.5938,3595.33252,27,1,21.459085,89.655461,0.164645,0.069228,0.095417,10,18,6,1,1,1.0,0,1
1.1e-05,2,0,114,0,254,0,41454544.0,0.0,0,0,0.011,0.0,0.0,0.0,0.0,9,4,4,4,2,0.0,0,1
4e-06,2,0,114,0,254,0,114000000.0,0.0,0,0,0.004,0.0,0.0,0.0,0.0,11,4,4,4,2,0.0,0,1
0.046427,6,8,320,1922,31,29,46007.71094,289831.3438,1,2,9.221,6.552429,0.00071,0.000553,0.000157,3,3,8,2,0,0.0,0,0
9e-06,2,0,114,0,254,0,50666664.0,0.0,0,0,0.009,0.0,0.0,0.0,0.0,7,4,4,4,2,0.0,0,1
1e-05,2,0,114,0,254,0,45600000.0,0.0,0,0,0.01,0.0,0.0,0.0,0.0,7,7,7,7,2,0.0,0,1
0.120206,4,4,528,304,31,29,26354.75781,15173.95117,0,0,34.699332,26.003666,0.0,0.0,0.0,10,3,5,2,0,0.0,0,0
0.004739,18,18,4200,2456,31,29,6696771.5,3916438.0,7,7,0.260235,0.251176,0.000592,0.000465,0.000127,10,4,6,3,0,0.0,0,0
1.275791,14,18,1684,10168,31,29,9807.249023,60223.02734,3,5,98.045613,75.014176,0.000695,0.000545,0.00015,16,3,4,1,0,1.0,0,0
0.001068,2,2,130,162,31,29,486891.4063,606741.5625,0,0,0.011,0.009,0.0,0.0,0.0,1,3,6,1,0,0.0,0,0
1e-05,2,0,114,0,254,0,45600000.0,0.0,0,0,0.01,0.0,0.0,0.0,0.0,5,4,3,3,2,0.0,0,1
0.001063,2,2,146,178,31,29,549388.5625,669802.5,0,0,0.011,0.009,0.0,0.0,0.0,2,1,3,1,0,0.0,0,0
1.571564,350,746,18682,1087890,31,29,94830.375,5530450.0,2,370,4.502183,2.10875,0.000683,0.000539,0.000144,1,5,4,2,0,1.0,0,0
1.706429,10,10,826,2464,62,252,3487.98584,10398.32324,2,2,189.525,173.500109,0.315608,0.144923,0.170685,2,1,3,1,1,1.0,0,1
1.3e-05,2,0,936,0,254,0,288000000.0,0.0,0,0,0.013,0.0,0.0,0.0,0.0,34,16,16,16,2,0.0,0,1
0.001133,2,2,130,162,31,29,458958.5,571932.9375,0,0,0.01,0.009,0.0,0.0,0.0,2,1,2,1,0,0.0,0,0
4.098156,24,22,1292,1648,62,252,2418.648682,3072.601562,7,9,178.180689,188.599768,0.124365,0.07089,0.053475,1,2,3,2,1,0.0,0,1
0.036186,56,58,3390,40986,31,29,736196.375,8905102.0,7,22,0.663722,0.625281,0.0007,0.000541,0.000159,5,2,4,1,0,0.0,0,0
1e-06,2,0,114,0,254,0,456000000.0,0.0,0,0,0.001,0.0,0.0,0.0,0.0,5,1,1,1,2,0.0,0,1
0.854802,10,8,824,3136,62,252,6944.29834,25680.80078,2,2,94.962444,105.76457,0.252015,0.114441,0.137574,1,1,1,1,1,1.0,0,1
0.013248,38,40,2438,20116,31,29,1433574.875,11844203.0,7,13,0.348514,0.31241,0.001184,0.00106,0.000124,2,5,2,1,0,0.0,0,0
0.075118,78,80,4550,69056,31,29,478394.0,7262494.0,7,33,0.971117,0.935772,0.001378,0.00119,0.000188,8,2,6,1,0,0.0,0,0
7.146575,4,0,400,0,254,0,335.825195,0.0,0,0,2382.19175,0.0,0.0,0.0,0.0,19,4,4,4,2,0.0,0,1
0.439702,10,6,828,268,254,252,13572.8291,4075.487549,2,1,41.742111,81.108203,0.092336,0.034158,0.058178,1,1,1,1,1,1.0,0,1
24.602036,20,0,1280,0,254,0,395.414429,0.0,0,0,1294.844125,0.0,0.0,0.0,0.0,4,2,3,2,2,0.0,0,1
1.566769,16,10,920,556,254,252,4406.520508,2558.130859,5,3,102.457932,165.997328,0.156763,0.072783,0.08398,6,2,2,1,1,0.0,0,1
0.232244,22,24,1920,4312,31,29,63140.48828,142367.5156,6,6,11.042714,10.070782,0.000751,0.000607,0.000144,10,2,4,1,0,0.0,0,0
0.329657,10,8,804,1082,62,252,17569.77734,22981.46289,2,2,36.628556,43.576145,0.039602,0.023874,0.015728,1,1,1,1,1,1.0,0,1
0.534383,10,6,864,268,254,252,11647.07715,3353.400146,2,1,59.253,89.534797,0.215065,0.086708,0.128357,1,1,1,1,1,1.0,0,1
5.330041,52,54,2934,3738,31,29,4319.666504,5506.899414,11,15,104.331392,100.557172,0.000788,0.00051,0.000278,10,14,15,12,0,0.0,0,0
0.593302,112,20,136017,870,254,252,1817664.5,11151.15039,53,1,5.228576,30.879369,0.05141,0.006588,0.044822,1,1,1,1,1,1.0,0,1
1.1e-05,2,0,200,0,254,0,160000000.0,0.0,0,0,0.005,0.0,0.0,0.0,0.0,23,4,6,4,2,0.0,0,1
0.001026,2,2,146,178,31,29,569200.75,693957.125,0,0,0.009,0.006,0.0,0.0,0.0,2,1,2,1,0,0.0,0,0
0.624365,10,8,564,354,254,252,6509.013672,3972.035645,2,1,68.921889,88.051289,0.053983,0.008002,0.045981,1,1,1,1,1,0.0,0,1
0.009243,22,24,1920,4312,31,29,1586497.875,3577193.5,6,6,0.422905,0.350913,0.001303,0.001161,0.000142,7,2,3,1,0,0.0,0,0
0.376589,230,438,13246,548216,31,29,280178.125,11619352.0,21,197,1.643118,0.860517,0.000676,0.00054,0.000136,3,5,10,3,0,0.0,0,0
0.001039,2,2,132,164,31,29,508180.9375,631376.3125,0,0,0.011,0.009,0.0,0.0,0.0,2,1,5,1,0,0.0,0,0
6e-06,2,0,114,0,254,0,76000000.0,0.0,0,0,0.006,0.0,0.0,0.0,0.0,5,3,3,3,2,0.0,0,1
1.000107,10,10,800,2050,62,252,5759.383301,14758.41992,2,2,111.123,103.738781,0.102653,0.0658,0.036853,4,1,4,1,1,1.0,0,1
0.014063,44,46,2766,25742,31,29,1538220.875,14325820.0,7,16,0.319395,0.299556,0.000736,0.000576,0.00016,8,2,9,2,0,0.0,0,0
2e-06,2,0,114,0,254,0,228000000.0,0.0,0,0,0.002,0.0,0.0,0.0,0.0,7,3,3,3,2,0.0,0,1
1.1e-05,2,0,114,0,254,0,41454544.0,0.0,0,0,0.011,0.0,0.0,0.0,0.0,7,7,9,7,2,0.0,0,1
0.005213,12,12,1036,2262,31,29,1457893.75,3182812.25,4,4,0.440182,0.423545,0.00067,0.000544,0.000126,12,1,5,1,0,0.0,0,0
0.181216,10,6,860,268,254,252,34169.16797,9888.750977,2,1,16.660667,34.286199,0.018656,0.00978,0.008876,1,1,1,1,1,1.0,0,1
2.356835,122,126,7818,15828,31,29,26320.04492,53301.99609,30,32,19.475206,18.850231,0.000704,0.000549,0.000155,5,2,6,1,0,0.0,0,0
1e-05,2,0,200,0,254,0,114285712.0,0.0,0,0,0.007,0.0,0.0,0.0,0.0,14,6,6,6,2,0.0,0,1
0.026193,52,42,37244,3380,31,29,11156568.0,1007902.875,18,8,0.504902,0.624805,0.000727,0.000571,0.000156,1,3,4,2,0,0.0,0,0
0.527713,10,10,810,4614,62,252,11051.46191,62958.46484,2,3,58.634778,54.556222,0.333559,0.023402,0.310157,1,1,1,1,1,1.0,0,1
0.381072,86,152,5384,174246,31,29,111726.9141,3633958.75,10,65,4.479223,2.52049,0.000591,0.000471,0.00012,24,12,11,7,0,0.0,0,0
0.066755,48,50,2974,33882,31,29,349097.4688,3979327.5,7,18,1.41334,1.352061,0.000633,0.000498,0.000135,8,3,3,1,0,0.0,0,0
3.225101,238,436,13662,545216,31,29,33747.78125,1349330.75,21,196,13.606633,7.412874,0.00063,0.0005,0.00013,10,3,4,1,0,0.0,0,0
8e-06,2,0,114,0,254,0,57000000.0,0.0,0,0,0.008,0.0,0.0,0.0,0.0,18,7,7,7,2,0.0,0,1
1e-05,2,0,114,0,254,0,45600000.0,0.0,0,0,0.01,0.0,0.0,0.0,0.0,3,2,2,2,2,0.0,0,1
0.315926,10,6,756,268,254,252,17244.54492,5672.214844,2,1,33.946,50.198199,0.146257,0.064925,0.081332,11,2,2,2,1,0.0,0,1
0.003981,8,10,1048,824,31,29,1842753.125,1491082.75,2,2,0.519143,0.381667,0.000687,0.000539,0.000148,2,1,4,1,0,1.0,0,0
7e-06,2,0,114,0,254,0,65142856.0,0.0,0,0,0.007,0.0,0.0,0.0,0.0,18,3,3,3,2,0.0,0,1
0.198835,2,2,168,112,254,60,3379.686768,2253.124512,0,0,0.011,0.006,0.0,0.0,0.0,1,2,2,1,3,0.0,0,1
0.029278,12,14,1036,2366,31,29,259580.5625,600314.1875,4,4,2.629727,2.205385,0.000737,0.000601,0.000136,8,2,3,1,0,0.0,0,0
13.842857,358,746,19098,1087890,31,29,11006.39844,627865.75,2,370,38.774626,18.580357,0.000618,0.000488,0.00013,3,3,2,1,0,1.0,0,0
7e-06,2,0,114,0,254,0,65142856.0,0.0,0,0,0.007,0.0,0.0,0.0,0.0,14,7,8,7,2,0.0,0,1
0.00733,22,24,1958,2308,31,29,2039836.25,2414188.25,6,6,0.332286,0.223609,0.002375,0.00218,0.000195,6,3,4,1,0,0.0,0,0
8e-06,2,0,114,0,254,0,57000000.0,0.0,0,0,0.008,0.0,0.0,0.0,0.0,11,7,8,7,2,0.0,0,1
0.001053,2,2,146,178,31,29,554605.875,676163.375,0,0,0.01,0.007,0.0,0.0,0.0,6,4,5,3,0,0.0,0,0
1.2e-05,2,0,1152,0,62,0,384000000.0,0.0,0,0,0.012,0.0,0.0,0.0,0.0,1,1,1,1,2,0.0,0,1
4e-06,2,0,200,0,254,0,100000000.0,0.0,0,0,0.008,0.0,0.0,0.0,0.0,14,6,9,6,2,0.0,0,1
0.023087,40,42,2542,23432,31,29,859011.5625,7926538.5,7,14,0.583103,0.548902,0.000748,0.000571,0.000177,3,1,1,1,0,0.0,0,0
1.7e-05,2,0,168,0,254,0,39529412.0,0.0,0,0,0.017,0.0,0.0,0.0,0.0,1,1,1,1,2,0.0,0,1
14.531885,330,710,17642,1033900,31,29,9682.983398,568374.4375,2,348,44.168799,20.495592,0.000656,0.000501,0.000155,2,2,2,2,0,1.0,0,0
0.028034,54,56,3302,40478,31,29,924876.9375,11345081.0,7,21,0.522491,0.498473,0.000767,0.000607,0.00016,8,1,4,1,0,0.0,0,0
1.143556,354,746,18890,1087890,31,29,131778.4219,7600376.5,2,370,3.238671,1.534255,0.000649,0.000533,0.000116,2,1,1,3,0,1.0,0,0
1.110737,60,16,68199,698,254,252,483016.25,4717.588379,27,1,18.826051,65.406535,0.145144,0.093052,0.052092,2,1,1,1,1,1.0,0,1
0.027503,52,54,2934,3742,31,29,837145.0,1068392.5,11,15,0.533137,0.519481,0.000634,0.000485,0.000149,1,4,3,2,0,0.0,0,0
0.046933,46,44,2886,27442,31,29,481367.0625,4571453.0,7,15,1.035933,1.079581,0.000639,0.000508,0.000131,13,3,6,1,0,0.0,0,0
0.015917,36,38,2334,16102,31,29,1140918.5,7880380.0,7,12,0.445314,0.400378,0.001257,0.001099,0.000158,8,6,2,1,0,0.0,0,0
0.001021,2,2,132,164,31,29,517140.0625,642507.375,0,0,0.004,0.002,0.0,0.0,0.0,3,4,2,1,0,0.0,0,0
0.86987,10,8,934,902,62,252,7734.48877,7265.453613,2,2,96.540667,109.71457,0.225253,0.101856,0.123397,1,1,7,1,1,1.0,0,1
0.013588,16,18,1540,1644,31,29,850161.875,914336.1875,4,4,0.886533,0.771529,0.000609,0.000469,0.00014,12,3,6,3,0,0.0,0,0
1.704642,200,366,11584,455758,31,29,54096.98828,2133060.0,18,164,8.564282,4.668943,0.0006,0.000476,0.000124,9,5,1,1,0,0.0,0,0
0.444611,10,6,928,268,254,252,15042.36231,4030.489502,2,1,49.294889,73.719398,0.160969,0.076011,0.084958,1,1,1,1,1,1.0,0,1
1.004629,12,18,1580,10168,31,29,11538.58789,76477.98438,3,5,91.296997,59.062944,0.000721,0.000555,0.000166,2,4,3,1,0,1.0,0,0
1.006006,14,18,1684,10168,31,29,12437.30176,76373.30469,3,5,77.356385,59.144765,0.000727,0.000542,0.000185,4,2,3,1,0,1.0,0,0
0.518911,10,8,790,1082,62,252,10961.41699,14599.80566,2,2,57.656778,63.79643,0.148515,0.071633,0.076882,4,1,3,4,1,1.0,0,0
0.405578,10,12,788,4332,62,252,14004.70508,78327.71875,2,3,45.064222,31.962271,0.095201,0.048727,0.046474,1,1,1,1,1,1.0,0,1
0.93489,60,14,68201,612,254,252,573885.6875,4869.021973,27,1,15.14239,66.761695,0.130541,0.066979,0.063562,2,17,1,1,1,1.0,0,1
1.023883,14,36,980,41934,62,252,7110.1875,318552.0313,2,16,78.750077,26.906114,0.174678,0.082165,0.092513,3,1,1,1,1,0.0,0,1
0.965452,30,20,16087,1838,62,252,128859.8516,14476.12109,12,8,33.291448,46.304,0.078757,0.057515,0.021242,1,1,1,1,1,0.0,0,1
0.160045,44,46,2750,28194,31,29,134362.2188,1378712.25,7,16,3.714558,3.543422,0.000737,0.00058,0.000157,9,1,7,1,0,0.0,0,0
1.048995,14,18,1684,10168,31,29,11927.60645,73243.4375,3,5,80.661618,61.678118,0.000581,0.000466,0.000115,1,2,3,1,0,1.0,0,0
0.297112,10,10,826,5732,62,252,20032.84961,138910.5781,2,3,33.012444,31.936778,0.054962,0.00898,0.045982,2,1,1,1,1,1.0,0,1
5e-06,2,0,200,0,254,0,160000000.0,0.0,0,0,0.005,0.0,0.0,0.0,0.0,11,2,2,2,2,0.0,0,1
0.014151,12,14,1064,2364,31,29,551763.125,1241467.0,4,4,1.254273,1.048846,0.000641,0.000515,0.000126,13,1,4,1,0,0.0,0,0
0.004628,4,4,568,320,31,29,736387.25,414866.0313,0,0,1.204667,1.013667,0.0,0.0,0.0,4,7,4,3,0,0.0,0,0
0.001031,2,2,146,178,31,29,566440.3125,690591.625,0,0,0.01,0.002,0.0,0.0,0.0,4,2,5,1,0,0.0,0,0
0.22195,10,10,792,4252,62,252,25699.48242,137940.9844,2,2,24.661111,23.872556,0.050886,0.006343,0.044543,1,1,1,1,1,1.0,0,1
0.004336,12,12,1064,2260,31,29,1800738.0,3822878.25,4,4,0.362091,0.335545,0.000772,0.000634,0.000138,2,4,1,1,0,0.0,0,0
1.285286,10,8,862,354,254,252,4830.053711,1929.531738,2,1,141.048333,170.048859,0.180221,0.094935,0.085286,1,2,1,2,1,1.0,0,1
1e-05,2,0,168,0,254,0,67200000.0,0.0,0,0,0.01,0.0,0.0,0.0,0.0,1,1,1,1,2,0.0,0,1
4e-06,2,0,200,0,254,0,72727272.0,0.0,0,0,0.011,0.0,0.0,0.0,0.0,14,4,8,4,2,0.0,0,1
0.613976,60,14,68199,612,254,252,873819.1875,7413.970703,27,1,10.406373,43.234691,0.097128,0.051209,0.045919,3,4,3,4,1,4.0,0,1
0.402213,28,30,4992,3080,31,29,95750.25781,59232.29688,7,7,14.884852,13.851,0.000652,0.000529,0.000123,4,3,3,1,0,0.0,0,0
0.011557,34,26,4908,2448,31,29,3297741.75,1629488.625,9,6,0.350212,0.4318,0.000797,0.000623,0.000174,3,4,1,1,0,0.0,0,0
0.76928,10,8,564,354,254,252,5282.861816,3223.793701,2,1,84.015444,107.67843,0.040386,0.01553,0.024856,1,1,1,1,1,0.0,0,1
1.2e-05,2,0,114,0,254,0,38000000.0,0.0,0,0,0.012,0.0,0.0,0.0,0.0,9,3,3,3,2,0.0,0,1
1.1e-05,2,0,114,0,254,0,41454544.0,0.0,0,0,0.011,0.0,0.0,0.0,0.0,12,1,1,1,2,0.0,0,1
7e-06,2,0,114,0,254,0,65142856.0,0.0,0,0,0.007,0.0,0.0,0.0,0.0,10,4,4,4,2,0.0,0,1
34.679878,42,0,18480,0,254,0,4161.490723,0.0,0,0,845.85075,0.0,0.0,0.0,0.0,2,2,2,2,2,0.0,0,1
0.964126,10,10,788,2464,62,252,5891.346191,18404.23438,2,2,107.060444,98.304555,0.166901,0.079372,0.087529,3,2,2,1,1,1.0,0,1
1.483391,10,12,756,4300,62,252,3672.666016,21259.39844,2,3,164.821222,120.547358,0.230693,0.156688,0.074005,1,2,1,1,1,1.0,0,1
1.246769,10,8,534,354,254,252,3086.377686,1989.141602,2,1,136.234222,153.863719,0.238273,0.169721,0.068552,8,2,3,2,1,0.0,0,1
0.726629,10,8,566,354,254,252,5614.969727,3413.020752,2,1,80.588,91.993859,0.144597,0.082667,0.06193,3,2,2,3,1,1.0,0,1
4e-06,2,0,114,0,254,0,114000000.0,0.0,0,0,0.004,0.0,0.0,0.0,0.0,2,2,2,2,2,0.0,0,1
0.048965,40,42,2542,22432,31,29,405024.0,3577739.25,7,14,1.245974,1.180512,0.000743,0.000557,0.000186,12,9,12,3,0,0.0,0,0
0.022678,44,46,2750,26584,31,29,948231.75,9174354.0,7,16,0.519651,0.491733,0.000905,0.00054,0.000365,5,2,6,1,0,0.0,0,0
0.031953,66,68,3926,54352,31,29,968172.0,13407943.0,7,27,0.486738,0.46009,0.001239,0.001117,0.000122,13,4,4,1,0,0.0,0,0
0.030314,52,42,37288,3380,31,29,9651250.0,870884.75,18,8,0.587294,0.725756,0.000688,0.000553,0.000135,9,15,4,3,0,0.0,0,0
0.381572,28,30,4984,3080,31,29,100762.1094,62436.44531,7,7,14.120777,13.139173,0.000654,0.000532,0.000122,7,2,1,1,0,0.0,0,0
4e-06,2,0,200,0,254,0,200000000.0,0.0,0,0,0.004,0.0,0.0,0.0,0.0,14,6,9,5,2,0.0,0,1
0.540366,10,6,516,268,254,252,6884.223145,3316.270752,2,1,60.040667,85.418602,0.134751,0.078715,0.056036,2,2,2,1,1,1.0,0,1
0.306368,10,10,768,4226,62,252,18069.77344,99331.52344,2,2,34.040889,28.640335,0.067005,0.047939,0.019066,1,1,1,1,1,1.0,0,1
0.835335,10,6,504,268,254,252,4347.956055,2145.24707,2,1,85.058778,138.039594,0.199645,0.145128,0.054517,3,1,2,3,1,1.0,0,1
10.673871,10,14,1164,6806,254,252,785.469482,4736.800781,2,4,1185.890111,815.221591,0.151177,0.075982,0.075195,2,2,2,2,1,1.0,0,1
0.607093,18,16,2908,1198,254,252,36198.73828,14811.56934,6,6,34.141706,39.574867,0.027297,0.013459,0.013838,1,1,1,1,1,0.0,0,1
0.335389,10,8,786,986,62,252,16887.85352,20585.05273,2,2,37.265444,46.36057,0.059614,0.010233,0.049381,1,1,1,1,1,1.0,0,1
1.1e-05,2,0,114,0,254,0,41454544.0,0.0,0,0,0.011,0.0,0.0,0.0,0.0,18,3,3,3,2,0.0,0,1
1.085533,12,8,2708,1030,62,252,18298.84375,6647.425781,2,2,98.68482,141.880141,0.178226,0.091669,0.086557,2,1,2,1,1,1.0,0,1
0.001089,2,2,146,178,31,29,536271.8125,653810.8125,0,0,0.011,0.008,0.0,0.0,0.0,3,4,5,2,0,0.0,0,0
0.011329,36,38,2334,16364,31,29,1602965.875,11251832.0,7,12,0.313257,0.288514,0.000914,0.000642,0.000272,12,2,6,1,0,0.0,0,0
0.029522,8,12,424,8824,31,29,100535.1953,2191992.5,1,4,4.174571,2.558364,0.001496,0.001373,0.000123,3,4,5,4,0,0.0,0,0
0.840902,10,8,844,2496,62,252,7230.331543,20777.68945,2,2,93.433556,106.364859,0.208788,0.095205,0.113583,1,1,1,1,1,1.0,0,1
0.000999,2,2,146,178,31,29,584584.5625,712712.6875,0,0,0.01,0.004,0.0,0.0,0.0,2,1,2,1,0,0.0,0,0
0.93198,10,6,914,268,254,252,7064.529297,1922.787964,2,1,103.538,167.724797,0.225033,0.093352,0.131681,1,1,2,1,1,1.0,0,1
1.1e-05,2,0,200,0,254,0,100000000.0,0.0,0,0,0.008,0.0,0.0,0.0,0.0,7,5,8,5,2,0.0,0,1
2.562931,122,126,7818,15328,31,29,24203.53906,47467.52734,30,32,21.17838,20.488023,0.005764,0.001925,0.003839,8,6,6,6,0,0.0,0,0
1.059178,12,18,1580,10168,31,29,10944.33594,72539.27344,3,5,96.257094,62.271648,0.000692,0.000554,0.000138,3,9,7,4,0,4.0,0,0
1.023257,14,18,1684,10168,31,29,12227.62207,75085.72656,3,5,78.685464,60.159353,0.000679,0.000545,0.000134,1,1,3,1,0,1.0,0,0
0.048414,14,8,8928,424,31,29,1370017.0,61304.58203,4,1,3.724154,6.777143,0.000598,0.00047,0.000128,3,5,3,3,0,0.0,0,0
7e-06,2,0,200,0,254,0,114285712.0,0.0,0,0,0.007,0.0,0.0,0.0,0.0,10,2,3,2,2,0.0,0,1
0.534533,10,6,930,268,254,252,12526.82227,3352.458984,2,1,55.703556,92.672,0.171931,0.071166,0.100765,1,1,3,1,1,0.0,0,1
0.020072,40,42,2542,21450,31,29,988043.0625,8345954.5,7,14,0.506615,0.476341,0.000678,0.000538,0.00014,6,3,4,1,0,0.0,0,0
4e-06,2,0,114,0,254,0,114000000.0,0.0,0,0,0.004,0.0,0.0,0.0,0.0,7,2,2,2,2,0.0,0,1
0.001022,2,2,146,178,31,29,571428.5625,696673.1875,0,0,0.005,0.002,0.0,0.0,0.0,2,3,3,1,0,0.0,0,0
0.016776,44,46,2766,27392,31,29,1289461.25,12778732.0,7,16,0.382744,0.361756,0.000621,0.000491,0.00013,6,4,4,2,0,0.0,0,0
0.039023,72,74,4238,60892,31,29,856930.5,12314788.0,7,30,0.544873,0.533375,0.000742,0.00061,0.000132,4,4,3,1,0,0.0,0,0
0.195246,10,6,1692,268,254,252,62403.32813,9178.165039,2,1,20.062556,37.571,0.05204,0.007382,0.044658,1,1,1,1,1,1.0,0,1
0.09112,22,24,2054,2478,31,29,172168.5781,208516.25,6,6,4.321,3.937348,0.000704,0.000555,0.000149,15,6,7,2,0,0.0,0,0
0.000983,2,2,146,178,31,29,594099.6875,724313.3125,0,0,0.008,0.002,0.0,0.0,0.0,4,5,3,2,0,0.0,0,0
1.205226,8,10,364,3754,62,252,2117.445312,22428.99023,1,3,172.175143,121.114667,0.2149,0.114585,0.100315,5,2,2,2,1,0.0,0,1
1.1e-05,2,0,114,0,254,0,41454544.0,0.0,0,0,0.011,0.0,0.0,0.0,0.0,11,7,7,7,2,0.0,0,1
0.424446,10,10,756,4214,62,252,12835.55566,71490.83594,2,3,47.160667,41.158889,0.065861,0.053247,0.012614,1,1,2,1,1,1.0,0,1
1.112374,14,18,1684,10168,31,29,11248.01563,69070.29688,3,5,85.539769,65.4,0.000712,0.00057,0.000142,2,2,4,1,0,1.0,0,0
0.675807,10,10,810,4304,62,252,8629.682617,45859.24609,2,3,75.077667,66.808556,0.156331,0.074528,0.081803,1,1,2,1,1,1.0,0,1
1.346252,40,47,2266,3232,31,29,13132.75684,18801.83008,9,13,34.509489,29.255173,0.000633,0.00051,0.000123,1,4,3,3,0,0.0,0,0
1.1e-05,2,0,114,0,254,0,41454544.0,0.0,0,0,0.011,0.0,0.0,0.0,0.0,7,1,1,1,2,0.0,0,1
1.741589,10,8,1094,354,254,252,4524.604004,1423.986938,2,1,193.410222,237.069422,0.153604,0.082097,0.071507,1,2,2,1,1,1.0,0,1
0.028303,4,4,536,304,31,29,113627.5313,64445.46875,0,0,4.093,7.653667,0.0,0.0,0.0,5,4,4,3,0,0.0,0,0
7.6e-05,1,0,60,0,0,0,0.0,0.0,0,0,0.0,0.0,0.0,0.0,0.0,9,6,6,6,2,0.0,0,1
0.03796,60,62,3614,44406,31,29,748998.9375,9207587.0,7,24,0.637983,0.612131,0.000771,0.00061,0.000161,6,1,4,1,0,0.0,0,0
0.011749,62,58,5928,8010,31,29,3971742.25,5360115.5,14,17,0.192607,0.196321,0.000733,0.000621,0.000112,1,3,6,2,0,0.0,0,0
1.202639,14,18,1684,10168,31,29,10403.78711,63886.17188,3,5,100.190997,70.712,0.000654,0.000531,0.000123,2,4,1,2,0,1.0,0,0
0.969816,64,24,63886,1866,62,252,518762.3125,14757.43848,29,8,15.393905,40.669219,0.069036,0.020174,0.048862,2,1,2,1,1,0.0,0,1
1.047819,10,8,720,354,254,252,4947.419434,2366.821045,2,1,114.321333,139.770719,0.122262,0.069421,0.052841,1,1,3,1,1,1.0,0,1
4e-06,2,0,114,0,254,0,114000000.0,0.0,0,0,0.004,0.0,0.0,0.0,0.0,10,3,3,3,2,0.0,0,1
0.116024,68,70,4014,57836,31,29,272702.1875,3930910.75,7,28,1.724776,1.669435,0.00098,0.000826,0.000154,13,5,5,1,0,0.0,0,0
1.157212,14,18,1684,10168,31,29,10812.19336,66394.05469,3,5,88.988613,68.038529,0.00069,0.000552,0.000138,14,3,5,1,0,0.0,0,0
1.1e-05,2,0,552,0,254,0,200727264.0,0.0,0,0,0.011,0.0,0.0,0.0,0.0,2,2,2,2,2,0.0,0,1
0.223408,14,6,8928,320,31,29,296891.7813,9560.982422,4,1,17.185231,44.541801,0.000722,0.000562,0.00016,5,6,3,3,0,0.0,0,0
0.808441,10,6,832,268,254,252,7411.796387,2216.612061,2,1,86.767444,141.449797,0.262531,0.101191,0.16134,1,1,1,1,1,1.0,0,1
1.106948,10,8,1566,354,254,252,10190.18066,2240.394287,2,1,118.921222,149.520719,0.119454,0.060281,0.059173,2,1,7,2,1,1.0,0,1
2e-06,2,0,1152,0,62,0,2304000000.0,0.0,0,0,0.002,0.0,0.0,0.0,0.0,1,1,1,1,2,0.0,0,1
0.324749,4,4,568,320,31,29,10494.25879,5912.258301,0,0,52.025332,93.412,0.0,0.0,0.0,9,3,5,3,0,0.0,0,0
1.159754,14,18,1684,10168,31,29,10788.49414,66248.53125,3,5,89.185,68.187471,0.000728,0.00056,0.000168,3,3,3,1,0,1.0,0,0
1.317885,14,8,6806,354,254,252,38364.5,1881.802979,4,1,101.375764,179.011719,0.090687,0.064136,0.026551,2,1,1,1,1,0.0,0,1
1.392906,14,18,1684,10168,31,29,8982.65918,55159.50391,3,5,107.116692,81.903647,0.000684,0.000537,0.000147,1,2,2,1,0,1.0,0,0
0.000989,2,2,130,162,31,29,525783.625,655207.3125,0,0,0.012,0.002,0.0,0.0,0.0,2,7,9,4,0,0.0,0,0
0.017951,44,46,2750,28874,31,29,1197927.625,12588491.0,7,16,0.409907,0.382,0.00091,0.000751,0.000159,8,12,8,8,0,0.0,0,0
0.226423,10,10,808,4000,62,252,25721.76953,127195.5625,2,3,25.158111,21.905667,0.043142,0.02212,0.021022,1,1,1,1,1,1.0,0,1
8e-06,2,0,200,0,254,0,80000000.0,0.0,0,0,0.01,0.0,0.0,0.0,0.0,15,7,9,7,2,0.0,0,1
0.001066,2,2,130,162,31,29,487804.9063,607879.9375,0,0,0.01,0.001,0.0,0.0,0.0,3,4,1,1,0,0.0,0,0
0.756043,10,8,886,1844,62,252,8443.963867,17078.39258,2,2,83.897556,90.843859,0.182517,0.120126,0.062391,1,2,1,1,1,1.0,0,1
8e-06,2,0,114,0,254,0,57000000.0,0.0,0,0,0.008,0.0,0.0,0.0,0.0,9,3,3,3,2,0.0,0,1
0.99113,10,8,564,354,254,252,4100.370117,2502.19458,2,1,109.477333,137.651422,0.054724,0.027559,0.027165,2,1,1,1,1,0.0,0,1
1.006013,14,18,1684,10168,31,29,12437.21484,76372.76563,3,4,77.356077,59.145354,0.000681,0.000534,0.000147,1,5,1,1,0,1.0,0,0
0.046342,6,8,320,1842,31,29,46092.09766,278278.875,1,2,9.2072,6.548571,0.000644,0.000498,0.000146,9,4,4,3,0,0.0,0,0
1.266653,14,18,1684,10168,31,29,9878.001953,60657.5,3,5,97.408079,74.481647,0.000584,0.000461,0.000123,1,1,1,1,0,1.0,0,0
0.969275,10,12,782,4788,62,252,5810.52832,36225.01172,2,3,107.697222,84.481456,0.094263,0.039346,0.054917,1,1,2,1,1,1.0,0,1
0.064412,72,74,4238,63878,31,29,519157.9375,7826492.0,7,30,0.900887,0.873795,0.000773,0.000615,0.000158,3,4,3,1,0,0.0,0,0
0.03303,64,66,3806,55844,31,29,907538.625,13320739.0,7,26,0.518778,0.498723,0.000786,0.000607,0.000179,2,2,5,2,0,0.0,0,0
1.254343,20,16,9246,9028,254,252,56022.95313,53982.04297,7,6,65.971421,75.864599,0.206247,0.116364,0.089883,4,1,2,1,1,0.0,0,1
0.020809,44,46,2766,28906,31,29,1039550.188,10871450.0,7,16,0.476326,0.4506,0.00068,0.000526,0.000154,24,1,5,1,0,0.0,0,0
1.018014,12,18,1580,10168,31,29,11386.87695,75472.44531,3,5,92.513999,59.851587,0.000668,0.000532,0.000136,2,3,3,1,0,1.0,0,0
0.016935,40,40,2542,21744,31,29,1171065.875,10015235.0,7,14,0.426,0.414564,0.000912,0.000757,0.000155,7,5,5,2,0,0.0,0,0
0.001055,2,2,132,164,31,29,500473.9375,621800.9375,0,0,0.011,0.007,0.0,0.0,0.0,3,1,3,1,0,0.0,0,0
2.097807,10,8,852,354,254,252,2924.959473,1182.187012,2,1,229.328667,292.750156,0.108107,0.04855,0.059557,1,1,1,1,1,1.0,0,1
0.607241,14,6,8928,320,31,29,109228.4688,3517.549072,4,1,46.710846,121.314398,0.000681,0.000559,0.000122,3,2,5,2,0,0.0,0,0
1e-06,2,0,200,0,254,0,72727272.0,0.0,0,0,0.011,0.0,0.0,0.0,0.0,12,6,6,6,2,0.0,0,1
0.0041,12,12,1064,2260,31,29,1904390.25,4042926.75,4,4,0.342727,0.311,0.000777,0.000671,0.000106,4,3,2,1,0,0.0,0,0
1e-06,2,0,200,0,254,0,800000000.0,0.0,0,0,0.001,0.0,0.0,0.0,0.0,21,4,6,4,2,0.0,0,1
0.084639,52,54,2934,3742,31,29,272025.9063,347168.5625,11,15,1.652471,1.586547,0.000684,0.000548,0.000136,1,4,8,4,0,0.0,0,0
0.035086,15,20,784,18670,31,29,166904.1875,4044234.25,0,6,2.481786,1.606579,0.0,0.0,0.0,6,3,3,2,0,0.0,0,0
0.006379,32,24,3728,5474,31,29,4529863.5,6579087.5,7,7,0.205774,0.244652,0.000778,0.000617,0.000161,1,3,2,1,0,0.0,0,0
0.665645,10,8,846,354,254,252,9158.03418,3725.709717,2,1,70.996333,85.910289,0.154645,0.064264,0.090381,1,1,1,1,1,1.0,0,1
1.1e-05,2,0,114,0,254,0,41454544.0,0.0,0,0,0.011,0.0,0.0,0.0,0.0,7,7,7,7,2,0.0,0,1
4.731193,8,0,3808,0,254,0,5634.09668,0.0,0,0,675.884688,0.0,0.0,0.0,0.0,1,1,1,1,2,0.0,0,1
8e-06,2,0,114,0,254,0,57000000.0,0.0,0,0,0.008,0.0,0.0,0.0,0.0,13,6,8,6,2,0.0,0,1
1.5877,12,10,1332,4508,62,252,6152.295898,20447.1875,3,3,140.666176,168.280672,0.308257,0.073172,0.235085,1,1,1,1,1,1.0,0,1
0.41801,10,6,986,268,254,252,16994.80859,4286.979004,2,1,37.235556,76.790398,0.075572,0.034057,0.041515,1,1,1,1,1,1.0,0,1
0.044849,44,46,2750,27294,31,29,479475.5625,4762826.5,7,16,1.035395,0.9822,0.000803,0.000646,0.000157,5,2,2,1,0,0.0,0,0
1.2e-05,2,0,200,0,254,0,66666664.0,0.0,0,0,0.012,0.0,0.0,0.0,0.0,21,2,3,2,2,0.0,0,1
0.498321,10,8,830,1416,62,252,11992.27051,19890.79297,2,2,55.357667,65.174145,0.082852,0.042099,0.040753,1,1,1,1,1,1.0,0,1
0.023931,48,50,2958,32586,31,29,968450.9375,10675692.0,7,18,0.502191,0.475469,0.000775,0.000626,0.000149,8,1,1,1,0,0.0,0,0
0.001,2,2,146,178,31,29,584000.0,711999.9375,0,0,0.007,0.008,0.0,0.0,0.0,2,3,1,1,0,0.0,0,0
0.842885,194,364,11272,454306,31,29,106434.4453,4300069.5,18,163,4.36556,2.320733,0.000562,0.000456,0.000106,12,3,1,1,0,0.0,0,0
0.311947,10,6,968,268,254,252,22362.77344,5744.565918,2,1,30.097444,49.770398,0.135366,0.063091,0.072275,1,2,1,1,1,0.0,0,1
1e-05,2,0,200,0,254,0,80000000.0,0.0,0,0,0.01,0.0,0.0,0.0,0.0,4,2,6,2,2,0.0,0,1
0.507167,10,8,498,355,254,252,7082.47998,4905.682129,2,2,56.351889,61.352855,0.086984,0.039912,0.047072,2,1,2,1,1,0.0,0,1
0.242837,52,42,37184,3380,31,29,1201431.375,108714.8984,18,8,4.754432,5.910146,0.000653,0.000511,0.000142,1,8,6,5,0,0.0,0,0
7e-06,2,0,114,0,254,0,65142856.0,0.0,0,0,0.007,0.0,0.0,0.0,0.0,17,4,4,4,2,0.0,0,1
0.026955,60,62,3614,43086,31,29,1054795.0,12581562.0,7,24,0.451288,0.431984,0.00075,0.000596,0.000154,8,3,2,1,0,0.0,0,0
8e-06,2,0,114,0,254,0,57000000.0,0.0,0,0,0.008,0.0,0.0,0.0,0.0,11,7,7,7,2,0.0,0,1
3e-06,2,0,114,0,254,0,152000000.0,0.0,0,0,0.003,0.0,0.0,0.0,0.0,4,4,4,4,2,0.0,0,1
8e-06,2,0,200,0,254,0,88888888.0,0.0,0,0,0.009,0.0,0.0,0.0,0.0,14,4,11,4,2,0.0,0,1
0.474643,6,8,320,1942,31,29,4500.224609,28653.11523,1,2,94.865,67.737289,0.00061,0.000478,0.000132,2,2,4,1,0,0.0,0,0
0.546069,12,22,934,23816,62,252,12555.18945,333056.7813,2,9,49.566729,23.386238,0.105085,0.05495,0.050135,1,1,4,1,1,1.0,0,1
4e-06,2,0,114,0,254,0,114000000.0,0.0,0,0,0.004,0.0,0.0,0.0,0.0,18,5,5,4,2,0.0,0,1
0.001019,2,2,146,178,31,29,573110.9375,698724.25,0,0,0.007,0.006,0.0,0.0,0.0,3,2,1,1,0,0.0,0,0
0.031909,72,74,4222,62044,31,29,1043968.813,15345138.0,7,30,0.444577,0.428014,0.000809,0.000652,0.000157,9,3,3,1,0,0.0,0,0
0.665228,12,8,2326,552,254,252,25651.35547,5808.534668,3,2,57.389091,84.895859,0.135411,0.070947,0.064464,1,1,1,1,1,0.0,0,1
1.1e-05,2,0,114,0,254,0,41454544.0,0.0,0,0,0.011,0.0,0.0,0.0,0.0,16,7,6,6,2,0.0,0,1
0.886086,16,48,1222,56497,62,252,10346.62598,499454.9063,2,22,59.072401,16.300341,0.138166,0.097833,0.040333,3,1,1,2,1,1.0,0,1
0.241305,12,26,896,29234,62,252,27251.81836,931932.625,2,11,21.936818,9.29092,0.05381,0.008053,0.045757,2,1,1,1,1,1.0,0,1
0.001039,2,2,130,162,31,29,500481.2188,623676.625,0,0,0.011,0.003,0.0,0.0,0.0,2,1,8,1,0,0.0,0,0
0.466033,10,8,488,354,254,252,7553.112793,5321.51123,2,1,50.272333,59.109,0.120942,0.05226,0.068682,9,2,2,2,1,0.0,0,1
0.229034,10,8,800,1400,62,252,25149.10352,42788.40625,2,2,25.448222,30.723285,0.054011,0.007283,0.046728,1,1,1,1,1,1.0,0,1
0.216242,10,6,814,268,254,252,27117.76563,8287.011719,2,1,23.454111,41.799398,0.055226,0.007242,0.047984,1,1,1,1,1,1.0,0,1
7e-06,2,0,114,0,254,0,65142856.0,0.0,0,0,0.007,0.0,0.0,0.0,0.0,8,4,4,4,2,0.0,0,1
0.117096,42,44,2646,24924,31,29,176470.5938,1664138.875,7,15,2.848146,2.710186,0.000683,0.00055,0.000133,8,9,6,1,0,0.0,0,0
0.019967,48,50,2974,33374,31,29,1167125.75,13104423.0,7,18,0.417681,0.393163,0.000939,0.000701,0.000238,10,2,2,2,0,0.0,0,0
0.029508,72,74,4238,59594,31,29,1133252.0,15938457.0,7,30,0.410141,0.401125,0.000755,0.000617,0.000138,14,1,8,1,0,0.0,0,0
0.000999,2,2,146,178,31,29,584584.5625,712712.6875,0,0,0.006,0.005,0.0,0.0,0.0,2,5,11,2,0,0.0,0,0
0.036861,44,46,2766,27392,31,29,586853.3125,5815794.5,7,16,0.848814,0.668578,0.006994,0.006769,0.000225,5,3,2,1,0,0.0,0,0
0.039178,16,18,1540,1644,31,29,294859.375,317116.75,4,4,2.585533,2.277118,0.001492,0.000464,0.001028,8,7,8,5,0,0.0,0,0
1e-05,2,0,168,0,254,0,67200000.0,0.0,0,0,0.01,0.0,0.0,0.0,0.0,8,1,3,1,2,0.0,0,1
0.439249,10,8,796,1122,62,252,13058.65234,17885.07227,2,2,48.805444,53.184855,0.128957,0.06626,0.062697,3,3,2,5,1,1.0,0,1
2.61641,10,10,862,3542,62,252,2372.716797,9747.708008,2,3,290.712222,285.487222,0.1662,0.04632,0.11988,2,2,3,2,1,1.0,0,1
0.651354,12,8,1044,732,254,252,11753.97656,7872.831055,3,2,56.340364,86.45457,0.082966,0.046161,0.036805,3,1,1,1,1,0.0,0,1
0.011855,34,36,2230,14994,31,29,1460987.0,9837537.0,7,11,0.349576,0.316914,0.000891,0.000755,0.000136,10,2,2,1,0,0.0,0,0
6.615144,622,682,48672,85554,31,29,58766.97656,103313.25,144,199,10.651844,9.712948,0.000774,0.000615,0.000159,1,5,1,1,0,0.0,0,0
0.001215,2,2,146,178,31,29,480658.4063,586008.1875,0,0,0.006,0.006,0.0,0.0,0.0,1,2,2,1,0,0.0,0,0
1.59312,60,18,68197,784,254,252,336753.0313,3721.000244,27,1,26.98539,88.555883,0.143111,0.087662,0.055449,3,2,2,4,1,1.0,0,1
2.121872,234,438,13454,548216,31,29,50510.11719,2062198.0,21,197,9.105356,4.854298,0.000667,0.000533,0.000134,5,5,1,1,0,0.0,0,0
7e-06,2,0,114,0,254,0,65142856.0,0.0,0,0,0.007,0.0,0.0,0.0,0.0,13,4,5,4,2,0.0,0,1
0.027098,52,42,37288,3380,31,29,10796664.0,974241.625,18,8,0.523647,0.646512,0.000739,0.000586,0.000153,9,18,7,5,0,0.0,0,0
0.064747,48,50,2974,30514,31,29,359924.0313,3694874.0,7,18,1.370638,1.311102,0.000626,0.000499,0.000127,9,5,6,2,0,0.0,0,0
0.001121,2,2,146,178,31,29,520963.4063,635147.1875,0,0,0.034,0.008,0.0,0.0,0.0,3,3,1,1,0,0.0,0,0
1e-06,2,0,114,0,254,0,456000000.0,0.0,0,0,0.001,0.0,0.0,0.0,0.0,12,5,5,5,2,0.0,0,1
0.06777,46,48,2854,31538,31,29,329585.375,3645389.0,7,17,1.498533,1.430128,0.000705,0.000549,0.000156,2,4,2,2,0,0.0,0,0
2e-06,2,0,114,0,254,0,228000000.0,0.0,0,0,0.002,0.0,0.0,0.0,0.0,3,3,4,3,2,0.0,0,1
0.088973,66,68,3926,54286,31,29,347701.0,4809369.0,7,27,1.363892,1.318955,0.000751,0.000592,0.000159,10,1,8,1,0,0.0,0,0
1.264897,12,8,1078,716,254,252,6255.054688,3965.540283,3,2,110.861,131.526859,0.434162,0.344198,0.089964,2,2,1,1,1,0.0,0,1
0.04641,6,8,320,1898,31,29,46024.5625,286317.5938,1,2,9.2186,6.551857,0.000692,0.000543,0.000149,1,2,3,1,0,0.0,0,0
1.003187,12,8,990,726,254,252,7240.923828,5071.836426,3,2,87.674273,124.662141,0.234436,0.13055,0.103886,9,1,3,1,1,0.0,0,1
0.005393,22,24,1958,2308,31,29,2772483.0,3281290.75,6,6,0.240429,0.214217,0.000581,0.000458,0.000123,10,2,6,1,0,0.0,0,0
1.097801,14,18,1684,10168,31,29,11397.33008,69987.1875,3,5,84.419079,64.544824,0.000671,0.000534,0.000137,22,2,5,1,0,0.0,0,0
0.555695,222,438,12830,548216,31,29,183885.0469,7874319.5,21,197,2.512964,1.270547,0.000597,0.000462,0.000135,8,8,3,3,0,0.0,0,0
0.397939,12,6,4748,268,254,252,87510.89844,4503.202637,3,1,32.799819,62.937398,0.11518,0.083234,0.031946,9,1,2,1,1,0.0,0,1
0.223441,14,6,8928,320,31,29,296847.9375,9559.570312,4,1,17.18777,44.567199,0.000609,0.000471,0.000138,11,7,5,5,0,0.0,0,0
0.317597,16,18,1540,1644,31,29,36373.14063,39118.75781,4,4,21.152133,18.652176,0.000633,0.000501,0.000132,16,10,10,9,0,0.0,0,0
1.099864,14,18,1684,10168,31,29,11375.95215,69855.90625,3,5,84.578769,64.669941,0.000588,0.000472,0.000116,1,2,3,1,0,1.0,0,0
0.715955,10,10,778,1266,62,252,7832.894531,12738.23047,2,2,79.550556,72.488336,0.154349,0.062918,0.091431,1,1,2,1,1,1.0,0,1
1.9e-05,2,0,200,0,254,0,42105264.0,0.0,0,0,0.019,0.0,0.0,0.0,0.0,10,4,11,4,2,0.0,0,1
1.1e-05,2,0,114,0,254,0,41454544.0,0.0,0,0,0.011,0.0,0.0,0.0,0.0,18,2,2,2,2,0.0,0,1
0.017257,40,42,2542,22546,31,29,1149214.875,10203396.0,7,14,0.432744,0.407805,0.000677,0.000534,0.000143,9,8,5,1,0,0.0,0,0
6e-06,2,0,104,0,254,0,69333328.0,0.0,0,0,0.006,0.0,0.0,0.0,0.0,2,4,1,1,2,0.0,0,1
1.00561,12,18,1580,10168,31,29,11527.33203,76403.375,3,5,91.386912,59.125119,0.000603,0.000479,0.000124,2,3,3,3,0,1.0,0,0
5.871504,24,22,1248,1632,62,252,1629.56543,2122.795166,7,9,255.282783,278.004344,0.059221,0.032553,0.026668,1,2,2,2,1,0.0,0,1
0.021973,42,42,2646,23354,31,29,940426.875,8300368.5,7,14,0.541425,0.520244,0.000782,0.000637,0.000145,7,3,3,1,0,0.0,0,0
0.815944,8,8,364,1642,62,252,3127.665527,14089.20215,1,2,116.563424,103.82257,0.154094,0.088523,0.065571,2,2,2,2,1,0.0,0,1
0.258671,10,6,1022,268,254,252,28453.13281,6927.719238,2,1,26.850333,43.196,0.076541,0.042682,0.033859,1,3,1,1,1,1.0,0,1
1.1e-05,2,0,114,0,254,0,41454544.0,0.0,0,0,0.011,0.0,0.0,0.0,0.0,7,3,3,3,2,0.0,0,1
0.857996,10,8,802,1006,62,252,6731.966309,8214.490234,2,2,95.322889,104.470289,0.227499,0.126701,0.100798,1,1,5,1,1,1.0,0,1
0.261193,10,6,524,268,254,252,14456.74219,6860.82666,2,1,27.184889,44.884801,0.097577,0.036758,0.060819,1,1,1,1,1,0.0,0,1
0.887417,10,8,798,1074,62,252,6481.73291,8474.032227,2,2,98.601889,106.505,0.211801,0.125321,0.08648,5,2,3,5,1,4.0,0,1
0.437619,10,8,828,1268,62,252,13637.43359,20291.62305,2,2,48.624333,53.25543,0.086296,0.048047,0.038249,7,1,2,6,1,1.0,0,1
0.17926,10,6,804,268,254,252,32310.60938,9996.65332,2,1,18.325333,34.403199,0.051329,0.007237,0.044092,2,1,1,1,1,0.0,0,1
0.001134,2,2,146,178,31,29,514991.1875,627865.9375,0,0,0.011,0.009,0.0,0.0,0.0,3,1,1,1,0,0.0,0,0
0.007057,18,18,4600,2456,31,29,4925606.0,2630012.75,7,7,0.396529,0.380059,0.000763,0.000591,0.000172,6,4,4,3,0,0.0,0,0
0.014647,44,46,2750,28194,31,29,1468150.5,15064928.0,7,16,0.332953,0.312711,0.000698,0.000564,0.000134,6,2,3,2,0,0.0,0,0
0.789153,10,8,2516,354,254,252,22961.32813,3142.609863,2,1,83.016889,106.356141,0.106563,0.044652,0.061911,4,5,1,1,1,0.0,0,1
1.01218,14,18,1684,10168,31,29,12361.43848,75907.45313,3,5,77.828,59.510413,0.000623,0.000498,0.000125,2,3,4,2,0,1.0,0,0
0.281193,10,8,858,1030,62,252,21992.01367,25662.08984,2,2,31.243667,31.024428,0.076752,0.018984,0.057768,1,1,3,1,1,1.0,0,1
7e-06,2,0,114,0,254,0,65142856.0,0.0,0,0,0.007,0.0,0.0,0.0,0.0,3,3,3,3,2,0.0,0,1
0.154875,84,86,4862,77276,31,29,248200.1719,3945272.0,7,36,1.861964,1.815894,0.000651,0.000521,0.00013,2,3,1,1,0,0.0,0,0
1.569291,32,32,7018,10010,254,252,34660.23828,49438.88672,13,13,50.622289,49.370289,0.083901,0.038152,0.045749,2,1,2,1,1,1.0,0,1
0.592329,10,8,800,3000,62,252,9724.325195,35453.26953,2,2,65.676778,72.926711,0.17461,0.081832,0.092778,1,1,1,1,1,1.0,0,1
0.357792,10,10,816,5360,62,252,16434.12891,107861.5547,2,3,39.647333,35.111778,0.083948,0.041783,0.042165,1,1,2,1,1,1.0,0,1
4e-06,2,0,114,0,254,0,114000000.0,0.0,0,0,0.004,0.0,0.0,0.0,0.0,8,3,4,3,2,0.0,0,1
0.84482,10,6,822,268,254,252,7007.409668,2121.161865,2,1,88.031222,142.036,0.307988,0.134632,0.173356,1,1,1,1,1,1.0,0,1
0.004238,12,12,1036,2262,31,29,1793298.625,3915054.25,4,4,0.354182,0.331273,0.000746,0.000588,0.000158,2,7,1,1,0,0.0,0,0
0.005668,22,24,2054,2478,31,29,2767819.5,3352152.5,6,6,0.253,0.220087,0.000741,0.000595,0.000146,16,2,9,2,0,0.0,0,0
7e-06,2,0,114,0,254,0,65142856.0,0.0,0,0,0.007,0.0,0.0,0.0,0.0,13,3,3,3,2,0.0,0,1
1.1e-05,2,0,168,0,254,0,61090908.0,0.0,0,0,0.011,0.0,0.0,0.0,0.0,2,1,1,1,2,0.0,0,1
0.117565,72,74,4238,65118,31,29,284438.4063,4371301.0,7,30,1.64993,1.591753,0.001536,0.001362,0.000174,4,2,3,1,0,0.0,0,0
0.262237,10,6,1018,268,254,252,27974.69336,6833.512695,2,1,28.438444,50.838602,0.021379,0.008033,0.013346,2,1,2,1,1,0.0,0,1
0.030492,64,66,3806,50952,31,29,983077.5,13165420.0,7,26,0.478905,0.461554,0.000633,0.000487,0.000146,9,2,3,2,0,0.0,0,0
0.000992,2,2,146,178,31,29,588709.6875,717741.9375,0,0,0.009,0.009,0.0,0.0,0.0,2,7,1,1,0,0.0,0,0
0.001031,2,2,146,178,31,29,566440.3125,690591.625,0,0,0.007,0.009,0.0,0.0,0.0,1,2,8,1,0,0.0,0,0
1e-05,2,0,114,0,254,0,45600000.0,0.0,0,0,0.01,0.0,0.0,0.0,0.0,12,4,4,4,2,0.0,0,1
1e-05,2,0,114,0,254,0,45600000.0,0.0,0,0,0.01,0.0,0.0,0.0,0.0,12,3,3,3,2,0.0,0,1
0.198608,10,6,1294,268,254,252,46926.60938,9022.798828,2,1,20.580556,38.292,0.053521,0.007142,0.046379,1,1,1,1,1,1.0,0,1
0.033276,60,62,3614,44706,31,29,854429.625,10574589.0,7,24,0.558051,0.535066,0.000746,0.000626,0.00012,9,1,5,1,0,0.0,0,0
1.273654,364,746,19410,1087890,31,29,121584.0391,6824032.5,2,370,3.507829,1.708944,0.000602,0.000488,0.000114,2,2,1,2,0,1.0,0,0
1.005617,14,18,1684,10168,31,29,12442.11231,76402.84375,3,4,77.325459,59.113414,0.000817,0.000685,0.000132,2,4,2,2,0,4.0,0,0
7e-06,2,0,114,0,254,0,65142856.0,0.0,0,0,0.007,0.0,0.0,0.0,0.0,6,3,3,3,2,0.0,0,1
7e-06,2,0,200,0,254,0,200000000.0,0.0,0,0,0.004,0.0,0.0,0.0,0.0,10,6,9,6,2,0.0,0,1
2e-06,2,0,86,0,254,0,172000000.0,0.0,0,0,0.002,0.0,0.0,0.0,0.0,10,6,5,2,2,0.0,0,1
8e-06,2,0,200,0,254,0,80000000.0,0.0,0,0,0.01,0.0,0.0,0.0,0.0,15,7,9,7,2,0.0,0,1
0.716644,8,8,364,1824,62,252,3561.042969,17816.37695,1,2,102.377717,95.382,0.122574,0.047998,0.074576,1,1,1,1,1,0.0,0,1
1.1e-05,2,0,114,0,254,0,41454544.0,0.0,0,0,0.011,0.0,0.0,0.0,0.0,12,7,7,7,2,0.0,0,1
1e-06,2,0,114,0,254,0,456000000.0,0.0,0,0,0.001,0.0,0.0,0.0,0.0,11,4,4,4,2,0.0,0,1
4e-06,2,0,168,0,254,0,168000000.0,0.0,0,0,0.004,0.0,0.0,0.0,0.0,1,1,1,1,2,0.0,0,1
0.450786,28,30,4416,3080,31,29,75583.53906,52849.91016,7,7,16.683852,15.525379,0.000686,0.000546,0.00014,10,6,6,4,0,0.0,0,0
0.80005,28,90,2686,118390,62,252,25908.38086,1170676.75,6,43,29.631482,8.866112,0.05145,0.007001,0.044449,2,1,1,1,1,1.0,0,1
0.023237,44,46,2750,27344,31,29,925420.6875,9209451.0,7,16,0.533326,0.499733,0.000873,0.000738,0.000135,9,2,2,1,0,0.0,0,0
0.040804,72,74,4238,63618,31,29,819527.5,12304480.0,7,30,0.570028,0.545342,0.001199,0.00099,0.000209,5,4,4,3,0,0.0,0,0
4e-06,2,0,134,0,62,0,53600000.0,0.0,0,0,0.01,0.0,0.0,0.0,0.0,11,2,5,2,2,0.0,0,1
2.077638,10,10,910,1656,62,252,3153.581299,5741.135254,2,2,230.848667,216.959219,0.201958,0.124376,0.077582,5,1,1,4,1,1.0,0,1
1.1e-05,2,0,200,0,254,0,72727272.0,0.0,0,0,0.011,0.0,0.0,0.0,0.0,15,3,3,3,2,0.0,0,1
1.568827,10,8,1186,354,254,252,5446.106934,1580.798828,2,1,174.314111,215.808578,0.115693,0.05751,0.058183,1,1,1,1,1,0.0,0,1
1.004538,12,18,1580,10168,31,29,11539.63281,76484.90625,3,5,91.29082,59.061409,0.000616,0.000491,0.000125,1,3,3,1,0,1.0,0,0
0.033885,66,68,3926,57202,31,29,912970.375,13306419.0,7,27,0.516338,0.49609,0.000773,0.000636,0.000137,12,2,4,1,0,0.0,0,0
0.001041,2,2,146,178,31,29,560999.0625,683957.75,0,0,0.011,0.01,0.0,0.0,0.0,3,10,4,1,0,0.0,0,0
1.643794,10,10,802,2656,62,252,3513.82251,11636.49512,2,2,182.585444,172.908109,0.150064,0.087612,0.062452,2,1,2,1,1,1.0,0,1
1.241729,8,8,364,828,62,252,2055.19873,4670.90625,1,2,177.389857,164.067281,0.122736,0.071382,0.051354,1,2,3,2,1,0.0,0,1
0.223926,8,12,424,8824,31,29,13254.37891,288988.3438,1,4,31.940001,20.308454,0.000673,0.000529,0.000144,3,3,5,3,0,0.0,0,0
0.223204,14,6,8928,320,31,29,297163.125,9569.720703,4,1,17.169538,44.497199,0.000725,0.00058,0.000145,6,6,3,3,0,0.0,0,0
0.0018,4,4,544,304,31,29,1813333.375,1013333.375,0,0,0.461667,0.224,0.0,0.0,0.0,12,5,6,3,0,0.0,0,0
3.5e-05,2,0,114,0,254,0,13028571.0,0.0,0,0,0.035,0.0,0.0,0.0,0.0,11,7,8,7,2,0.0,0,1
0.001618,4,4,528,304,31,29,1957972.875,1127317.75,0,0,0.417,0.201667,0.0,0.0,0.0,6,5,5,3,0,0.0,0,0
0.000993,2,2,130,162,31,29,523665.6563,652568.0,0,0,0.012,0.004,0.0,0.0,0.0,8,3,4,2,0,0.0,0,0
0.803056,10,6,544,268,254,252,4881.353027,2231.47583,2,1,85.298222,139.404,0.24735,0.10603,0.14132,4,1,2,1,1,0.0,0,1
0.005236,12,12,1036,2262,31,29,1451489.75,3168831.25,4,4,0.440091,0.433,0.000949,0.000469,0.00048,6,3,4,2,0,0.0,0,0
1.005621,14,18,1684,10168,31,29,12442.06348,76402.54688,3,5,77.328305,59.121824,0.0007,0.000545,0.000155,1,2,7,1,0,1.0,0,0
1e-06,2,0,200,0,254,0,800000000.0,0.0,0,0,0.001,0.0,0.0,0.0,0.0,16,4,4,4,2,0.0,0,1
0.001164,2,2,130,162,31,29,446735.375,556701.0,0,0,0.012,0.008,0.0,0.0,0.0,1,8,3,2,0,0.0,0,0
0.001039,2,2,146,178,31,29,562078.9375,685274.3125,0,0,0.012,0.009,0.0,0.0,0.0,1,3,2,1,0,0.0,0,0
4e-06,2,0,114,0,254,0,114000000.0,0.0,0,0,0.004,0.0,0.0,0.0,0.0,7,3,4,3,2,0.0,0,1
0.003953,8,10,1050,824,31,29,1859853.25,1501644.25,2,2,0.510143,0.378444,0.000697,0.000543,0.000154,2,4,10,1,0,1.0,0,0
1.092796,14,18,1684,10168,31,29,11449.53027,70307.72656,3,5,84.03469,64.249824,0.000681,0.000544,0.000137,5,3,5,1,0,1.0,0,0
1.2179,14,18,1684,10168,31,29,10273.4209,63085.63672,3,5,93.658387,71.609,0.000669,0.000545,0.000124,1,3,1,1,0,1.0,0,0
0.58535,12,26,1382,29462,62,252,17316.13672,387173.5,2,11,53.203273,20.63904,0.116949,0.069371,0.047578,2,1,1,1,1,1.0,0,1
0.012718,42,44,2646,25364,31,29,1624783.75,15592388.0,7,15,0.302268,0.282651,0.000729,0.000559,0.00017,17,2,3,1,0,0.0,0,0
0.494314,10,6,566,268,254,252,8253.863281,3625.226074,2,1,51.460444,85.106398,0.16754,0.068778,0.098762,4,1,1,1,1,0.0,0,1
0.001048,2,2,146,178,31,29,557251.9375,679389.375,0,0,0.011,0.009,0.0,0.0,0.0,1,4,1,1,0,0.0,0,0
1.280089,10,8,842,1734,62,252,4737.17041,9486.839844,2,2,142.232111,155.722422,0.231577,0.149422,0.082155,1,1,1,1,1,1.0,0,1
0.005027,18,18,3840,2456,31,29,5772031.0,3692063.0,7,7,0.276706,0.263647,0.000709,0.00054,0.000169,8,4,3,3,0,0.0,0,0
4e-06,2,0,114,0,254,0,114000000.0,0.0,0,0,0.004,0.0,0.0,0.0,0.0,7,7,7,7,2,0.0,0,1
0.019904,48,50,2958,31784,31,29,1164389.0,12519694.0,7,18,0.416213,0.379755,0.001436,0.001289,0.000147,6,5,5,2,0,0.0,0,0
0.000982,2,2,146,178,31,29,594704.6875,725050.875,0,0,0.011,0.005,0.0,0.0,0.0,5,2,4,2,0,0.0,0,0
1.684162,30,20,18537,1752,62,252,85122.45313,7908.977539,12,6,58.042485,84.62758,0.167668,0.076233,0.091435,1,3,1,1,1,0.0,0,1
1.135761,14,18,1684,10168,31,29,11016.40234,67648.03125,3,5,87.336923,66.776824,0.000681,0.000549,0.000132,15,4,7,1,0,1.0,0,0
0.002949,6,8,320,1950,31,29,724313.3125,4630722.0,1,2,0.5246,0.349714,0.000626,0.000493,0.000133,2,4,5,2,0,0.0,0,0
0.210264,72,74,4238,61238,31,29,159038.1563,2298482.0,7,30,2.956775,2.872452,0.000718,0.000572,0.000146,19,2,20,1,0,0.0,0,0
0.03886,78,80,4550,67604,31,29,924755.5,13743489.0,7,33,0.500649,0.49009,0.000788,0.000622,0.000166,4,3,2,1,0,0.0,0,0
0.219686,10,8,988,1022,254,252,32409.89453,32591.97266,2,2,24.409556,28.020143,0.039045,0.016697,0.022348,2,1,2,1,1,1.0,0,1
0.552567,10,6,534,268,254,252,6963.861328,3243.045654,2,1,61.396333,91.354,0.172036,0.095139,0.076897,4,2,1,1,1,0.0,0,0
0.09675,66,68,3926,57474,31,29,319751.9375,4682501.5,7,27,1.482154,1.426806,0.001305,0.001148,0.000157,2,4,4,1,0,0.0,0,0
2.293482,10,8,980,354,254,252,3076.544678,1081.325195,2,1,243.924556,310.385844,0.185738,0.12078,0.064958,2,1,1,1,1,0.0,0,1
1.54578,18,26,1026,12464,62,252,5014.944336,62026.94141,6,9,90.928235,58.270519,0.11405,0.050873,0.063177,6,1,3,1,1,0.0,0,1
0.307608,16,18,1540,1644,31,29,37554.28906,40389.06641,4,4,20.4854,18.066059,0.000606,0.000475,0.000131,9,18,6,6,0,0.0,0,0
1.628024,10,6,534,268,254,252,2363.601562,1100.720825,2,1,180.891556,308.229188,0.115694,0.045267,0.070427,2,2,2,2,1,0.0,0,1
0.267259,24,8,21816,354,254,252,625819.875,9279.387695,9,1,11.619956,36.179285,0.031658,0.013288,0.01837,1,1,1,1,1,1.0,0,1
0.018945,44,46,2766,27384,31,29,1141831.625,11312326.0,7,16,0.432977,0.4088,0.000689,0.000546,0.000143,7,4,2,1,0,0.0,0,0
0.001747,4,4,536,304,31,29,1840870.0,1044075.563,0,0,0.46,0.212667,0.0,0.0,0.0,14,4,5,2,0,0.0,0,0
0.213788,32,24,3728,5474,31,29,135161.9375,196306.625,7,7,6.896387,9.263392,0.000721,0.000592,0.000129,1,3,4,1,0,0.0,0,0
1.140782,14,18,1684,10168,31,29,10967.91504,67350.28906,3,5,87.722077,67.072824,0.00068,0.000541,0.000139,2,1,4,2,0,1.0,0,0
0.526483,10,12,1228,2364,62,252,16805.86133,32927.9375,2,3,58.498111,44.802364,0.047621,0.032906,0.014715,1,1,1,1,1,1.0,0,1
0.672549,10,6,898,268,254,252,9623.09082,2664.489746,2,1,74.670222,112.219,0.311123,0.111443,0.19968,1,1,2,1,1,1.0,0,1
0.035336,4,4,568,312,31,29,96445.55469,52977.13672,0,0,6.678667,11.28,0.0,0.0,0.0,11,3,2,2,0,0.0,0,0
0.562574,10,6,756,268,254,252,9684.058594,3185.358643,2,1,56.750889,80.820797,0.217844,0.158462,0.059382,6,1,1,1,1,0.0,0,1
1.007137,14,18,1684,10168,31,29,12423.33496,76287.53906,3,5,77.446308,59.209647,0.00073,0.000568,0.000162,3,2,4,2,0,4.0,0,0
7e-06,2,0,104,0,254,0,59428572.0,0.0,0,0,0.007,0.0,0.0,0.0,0.0,6,2,2,1,2,0.0,0,1
0.001051,2,2,146,178,31,29,555661.3125,677450.0625,0,0,0.007,0.005,0.0,0.0,0.0,1,2,1,1,0,0.0,0,0
3.525939,10,8,2118,354,254,252,4326.790527,703.358765,2,1,391.618667,494.881,0.144378,0.061768,0.08261,3,2,1,1,1,0.0,0,1
0.456138,10,12,852,6672,62,252,13452.06934,107265.7813,2,4,50.682,37.738637,0.105852,0.040337,0.065515,1,1,1,1,1,0.0,0,1
1.379851,20,38,1112,31378,62,252,6128.197754,177137.9688,6,17,72.56484,36.293352,0.081487,0.036995,0.044492,1,1,1,1,1,0.0,0,1
0.005803,22,24,2054,2478,31,29,2703429.25,3274168.5,6,6,0.259524,0.225304,0.000765,0.000611,0.000154,10,2,1,1,0,0.0,0,0
4e-06,2,0,114,0,254,0,114000000.0,0.0,0,0,0.004,0.0,0.0,0.0,0.0,17,2,4,2,2,0.0,0,1
0.001075,2,2,130,162,31,29,483720.9063,602790.6875,0,0,0.01,0.009,0.0,0.0,0.0,4,3,3,2,0,0.0,0,0
4e-06,2,0,114,0,254,0,114000000.0,0.0,0,0,0.004,0.0,0.0,0.0,0.0,7,4,3,3,2,0.0,0,1
1.021128,14,18,1684,10168,31,29,12253.11523,75242.27344,3,5,78.516998,60.031647,0.000727,0.000585,0.000142,2,2,1,1,0,1.0,0,0
25.303246,442,858,24848,1094788,31,29,7838.362305,345730.5,38,390,57.376277,29.478522,0.041047,0.04016,0.000887,8,4,2,1,0,0.0,0,0
0.173274,4,4,568,312,31,29,19668.27148,10803.69824,0,0,47.669668,44.321,0.0,0.0,0.0,10,5,6,2,0,0.0,0,0
0.001094,2,2,130,162,31,29,475319.9375,592321.8125,0,0,0.01,0.008,0.0,0.0,0.0,4,4,9,3,0,0.0,0,0
0.304199,24,26,2048,2410,31,29,51624.09766,60960.09375,6,7,13.206261,12.14632,0.000655,0.000531,0.000124,4,1,1,1,0,0.0,0,0
0.092672,66,68,3926,51770,31,29,333822.5313,4403401.5,7,27,1.420092,1.37397,0.000778,0.000605,0.000173,4,5,2,1,0,0.0,0,0
0.028992,56,58,3390,42312,31,29,918874.1875,11474338.0,7,22,0.519873,0.498509,0.000668,0.000543,0.000125,9,5,4,2,0,0.0,0,0
0.920797,14,14,1412,764,254,252,11398.82129,6168.569336,6,3,5364.3675,5365.869,0.072667,0.042724,0.029943,5,2,2,2,1,0.0,0,0
0.004988,18,18,4280,2456,31,29,6484362.5,3720930.5,7,7,0.274706,0.259882,0.000705,0.000566,0.000139,8,5,3,3,0,0.0,0,0
0.005132,4,4,568,320,31,29,664068.625,374123.1563,0,0,1.351,1.167667,0.0,0.0,0.0,9,4,7,3,0,0.0,0,0
0.029112,60,62,3598,48710,31,29,972519.9375,13169827.0,7,24,0.487136,0.46723,0.000735,0.000601,0.000134,7,1,1,1,0,0.0,0,0
0.031437,52,42,37316,3380,31,29,9313612.0,839774.8125,18,8,0.609294,0.753439,0.000716,0.000541,0.000175,1,2,1,1,0,0.0,0,0
0.000987,2,2,146,178,31,29,591692.0,721377.9375,0,0,0.004,0.01,0.0,0.0,0.0,19,7,19,3,0,0.0,0,0
0.648845,10,6,588,268,254,252,6534.688477,2761.830566,2,1,68.636778,114.116797,0.10543,0.078251,0.027179,3,1,1,1,1,0.0,0,1
0.188708,10,6,962,268,254,252,36712.80469,9496.152344,2,1,20.967556,29.259801,0.040192,0.027262,0.01293,1,1,1,1,1,1.0,0,1
0.543999,12,8,1018,740,254,252,13735.31934,9529.428711,3,2,45.130636,70.36457,0.13508,0.051437,0.083643,5,1,1,1,1,0.0,0,1
0.749427,6,8,320,1854,31,29,2850.17749,17325.23633,1,2,149.8224,106.99357,0.000601,0.000468,0.000133,6,4,3,2,0,0.0,0,0
0.090377,16,18,1244,2574,31,29,103300.6172,215187.4844,4,4,6.0014,5.283706,0.000697,0.000548,0.000149,7,4,2,1,0,0.0,0,0
0.027148,42,44,2646,21978,31,29,761161.0,6329453.0,7,14,0.637829,0.61807,0.000686,0.000567,0.000119,4,4,3,1,0,0.0,0,0
1e-05,2,0,200,0,254,0,80000000.0,0.0,0,0,0.01,0.0,0.0,0.0,0.0,12,2,8,2,2,0.0,0,1
0.560548,10,14,916,10506,62,252,11774.19238,139235.1719,2,5,62.174667,38.291616,0.248768,0.062752,0.186016,2,1,1,2,1,1.0,0,1
0.001091,2,2,146,178,31,29,535288.6875,652612.25,0,0,0.01,0.008,0.0,0.0,0.0,2,8,4,1,0,0.0,0,0
0.004816,4,4,568,312,31,29,707641.1875,388704.3438,0,0,1.241333,1.123667,0.0,0.0,0.0,13,4,5,3,0,0.0,0,0
0.132008,84,86,4862,78556,31,29,291194.4688,4705351.0,7,36,1.586482,1.546671,0.000651,0.000531,0.00012,7,5,4,1,0,0.0,0,0
0.001084,2,2,146,178,31,29,538745.375,656826.5625,0,0,0.01,0.008,0.0,0.0,0.0,8,2,1,1,0,0.0,0,0
0.004588,12,12,1064,2260,31,29,1701830.875,3612903.25,4,4,0.383091,0.363818,0.000709,0.000584,0.000125,20,1,3,1,0,0.0,0,0
54.688499,20,16,1956,708,254,252,271.940186,97.131943,4,1,2878.293316,3642.261,0.119366,0.054573,0.064793,5,3,3,3,1,0.0,0,1
0.012854,42,44,2646,24004,31,29,1607593.0,14600280.0,7,15,0.305732,0.287442,0.000626,0.00049,0.000136,10,5,3,1,0,0.0,0,0
0.836604,52,54,2934,3740,31,29,27520.78711,35103.82422,11,15,16.397882,15.77366,0.000749,0.000597,0.000152,1,5,6,3,0,0.0,0,0
0.707298,24,18,8620,2198,254,252,93437.28125,23480.91016,9,7,30.752088,40.885531,0.057524,0.007272,0.050252,3,1,1,1,1,0.0,0,1
0.007072,24,26,2048,2410,31,29,2220588.25,2622172.0,6,7,0.279696,0.25892,0.000722,0.000589,0.000133,13,3,5,1,0,0.0,0,0
1.135752,14,18,1684,10168,31,29,11016.49023,67648.57031,3,5,87.336921,66.778118,0.000673,0.000517,0.000156,1,5,2,1,0,1.0,0,0
0.001068,2,2,130,162,31,29,486891.4063,606741.5625,0,0,0.011,0.005,0.0,0.0,0.0,6,1,2,1,0,0.0,0,0
3e-06,2,0,200,0,254,0,266666656.0,0.0,0,0,0.003,0.0,0.0,0.0,0.0,16,3,3,3,2,0.0,0,1
1.006801,14,18,1684,10168,31,29,12427.48047,76312.99219,3,5,77.419613,59.192765,0.000653,0.00052,0.000133,16,11,18,7,0,14.0,0,0
0.001663,4,4,512,304,31,29,1847264.0,1096813.0,0,0,0.429,0.200667,0.0,0.0,0.0,7,4,5,3,0,0.0,0,0
0.001071,2,2,132,164,31,29,492997.1875,612511.6875,0,0,0.01,0.008,0.0,0.0,0.0,1,1,6,1,0,0.0,0,0
0.311568,10,6,826,268,254,252,19103.375,5751.553711,2,1,34.618667,45.23,0.152844,0.071189,0.081655,1,9,1,1,1,2.0,0,1
4e-06,2,0,114,0,254,0,114000000.0,0.0,0,0,0.004,0.0,0.0,0.0,0.0,8,4,4,4,2,0.0,0,1
0.271334,10,6,848,268,254,252,22525.74414,6604.406738,2,1,29.389444,41.490398,0.113965,0.063873,0.050092,2,1,7,1,1,1.0,0,1
1.015126,10,8,564,354,254,252,4003.443848,2443.046387,2,1,106.115111,132.540281,0.132683,0.087334,0.045349,11,1,4,1,1,0.0,0,1
0.005074,24,20,2158,1918,31,29,3262120.5,2874261.0,6,5,0.220609,0.229263,0.000751,0.000581,0.00017,9,2,2,1,0,0.0,0,0
1.1e-05,2,0,168,0,254,0,61090908.0,0.0,0,0,0.011,0.0,0.0,0.0,0.0,9,3,4,3,2,0.0,0,1
59.990246,4812,750,6424273,32770,62,252,856531.0,4364.30957,2405,6,12.469391,79.84975,0.178609,0.094615,0.083994,1,1,3,1,3,0.0,0,1
0.0,1,0,46,0,0,0,0.0,0.0,0,0,60000.608,0.0,0.0,0.0,0.0,2,2,2,2,2,0.0,1,0
0.06287,46,48,2854,29104,31,29,355272.7813,3626276.25,7,17,1.388044,1.325319,0.00071,0.000575,0.000135,10,2,8,1,0,0.0,0,0
8.473251,328,746,17538,1087890,31,29,16508.42188,1025752.188,2,370,25.911033,11.372848,0.000593,0.000469,0.000124,1,2,1,1,0,1.0,0,0
2.267825,26,62,1192,59224,62,252,4046.167725,205550.2656,7,29,90.713,35.860835,0.155217,0.079565,0.075652,2,6,7,6,1,0.0,0,1
0.064947,48,46,2572,54692,31,29,310283.75,6590481.5,0,22,1.381851,1.428733,0.0,0.0,0.0,4,4,4,1,0,0.0,0,0
8e-06,2,0,114,0,254,0,57000000.0,0.0,0,0,0.008,0.0,0.0,0.0,0.0,9,4,5,4,2,0.0,0,1
1e-06,2,0,114,0,254,0,456000000.0,0.0,0,0,0.001,0.0,0.0,0.0,0.0,16,8,8,8,2,0.0,0,1
0.682587,10,6,790,268,254,252,8333.00293,2625.306152,2,1,70.531778,123.279602,0.11417,0.06618,0.04799,1,1,8,1,1,1.0,0,1
0.042119,38,40,2438,19408,31,29,450912.875,3594197.5,7,13,1.089541,0.998692,0.003314,0.003168,0.000146,11,2,10,1,0,0.0,0,0
1.115878,12,18,1580,10168,31,29,10388.23242,68853.40625,3,5,101.410088,65.606179,0.000735,0.00057,0.000165,2,6,2,3,0,1.0,0,0
1.502463,10,10,828,1734,62,252,3972.144531,8311.685547,2,2,166.803778,152.766672,0.179272,0.127556,0.051716,3,1,2,2,1,1.0,0,1
0.199379,10,8,814,1720,62,252,29411.32227,60387.50391,2,2,22.042889,25.711428,0.035057,0.019391,0.015666,1,1,1,1,1,1.0,0,1
1.542057,10,8,850,354,254,252,3968.724854,1608.241455,2,1,171.197444,208.055281,0.189835,0.085667,0.104168,1,1,1,1,1,1.0,0,1
0.013885,44,46,2750,26406,31,29,1548721.625,14883400.0,7,16,0.315209,0.294822,0.000792,0.000607,0.000185,14,2,2,1,0,0.0,0,0
0.004762,4,4,568,320,31,29,715665.6875,403191.9375,0,0,1.211333,1.091333,0.0,0.0,0.0,5,7,3,3,0,0.0,0,0
1.115877,14,18,1684,10168,31,29,11212.70508,68853.46094,3,5,85.788618,65.608647,0.000652,0.000526,0.000126,1,3,1,1,0,1.0,0,0
1.1e-05,2,0,116,0,62,0,42181816.0,0.0,0,0,0.011,0.0,0.0,0.0,0.0,3,2,2,2,2,0.0,0,1
1.3e-05,2,0,114,0,254,0,35076924.0,0.0,0,0,0.013,0.0,0.0,0.0,0.0,16,7,8,7,2,0.0,0,1
0.563073,10,8,938,354,254,252,12005.54883,4404.402344,2,1,62.563667,66.833859,0.116717,0.088191,0.028526,1,1,1,1,1,1.0,0,1
0.942647,10,6,1100,268,254,252,8401.873047,1901.029785,2,1,96.843889,168.758203,0.210566,0.098852,0.111714,1,2,3,1,1,0.0,0,1
4.472831,438,858,24640,1094788,31,29,43970.36328,1955831.625,38,390,10.234579,5.218614,0.000595,0.000472,0.000123,11,3,5,2,0,0.0,0,0
9.014818,42,42,2368,2768,31,29,2051.73291,2398.717285,9,11,219.865875,219.861922,0.000611,0.000475,0.000136,35,21,35,18,0,0.0,0,0
0.019724,40,42,2558,23320,31,29,1011965.125,9233421.0,7,14,0.497769,0.468927,0.000632,0.000497,0.000135,4,3,2,1,0,0.0,0,0
0.001337,2,2,146,178,31,29,436798.7813,532535.5,0,0,0.01,0.011,0.0,0.0,0.0,4,3,7,1,0,0.0,0,0
0.63467,10,8,648,354,62,252,7361.305664,3907.54248,2,1,65.374444,77.508859,0.175861,0.092103,0.083758,1,1,1,1,1,1.0,0,1
0.384948,226,438,13038,548216,31,29,269771.5,11367042.0,21,197,1.717116,0.879659,0.000667,0.000534,0.000133,16,6,15,6,0,0.0,0,0
0.000971,2,2,146,178,31,29,601441.8125,733264.6875,0,0,0.006,0.001,0.0,0.0,0.0,2,4,2,1,0,0.0,0,0
8e-06,2,0,114,0,254,0,57000000.0,0.0,0,0,0.008,0.0,0.0,0.0,0.0,11,7,7,7,2,0.0,0,1
0.395398,12,26,1620,27492,62,252,30045.67578,534853.5,2,11,35.945272,15.18456,0.053314,0.014947,0.038367,1,1,4,1,1,1.0,0,1
0.001081,2,2,146,178,31,29,540240.5625,658649.4375,0,0,0.012,0.009,0.0,0.0,0.0,2,5,2,1,0,0.0,0,0
0.001799,4,4,520,304,31,29,1734296.875,1013896.625,0,0,0.453667,0.241333,0.0,0.0,0.0,9,7,6,3,0,0.0,0,0
0.946075,52,42,37142,3380,31,29,308034.7813,27904.76367,18,8,18.542843,23.062023,0.000658,0.000528,0.00013,1,2,1,1,0,0.0,0,0
0.001043,2,2,130,162,31,29,498561.8438,621284.75,0,0,0.01,0.003,0.0,0.0,0.0,1,5,6,1,0,0.0,0,0
0.030306,72,74,4222,62044,31,29,1099188.25,16156800.0,7,30,0.421732,0.407726,0.000648,0.000531,0.000117,4,6,2,2,0,0.0,0,0
0.713375,10,8,842,354,254,252,8500.438477,3476.432617,2,1,79.263889,84.468859,0.180919,0.121379,0.05954,1,1,1,1,1,1.0,0,1
0.225789,10,8,796,1302,62,252,25404.25,40391.69531,2,2,25.087667,30.287572,0.056187,0.007895,0.048292,2,1,2,1,1,1.0,0,1
0.004833,18,18,3936,2456,31,29,6154356.0,3840265.0,7,7,0.265176,0.256118,0.000607,0.000475,0.000132,17,5,9,5,0,0.0,0,0
0.00132,2,2,130,162,31,29,393939.375,490909.0625,0,0,0.01,0.008,0.0,0.0,0.0,3,5,3,2,0,0.0,0,0
8e-06,2,0,200,0,254,0,50000000.0,0.0,0,0,0.016,0.0,0.0,0.0,0.0,10,6,10,6,2,0.0,0,1
0.005396,22,14,1470,1728,31,29,2081541.875,2379540.25,5,4,0.256952,0.352077,0.000847,0.00068,0.000167,4,3,1,1,0,0.0,0,0
15.087037,8,10,1052,824,31,29,488.366272,393.450348,2,2,2153.133786,1676.274875,0.00069,0.00055,0.00014,5,13,5,2,0,1.0,0,0
0.004873,18,18,3936,2456,31,29,6103837.5,3808742.0,7,7,0.268118,0.253471,0.000692,0.000559,0.000133,5,6,3,3,0,0.0,0,0
0.018826,16,18,1540,1644,31,29,613619.4375,659938.375,4,4,1.232867,1.147563,0.000581,0.000459,0.000122,6,8,5,3,0,0.0,0,0
0.70401,10,6,874,268,254,252,8943.054688,2545.418457,2,1,77.939556,115.029797,0.211517,0.128855,0.082662,1,19,1,1,1,1.0,0,1
0.536927,10,6,600,268,254,252,8045.786621,3337.511475,2,0,3946.3041,6577.3245,0.087011,0.030478,0.056533,14,5,6,5,1,0.0,0,1
5.423387,22,26,1920,4416,31,29,2703.845459,6264.719727,6,6,258.238095,216.914605,0.000642,0.00051,0.000132,6,4,4,1,0,0.0,0,0
0.031793,122,126,7814,15134,31,29,1950114.875,3777938.75,30,32,0.264269,0.2502,0.000665,0.000511,0.000154,8,4,5,1,0,0.0,0,0
1.029127,12,12,826,682,254,252,5892.373047,4866.260254,3,4,93.548457,89.718633,0.096686,0.042221,0.054465,3,1,2,1,1,0.0,0,1
0.571677,10,6,972,268,254,252,12244.67578,3134.636963,2,1,58.745111,106.583,0.095398,0.038752,0.056646,1,1,1,1,1,1.0,0,1
1.652567,360,746,19202,1087890,31,29,92699.41406,5259366.5,2,370,4.602301,2.217556,0.000603,0.000482,0.000121,3,3,1,2,0,1.0,0,0
0.008701,34,36,2230,14370,31,29,1990575.75,12845420.0,7,11,0.261187,0.234657,0.000617,0.000484,0.000133,10,1,4,1,0,0.0,0,0
0.036198,52,54,2934,3742,31,29,636057.1875,811757.5,11,15,0.703529,0.672453,0.00071,0.000554,0.000156,1,8,6,4,0,0.0,0,0
1.459545,22,83,1326,101899,62,252,6939.148926,551799.375,2,39,69.502146,17.150525,0.168016,0.052154,0.115862,1,1,2,1,1,0.0,0,1
0.180031,10,6,1364,268,254,252,54568.37891,9953.84082,2,1,18.463778,34.714801,0.05261,0.006449,0.046161,1,1,1,1,1,1.0,0,1
2.334772,10,8,2452,354,254,252,7562.194336,1062.202148,2,1,255.006778,318.473281,0.240061,0.105435,0.134626,2,1,2,1,1,1.0,0,1
0.011982,36,38,2334,16734,31,29,1515606.75,10878985.0,7,12,0.3425,0.306108,0.000785,0.000646,0.000139,5,1,3,1,0,0.0,0,0
0.011316,38,40,2438,20718,31,29,1678331.625,14281372.0,7,13,0.296216,0.277026,0.000609,0.000507,0.000102,6,3,3,2,0,0.0,0,0
0.042986,90,92,5174,91160,31,29,952310.0,16781276.0,7,39,0.479494,0.466495,0.000665,0.000531,0.000134,5,5,7,1,0,0.0,0,0
29.405241,454,858,25472,1094788,31,29,6914.685547,297501.5313,38,390,64.911528,34.311263,0.000644,0.000515,0.000129,16,20,14,12,0,0.0,0,0
0.891926,60,14,68197,612,254,252,601493.875,5103.5625,27,1,14.693678,65.342309,0.11253,0.042475,0.070055,4,1,1,1,1,1.0,0,1
0.967389,10,8,534,354,254,252,3977.717285,2563.601562,2,1,103.224222,125.563,0.216093,0.088437,0.127656,7,1,2,1,1,0.0,0,1
0.046998,56,58,3390,42080,31,29,566832.625,7039448.0,7,22,0.847818,0.814263,0.000717,0.000574,0.000143,6,1,3,1,0,0.0,0,0
1.150131,14,18,1684,10168,31,29,10878.76074,66802.82813,3,5,88.441615,67.626176,0.001427,0.000483,0.000944,2,5,4,2,0,1.0,0,0
0.483997,10,18,784,16746,62,252,11669.49414,261423.1094,2,7,53.777444,26.110588,0.100642,0.039244,0.061398,1,1,1,1,1,1.0,0,1
14.510819,334,746,17850,1087900,31,29,9811.712891,598969.375,2,370,43.575086,19.47684,0.000715,0.000569,0.000146,3,4,2,2,0,1.0,0,0
0.001061,2,2,146,178,31,29,550424.125,671065.0,0,0,0.012,0.008,0.0,0.0,0.0,4,2,5,2,0,0.0,0,0
5e-06,2,0,104,0,254,0,83200000.0,0.0,0,0,0.005,0.0,0.0,0.0,0.0,23,2,8,2,2,0.0,0,1
0.231984,10,6,880,268,254,252,27312.22852,7724.67041,2,1,24.175111,42.189199,0.038046,0.021034,0.017012,1,1,1,1,1,1.0,0,1
1.397952,10,10,792,1170,62,252,4080.254639,6025.958008,2,2,155.328,138.182219,0.234367,0.124082,0.110285,3,1,1,3,1,1.0,0,1
6e-06,2,0,1474,0,254,0,982666624.0,0.0,0,0,0.006,0.0,0.0,0.0,0.0,4,4,4,4,2,0.0,0,0
0.314314,12,10,1108,1114,62,252,25859.49023,25528.61133,3,3,28.574,33.589445,0.053014,0.007157,0.045857,1,1,1,1,1,1.0,0,1
0.41038,10,12,928,4422,62,252,16297.08984,79029.1875,2,3,45.597778,32.635638,0.090976,0.045881,0.045095,5,3,3,3,1,1.0,0,1
0.023747,12,14,1064,2364,31,29,328799.4063,739798.6875,4,4,2.120909,1.787,0.000635,0.000511,0.000124,5,1,1,1,0,0.0,0,0
0.043835,52,42,37302,3380,31,29,6676856.5,602258.5,18,8,0.852373,1.056927,0.000621,0.000497,0.000124,2,2,3,1,0,0.0,0,0
0.124324,4,4,568,320,31,29,27412.24609,15443.51856,0,0,36.327,23.992334,0.0,0.0,0.0,17,7,5,2,0,0.0,0,0
0.005115,18,18,3936,2456,31,29,5815053.5,3628543.5,7,7,0.282176,0.270353,0.000651,0.000516,0.000135,11,6,6,3,0,0.0,0,0
0.015876,48,50,2974,30516,31,29,1467876.0,15069790.0,7,18,0.330915,0.311571,0.000732,0.000598,0.000134,7,1,2,1,0,0.0,0,0
0.00479,4,4,568,312,31,29,711482.25,390814.1875,0,0,1.254,1.101667,0.0,0.0,0.0,8,3,8,3,0,0.0,0,0
1.572897,22,20,4172,1820,62,252,20258.16016,8793.964844,8,8,74.899855,79.851523,0.117769,0.054988,0.062781,1,1,4,1,1,0.0,0,1
0.510175,10,6,866,268,254,252,12231.09766,3512.520264,2,1,56.573667,86.377602,0.186702,0.078285,0.108417,1,1,3,1,1,1.0,0,1
1.807932,16,12,888,678,254,252,3685.979248,2752.315918,4,4,120.528797,155.814812,0.140048,0.071151,0.068897,5,2,2,1,1,0.0,0,1
1.082551,12,22,920,20134,62,252,6237.119629,142027.4844,2,8,98.406003,47.642621,0.150937,0.082047,0.06889,1,1,1,1,1,1.0,0,1
0.006682,24,20,2158,1918,31,29,2477102.5,2182580.0,6,5,0.290522,0.313632,0.000685,0.000548,0.000137,3,1,8,1,0,0.0,0,0
0.001042,2,2,146,178,31,29,560460.625,683301.3125,0,0,0.011,0.011,0.0,0.0,0.0,7,1,1,1,0,0.0,0,0
7.120915,612,668,47840,84314,31,29,53658.27344,94581.10156,141,195,11.654002,10.675022,0.000825,0.000665,0.00016,2,3,5,2,0,0.0,0,0
0.717343,10,6,850,268,254,252,8531.483398,2498.107666,2,1,75.381,125.763797,0.159657,0.088518,0.071139,1,1,1,1,1,1.0,0,1
3.70158,24,22,1236,1610,62,252,2561.068604,3321.824707,7,9,160.938255,172.476,0.174999,0.07894,0.096059,1,1,1,1,1,0.0,0,1
1.1e-05,2,0,124,0,254,0,45090908.0,0.0,0,0,0.011,0.0,0.0,0.0,0.0,1,1,4,1,2,0.0,0,1
0.003945,8,10,1038,820,31,29,1843346.0,1496578.0,2,2,0.509571,0.378778,0.000666,0.000529,0.000137,3,4,16,1,0,1.0,0,0
0.001192,2,2,146,178,31,29,489932.875,597315.4375,0,0,0.011,0.009,0.0,0.0,0.0,1,3,1,1,0,0.0,0,0
34.679878,42,0,18480,0,254,0,4161.490723,0.0,0,0,845.85075,0.0,0.0,0.0,0.0,2,2,2,2,2,0.0,0,1
0.02288,44,46,2766,27384,31,29,945454.5625,9366784.0,7,16,0.524442,0.497756,0.000598,0.000478,0.00012,7,1,1,1,0,0.0,0,0
0.005161,18,18,3760,2456,31,29,5505910.0,3596202.25,7,7,0.284353,0.270059,0.000723,0.000566,0.000157,3,4,3,3,0,0.0,0,0
31.079002,4,4,184,112,0,0,35.522377,21.622316,0,0,15514.548,15514.547,0.0,0.0,0.0,2,2,2,2,0,0.0,0,0
0.613859,10,10,788,2932,62,252,9252.939453,34392.26172,2,2,68.206556,55.083109,0.11928,0.05929,0.05999,2,1,1,1,1,1.0,0,1
0.188693,10,6,932,268,254,252,35571.00781,9496.907227,2,1,20.965889,33.324801,0.044533,0.021288,0.023245,1,1,1,1,1,1.0,0,1
6e-06,2,0,168,0,254,0,112000000.0,0.0,0,0,0.006,0.0,0.0,0.0,0.0,8,1,1,1,2,0.0,0,1
0.001097,2,2,146,178,31,29,532361.0,649042.875,0,0,0.01,0.008,0.0,0.0,0.0,6,4,7,2,0,0.0,0,0
7e-06,2,0,114,0,254,0,65142856.0,0.0,0,0,0.007,0.0,0.0,0.0,0.0,7,3,3,3,2,0.0,0,1
0.609741,10,6,566,268,254,252,6691.366211,2938.952881,2,1,65.692778,102.070797,0.170124,0.099383,0.070741,5,1,2,4,1,1.0,0,1
2e-06,2,0,114,0,254,0,228000000.0,0.0,0,0,0.002,0.0,0.0,0.0,0.0,12,7,7,7,2,0.0,0,1
0.005664,18,18,3728,2456,31,29,4973164.0,3276836.25,7,7,0.316059,0.305176,0.000597,0.000473,0.000124,4,6,4,3,0,0.0,0,0
6e-06,2,0,200,0,254,0,133333328.0,0.0,0,0,0.006,0.0,0.0,0.0,0.0,10,3,4,3,2,0.0,0,1
3.5e-05,2,0,200,0,254,0,114285712.0,0.0,0,0,0.007,0.0,0.0,0.0,0.0,12,6,6,6,2,0.0,0,1
0.007927,34,36,2230,13968,31,29,2184937.75,13705059.0,7,11,0.230636,0.208571,0.000736,0.00061,0.000126,4,1,2,1,0,0.0,0,0
1.2e-05,2,0,168,0,254,0,56000000.0,0.0,0,0,0.012,0.0,0.0,0.0,0.0,1,2,1,1,2,0.0,0,1
0.222378,14,6,8928,320,31,29,298266.9063,9605.266602,4,1,17.106,44.355602,0.000602,0.000467,0.000135,3,4,5,4,0,0.0,0,0
0.394196,12,30,878,33772,62,252,16337.05078,662553.625,2,13,35.836001,12.493448,0.093335,0.030965,0.06237,2,1,2,1,1,1.0,0,1
3e-06,2,0,200,0,254,0,266666656.0,0.0,0,0,0.003,0.0,0.0,0.0,0.0,2,2,6,2,2,0.0,0,1
5.426221,174,192,13776,45624,31,29,20193.79688,66915.07813,39,59,31.363121,28.40645,0.000721,0.000578,0.000143,1,5,1,1,0,0.0,0,0
4e-06,2,0,114,0,254,0,114000000.0,0.0,0,0,0.004,0.0,0.0,0.0,0.0,8,4,4,4,2,0.0,0,1
8e-06,2,0,168,0,254,0,84000000.0,0.0,0,0,0.008,0.0,0.0,0.0,0.0,9,4,4,4,2,0.0,0,1
3e-06,2,0,114,0,254,0,152000000.0,0.0,0,0,0.003,0.0,0.0,0.0,0.0,12,2,2,2,2,0.0,0,1
2.213754,10,10,1134,928,254,252,3689.6604,3021.112549,2,2,245.854222,226.611219,0.368218,0.174238,0.19398,5,3,3,6,1,1.0,0,1
3.604709,10,8,882,354,254,252,1762.139526,687.988953,2,1,396.658444,508.872437,0.139556,0.042593,0.096963,1,1,1,1,1,1.0,0,1
0.001024,2,2,132,164,31,29,515625.0,640625.0,0,0,0.011,0.008,0.0,0.0,0.0,2,11,9,7,0,0.0,0,0
6e-06,2,0,114,0,254,0,76000000.0,0.0,0,0,0.006,0.0,0.0,0.0,0.0,7,3,3,3,2,0.0,0,1
0.051003,62,60,3718,46828,31,29,573927.0,7222790.5,7,24,0.830902,0.855153,0.000685,0.000539,0.000146,11,2,1,1,0,0.0,0,0
0.02098,52,54,2934,3742,31,29,1097426.125,1400572.0,11,15,0.40549,0.385377,0.000728,0.000551,0.000177,1,9,6,4,0,0.0,0,0
0.004381,8,10,1052,824,31,29,1681807.75,1354941.75,2,2,0.574286,0.422222,0.000912,0.000578,0.000334,1,1,7,1,0,1.0,0,0
3.886624,448,858,25160,1094788,31,29,51672.60547,2250823.25,38,390,8.694107,4.534607,0.000597,0.000462,0.000135,6,5,5,2,0,0.0,0,0
0.882894,52,40,37396,3276,31,29,332334.3438,28950.24805,18,8,17.304177,22.623975,0.000712,0.000553,0.000159,1,2,3,1,0,0.0,0,0
0.004053,8,10,1042,824,31,29,1800148.125,1464594.125,2,2,0.530286,0.387111,0.00072,0.000564,0.000156,1,2,6,2,0,1.0,0,0
0.276191,4,4,568,312,31,29,12339.28711,6777.918457,0,0,87.020336,86.941664,0.0,0.0,0.0,4,5,4,3,0,0.0,0,0
1.1e-05,2,0,132,0,254,0,48000000.0,0.0,0,0,0.011,0.0,0.0,0.0,0.0,1,1,2,1,2,0.0,0,1
0.962375,58,24,54298,1850,62,252,443585.9375,14738.53809,26,8,16.883772,41.307,0.062884,0.011159,0.051725,1,2,4,1,1,0.0,0,1
2.009377,12,12,1594,682,254,252,5820.709473,2492.314697,3,4,182.670636,172.623188,0.161976,0.109306,0.05267,2,1,1,1,1,0.0,0,1
0.620413,10,10,812,2320,62,252,9425.979492,26924.0,2,2,68.934778,63.269668,0.11922,0.050306,0.068914,1,1,1,1,1,1.0,0,1
0.05293,56,58,3390,44426,31,29,503306.25,6599055.0,7,22,0.9566,0.917667,0.000774,0.000617,0.000157,8,2,4,2,0,0.0,0,0
0.006014,24,26,2048,2410,31,29,2611240.25,3083471.75,6,7,0.246522,0.21528,0.000773,0.00062,0.000153,4,2,1,1,0,0.0,0,0
0.172333,10,6,952,268,254,252,39783.44141,10398.47266,2,1,19.148111,29.1164,0.077299,0.026199,0.0511,1,1,1,1,1,1.0,0,1
0.85991,60,14,68185,612,254,252,623776.875,5293.577148,27,1,14.574746,62.386152,0.117811,0.048231,0.06958,3,1,1,3,1,1.0,0,0
0.001033,2,2,146,178,31,29,565343.6875,689254.625,0,0,0.004,0.009,0.0,0.0,0.0,2,5,1,1,0,0.0,0,0
1.330651,14,18,1684,10168,31,29,9402.916016,57740.15625,3,5,102.33169,78.245,0.000604,0.000481,0.000123,2,2,1,2,0,1.0,0,0
0.019904,16,18,1540,1644,31,29,580385.8125,624196.125,4,4,1.306067,1.142765,0.000603,0.000472,0.000131,15,6,16,6,0,0.0,0,0
2.394093,14,6,1502,268,254,252,4661.473145,748.508911,6,1,183.455005,476.748812,0.024781,0.010343,0.014438,1,1,1,1,1,1.0,0,1
0.068118,52,54,3182,35198,31,29,366540.4375,4057312.5,7,20,1.328588,1.275604,0.000652,0.000508,0.000144,6,5,2,2,0,0.0,0,0
3.437591,12,10,994,814,254,252,2122.416504,1705.845703,3,2,312.508267,366.905438,0.188775,0.097532,0.091243,2,2,2,1,1,0.0,0,1
0.032909,60,62,3614,50192,31,29,863958.25,12004741.0,7,24,0.551661,0.529115,0.000791,0.000628,0.000163,5,1,2,1,0,0.0,0,0
4e-06,2,0,200,0,254,0,200000000.0,0.0,0,0,0.004,0.0,0.0,0.0,0.0,14,6,6,6,2,0.0,0,1
0.00496,4,4,568,312,31,29,687096.75,377419.3438,0,0,1.326,1.153667,0.0,0.0,0.0,12,4,6,4,0,0.0,0,0
0.044154,4,4,568,304,31,29,77184.39844,41309.96094,0,0,9.665,14.238333,0.0,0.0,0.0,15,4,3,3,0,0.0,0,0
0.584397,12,6,3654,268,254,252,45859.23438,3066.408447,3,1,49.164999,103.144602,0.126085,0.068666,0.057419,3,2,2,3,1,4.0,0,1
0.462239,10,10,830,4254,62,252,12928.37695,66268.75,2,3,51.359889,44.753333,0.136693,0.058889,0.077804,1,1,9,1,1,1.0,0,1
0.00182,4,4,544,304,31,29,1793406.625,1002197.813,0,0,0.455333,0.245667,0.0,0.0,0.0,12,5,7,3,0,0.0,0,0
1.367456,10,10,822,3020,62,252,4329.207031,15901.06055,2,2,151.939556,145.822781,0.128729,0.054673,0.074056,1,2,1,1,1,1.0,0,1
0.036324,40,42,2542,22128,31,29,545975.0625,4757625.5,7,14,0.921436,0.858098,0.001289,0.001135,0.000154,9,4,3,1,0,0.0,0,0
9.085547,152,166,134728,131338,254,252,117850.4688,114949.1563,71,77,60.169186,55.338827,0.153559,0.064516,0.089043,1,1,1,2,1,1.0,0,1
0.511007,10,8,916,354,254,252,12915.67383,4853.162598,2,1,54.317889,65.08457,0.127852,0.055406,0.072446,1,1,1,1,1,1.0,0,1
1.3e-05,2,0,1564,0,254,0,481230784.0,0.0,0,0,0.013,0.0,0.0,0.0,0.0,38,14,14,14,2,0.0,0,1
0.078972,96,98,5486,94690,31,29,549967.125,9494403.0,7,42,0.827989,0.809144,0.000918,0.000481,0.000437,4,2,2,1,0,0.0,0,0
0.459813,52,42,37382,3380,31,29,637894.125,57414.64453,18,8,9.009295,11.201683,0.000689,0.00054,0.000149,2,7,5,1,0,0.0,0,0
0.252112,10,8,846,1624,62,252,24179.73047,45091.07031,2,2,28.012444,27.307143,0.048354,0.032104,0.01625,2,1,1,1,1,1.0,0,1
1.59312,60,18,68197,784,254,252,336753.0313,3721.000244,27,1,26.98539,88.555883,0.143111,0.087662,0.055449,3,2,2,4,1,1.0,0,1
0.001094,2,2,130,162,31,29,475319.9375,592321.8125,0,0,0.012,0.008,0.0,0.0,0.0,4,1,5,1,0,0.0,0,0
0.165417,12,6,3818,268,254,252,169269.1719,10833.22754,3,1,15.037909,27.159199,0.06114,0.012885,0.048255,1,1,1,1,1,1.0,0,1
1.1e-05,2,0,114,0,254,0,41454544.0,0.0,0,0,0.011,0.0,0.0,0.0,0.0,18,4,4,4,2,0.0,0,1
1.9e-05,2,0,200,0,254,0,42105264.0,0.0,0,0,0.019,0.0,0.0,0.0,0.0,10,4,11,4,2,0.0,0,1
0.811428,20,20,3364,1772,62,252,31509.88086,16602.82813,7,8,42.706736,42.342633,0.050837,0.00621,0.044627,1,1,1,1,1,0.0,0,1
1.6363,22,22,1178,1608,62,252,5500.213867,7504.736328,7,9,77.919048,76.729237,0.049433,0.024235,0.025198,1,2,2,2,1,0.0,0,1
1.472859,14,10,7044,1248,254,252,35528.17969,6105.132812,4,2,111.971234,155.174328,0.186414,0.076287,0.110127,2,1,2,1,1,1.0,0,1
0.526743,52,42,37396,3380,31,29,557038.25,50119.32031,18,8,10.321,12.835609,0.000615,0.00048,0.000135,1,2,5,2,0,0.0,0,0
1.133045,14,18,1684,10168,31,29,11042.80957,67810.19531,3,5,87.130613,66.618471,0.000666,0.000527,0.000139,1,3,3,1,0,1.0,0,0
1.2e-05,2,0,640,0,254,0,213333328.0,0.0,0,0,0.012,0.0,0.0,0.0,0.0,6,2,5,2,2,0.0,0,1
0.14832,16,18,1272,2572,31,29,64347.35547,131067.9609,4,4,9.864733,8.687706,0.000776,0.000619,0.000157,10,2,3,1,0,0.0,0,0
0.039982,66,68,3926,53634,31,29,773748.1875,10573959.0,7,27,0.609846,0.596894,0.000722,0.000575,0.000147,5,1,3,1,0,0.0,0,0
0.763395,10,6,1040,268,254,252,9808.814453,2347.408691,2,1,80.340667,132.163406,0.236528,0.10257,0.133958,1,2,1,1,1,1.0,0,1
7e-06,2,0,114,0,254,0,65142856.0,0.0,0,0,0.007,0.0,0.0,0.0,0.0,10,7,7,7,2,0.0,0,1
1.005579,12,18,1580,10168,31,29,11527.6875,76405.73438,3,5,91.383639,59.124356,0.000585,0.000462,0.000123,1,1,1,1,0,1.0,0,0
0.015856,46,48,2854,30470,31,29,1408678.125,15053482.0,7,17,0.352841,0.332413,0.000701,0.000561,0.00014,7,2,5,1,0,0.0,0,0
1.781171,10,16,860,9942,62,252,3476.364746,41864.59375,2,5,197.896889,113.098529,0.274934,0.084686,0.190248,2,1,2,1,1,1.0,0,1
0.258124,10,8,1302,1012,62,252,36323.62891,27459.67188,2,2,28.652,33.433715,0.040555,0.024082,0.016473,1,1,2,1,1,1.0,0,1
0.629707,10,8,490,354,254,252,5602.605957,3938.3396,2,1,69.967444,81.386,0.111307,0.059347,0.05196,6,1,2,1,1,0.0,0,1
0.290871,10,8,776,1326,62,252,19225.01758,31931.68164,2,2,32.319,40.133285,0.055009,0.009162,0.045847,3,1,1,1,1,1.0,0,1
0.329723,26,28,4872,2976,31,29,113671.1719,69634.21094,7,7,13.17592,12.175037,0.001167,0.000989,0.000178,17,2,8,1,0,0.0,0,0
4.067634,336,746,17954,1087890,31,29,35206.70703,2136735.0,2,370,12.141164,5.459194,0.000687,0.000533,0.000154,1,1,1,1,0,1.0,0,0
0.286113,12,8,2138,1726,254,252,54803.52344,42249.04297,3,2,24.661363,39.860715,0.054577,0.007084,0.047493,2,1,1,1,1,0.0,0,1
0.217454,10,6,820,268,254,252,27150.57031,8240.823242,2,1,22.765333,38.901,0.029665,0.022944,0.006721,1,1,1,1,1,1.0,0,1
1.010352,10,8,974,1054,254,252,6944.114258,7308.34375,2,2,112.261333,120.294289,0.191895,0.087326,0.104569,1,1,1,1,1,1.0,0,1
0.362505,12,12,3026,3744,254,252,61218.46875,75739.64844,3,4,32.955001,32.283455,0.050709,0.006774,0.043935,1,1,1,1,1,0.0,0,1
0.034686,60,62,3614,50036,31,29,819696.75,11354207.0,7,24,0.582153,0.558803,0.000724,0.000592,0.000132,3,5,2,1,0,0.0,0,0
0.195081,10,6,868,268,254,252,32068.73047,9185.927734,2,1,19.428444,34.065199,0.041156,0.024748,0.016408,1,1,1,1,1,1.0,0,1
0.395616,28,30,4752,3080,31,29,92675.72656,60220.01172,7,7,14.483963,13.622793,0.000698,0.000548,0.00015,8,3,1,1,0,0.0,0,0
0.038168,34,36,2230,14952,31,29,453783.2813,3046950.5,7,11,1.071364,1.0604,0.001192,0.001043,0.000149,13,2,7,2,0,0.0,0,0
0.665883,10,8,564,354,254,252,6103.174316,3724.37793,2,1,73.352111,94.202141,0.050549,0.006465,0.044084,2,1,1,1,1,0.0,0,1
0.680223,10,6,628,268,254,252,6656.640625,2634.430176,2,1,75.526556,97.240797,0.232264,0.194013,0.038251,11,2,3,2,1,0.0,0,1
0.382781,28,30,4872,3080,31,29,98186.69531,62239.24219,7,7,14.165222,13.180034,0.000691,0.000555,0.000136,4,3,1,1,0,0.0,0,0
0.001812,4,4,528,304,31,29,1748344.375,1006622.563,0,0,0.459,0.234333,0.0,0.0,0.0,11,3,6,3,0,0.0,0,0
2.687987,14,12,756,682,254,252,2089.295654,1863.104126,4,4,206.702154,235.932453,0.218443,0.09272,0.125723,1,2,2,1,1,0.0,0,1
0.001792,4,4,536,304,31,29,1794642.875,1017857.125,0,0,0.455667,0.245333,0.0,0.0,0.0,3,1,2,1,0,0.0,0,0
0.002354,4,4,520,304,31,29,1325403.625,774851.3125,0,0,0.485,0.421333,0.0,0.0,0.0,10,3,6,3,0,0.0,0,0
0.591059,10,8,796,1088,62,252,9704.614258,12885.3457,2,2,65.673222,65.57243,0.210809,0.131404,0.079405,6,3,3,6,1,4.0,0,1
0.636863,8,6,364,268,62,252,4007.141357,2813.791992,1,1,90.980426,113.271398,0.119871,0.060819,0.059052,9,2,4,2,1,0.0,0,1
0.195726,10,6,1080,268,254,252,39729.00781,9155.65625,2,1,20.163889,37.796398,0.054031,0.006735,0.047296,1,1,1,2,1,1.0,0,1
0.008959,32,34,2126,12618,31,29,1839491.0,10936042.0,7,10,0.278645,0.252848,0.000781,0.000605,0.000176,3,3,3,2,0,0.0,0,0
0.069724,16,18,1540,1644,31,29,165681.8281,178188.2813,4,4,4.628334,4.074882,0.000549,0.000447,0.000102,11,3,6,3,0,0.0,0,0
4e-06,2,0,200,0,254,0,200000000.0,0.0,0,0,0.004,0.0,0.0,0.0,0.0,14,2,2,2,2,0.0,0,1
0.031964,122,126,7810,15068,31,29,1938681.0,3741459.0,30,32,0.261322,0.251288,0.000676,0.000546,0.00013,3,1,2,1,0,0.0,0,0
0.001065,2,2,146,178,31,29,548356.8125,668544.625,0,0,0.004,0.002,0.0,0.0,0.0,2,1,3,1,0,0.0,0,0
0.283966,10,6,990,268,254,252,25101.5957,6310.614746,2,1,29.189667,50.621,0.092439,0.030858,0.061581,1,1,1,1,1,1.0,0,1
0.001674,4,4,512,304,31,29,1835125.375,1089605.75,0,0,0.424333,0.205333,0.0,0.0,0.0,5,4,3,3,0,0.0,0,0
0.003927,8,10,1040,824,31,29,1853832.5,1511586.5,2,2,0.510857,0.378333,0.000654,0.000519,0.000135,2,2,4,2,0,4.0,0,0
0.008927,32,24,3728,5474,31,29,3236921.75,4701243.5,7,7,0.287968,0.351783,0.000693,0.000559,0.000134,1,4,6,1,0,0.0,0,0
1.1e-05,2,0,168,0,254,0,61090908.0,0.0,0,0,0.011,0.0,0.0,0.0,0.0,1,1,1,1,2,0.0,0,1
3.5e-05,2,0,200,0,254,0,114285712.0,0.0,0,0,0.007,0.0,0.0,0.0,0.0,12,6,6,6,2,0.0,0,1
1.582317,10,10,776,990,62,252,3534.057861,4504.786133,2,2,175.813,165.552437,0.114568,0.07263,0.041938,2,1,1,1,1,1.0,0,1
0.241846,10,8,840,2412,62,252,25007.65039,69829.5625,2,2,26.871778,29.530715,0.080714,0.030023,0.050691,1,1,1,1,1,1.0,0,1
2.645144,224,438,12934,548216,31,29,38945.32813,1654246.375,21,197,11.860233,6.051892,0.000571,0.000464,0.000107,14,4,6,2,0,0.0,0,0
0.001011,2,2,146,178,31,29,577645.875,704253.1875,0,0,0.003,0.01,0.0,0.0,0.0,3,4,4,1,0,0.0,0,0
1e-05,2,0,114,0,254,0,45600000.0,0.0,0,0,0.01,0.0,0.0,0.0,0.0,9,4,5,4,2,0.0,0,1
0.09789,60,62,3614,48098,31,29,290448.4688,3867443.25,7,24,1.653881,1.595459,0.000715,0.000563,0.000152,12,3,2,1,0,0.0,0,0
0.021173,52,40,37430,3276,31,29,13870873.0,1207197.875,18,8,0.40898,0.528308,0.000719,0.000565,0.000154,6,6,3,1,0,0.0,0,0
0.99914,30,16,25308,850,254,252,195888.4531,6381.487793,12,4,34.453103,60.569867,0.118048,0.075018,0.04303,5,1,1,1,1,0.0,0,1
0.007983,22,14,1470,1728,31,29,1406989.875,1608417.875,5,4,0.380143,0.558615,0.000723,0.000586,0.000137,5,3,4,1,0,0.0,0,0
1.1e-05,2,0,114,0,254,0,41454544.0,0.0,0,0,0.011,0.0,0.0,0.0,0.0,12,7,7,7,2,0.0,0,1
0.026869,64,66,3806,53914,31,29,1115635.125,15809445.0,7,26,0.421397,0.402969,0.000851,0.000666,0.000185,15,4,7,1,0,0.0,0,0
0.257497,10,6,858,268,254,252,24015.8125,6959.304199,2,1,24.944889,42.021199,0.097267,0.047388,0.049879,1,4,1,1,1,1.0,0,1
0.057926,80,80,4654,73698,31,29,634740.875,10051031.0,7,33,0.729101,0.717924,0.001369,0.001206,0.000163,11,7,2,1,0,0.0,0,0
7e-06,2,0,200,0,254,0,200000000.0,0.0,0,0,0.004,0.0,0.0,0.0,0.0,10,6,9,6,2,0.0,0,1
0.395465,28,30,4824,3080,31,29,94106.9375,60243.00781,7,7,14.633778,13.618069,0.000684,0.000536,0.000148,7,1,5,1,0,0.0,0,0
0.817037,12,6,3876,268,254,252,34789.12109,2193.29126,3,1,71.790543,151.218203,0.10002,0.06094,0.03908,2,1,2,3,1,1.0,0,1
0.03011,60,62,3614,50036,31,29,944271.0,13079774.0,7,24,0.504763,0.484721,0.000661,0.000536,0.000125,2,5,2,2,0,0.0,0,0
1.016875,12,18,1580,10168,31,29,11399.63086,75556.97656,3,5,92.412456,59.785412,0.000655,0.000522,0.000133,2,2,4,1,0,1.0,0,0
0.09974,100,100,14512,17134,31,29,1152356.125,1360577.5,22,32,1.007475,1.000404,0.000687,0.000563,0.000124,1,3,1,1,0,0.0,0,0
1.151881,14,18,1684,10168,31,29,10862.2334,66701.33594,3,5,88.579844,67.727118,0.00064,0.000516,0.000124,1,3,1,1,0,1.0,0,0
0.271982,10,8,858,1602,62,252,22736.79688,41238.01953,2,2,30.220222,37.51143,0.055337,0.00878,0.046557,3,1,1,1,1,1.0,0,1
1.705052,12,8,1110,740,254,252,4776.394043,3040.376465,3,2,151.662724,228.160281,0.221986,0.107928,0.114058,3,1,2,1,1,0.0,0,1
2e-06,2,0,114,0,254,0,228000000.0,0.0,0,0,0.002,0.0,0.0,0.0,0.0,4,4,4,4,2,0.0,0,1
4e-06,2,0,114,0,254,0,114000000.0,0.0,0,0,0.004,0.0,0.0,0.0,0.0,9,2,2,2,2,0.0,0,1
0.064304,80,78,4654,67500,31,29,571784.0,8289997.5,7,33,0.809367,0.827545,0.000699,0.000573,0.000126,7,1,2,1,0,0.0,0,0
5e-06,2,0,114,0,254,0,91200000.0,0.0,0,0,0.005,0.0,0.0,0.0,0.0,13,4,5,4,2,0.0,0,1
0.038889,46,48,2854,29168,31,29,574352.6875,5875389.0,7,17,0.857133,0.815277,0.000705,0.000566,0.000139,5,4,4,1,0,0.0,0,0
9e-06,2,0,114,0,254,0,50666664.0,0.0,0,0,0.009,0.0,0.0,0.0,0.0,7,4,4,3,2,0.0,0,1
1.012283,10,8,564,354,254,252,4014.687744,2449.907959,2,1,111.069,142.127281,0.049044,0.017387,0.031657,1,1,5,1,1,0.0,0,1
0.021364,4,4,568,304,31,29,159520.6875,85377.27344,0,0,2.001333,6.643667,0.0,0.0,0.0,6,10,7,5,0,0.0,0,0
0.701552,10,6,590,268,254,252,6055.146484,2554.33667,2,1,63.802333,124.568602,0.136729,0.078698,0.058031,1,1,1,1,1,0.0,0,1
2.716625,146,38,170086,2584,62,252,497446.6563,7409.193359,70,8,18.735344,71.731242,0.109559,0.061987,0.047572,1,1,1,1,1,0.0,0,1
0.029933,66,68,3926,56526,31,29,1033508.188,14885244.0,7,27,0.453338,0.437672,0.000762,0.000599,0.000163,6,3,2,1,0,0.0,0,0
1e-05,2,0,168,0,254,0,67200000.0,0.0,0,0,0.01,0.0,0.0,0.0,0.0,1,1,1,1,2,0.0,0,1
0.02652,52,40,37198,3276,31,29,11005430.0,963800.875,18,8,0.512882,0.667,0.000642,0.000501,0.000141,1,3,2,1,0,0.0,0,0
0.021524,52,42,37232,3380,31,29,13572198.0,1226537.75,18,8,0.415196,0.511463,0.000689,0.00055,0.000139,1,1,4,1,0,0.0,0,0
0.725522,10,6,1012,268,254,252,10045.18164,2469.945801,2,1,80.504333,115.129398,0.200734,0.149864,0.05087,5,1,2,1,1,0.0,0,1
0.687527,10,8,806,1346,62,252,8447.667969,13707.09766,2,2,76.391889,92.198859,0.103138,0.04144,0.061698,1,1,1,1,1,1.0,0,1
0.239103,48,52,3744,19084,31,29,122658.4375,626240.5625,11,15,5.079574,4.676176,0.000741,0.000608,0.000133,4,2,1,1,0,0.0,0,0
1.639096,22,22,1166,1624,62,252,5432.262695,7570.026367,7,9,78.05219,76.772765,0.060672,0.026125,0.034547,3,3,2,2,1,0.0,0,1
0.278714,10,8,776,2086,62,252,20063.57813,52412.14844,2,2,30.968222,38.62143,0.057386,0.007603,0.049783,2,1,1,1,1,1.0,0,1
0.581899,10,6,900,268,254,252,11135.95313,3079.572266,2,1,57.733556,91.333398,0.211555,0.125224,0.086331,2,1,2,1,1,1.0,0,1
8e-06,2,0,1916,0,254,0,958000000.0,0.0,0,0,0.008,0.0,0.0,0.0,0.0,1,1,2,1,2,0.0,0,1
3.18177,52,54,2934,3738,31,29,7236.223633,9225.053711,11,15,62.381609,60.024621,0.000576,0.000459,0.000117,1,2,2,1,0,0.0,0,0
0.403817,10,6,1068,268,254,252,19058.13867,4437.653809,2,1,42.515333,70.143797,0.113425,0.053089,0.060336,1,1,1,1,1,1.0,0,1
2e-06,2,0,114,0,254,0,228000000.0,0.0,0,0,0.002,0.0,0.0,0.0,0.0,11,4,4,4,2,0.0,0,1
3.43697,122,126,7818,15074,31,29,18048.45508,34809.73047,30,32,28.401621,27.488976,0.001042,0.000844,0.000198,1,5,1,1,0,0.0,0,0
0.669144,10,6,990,268,254,252,10652.41602,2678.048584,2,1,74.245556,129.698203,0.089495,0.020633,0.068862,1,1,2,1,1,1.0,0,1
0.126613,20,20,4704,2560,31,29,282372.25,153665.0938,7,7,6.645842,6.638158,0.00062,0.000484,0.000136,6,3,3,3,0,0.0,0,0
0.223485,8,12,424,8824,31,29,13280.53418,289558.5938,1,4,31.880571,20.267546,0.000662,0.000539,0.000123,2,5,4,3,0,0.0,0,0
0.325191,4,4,568,304,31,29,10479.99512,5609.01123,0,0,51.673332,93.617336,0.0,0.0,0.0,5,2,3,2,0,0.0,0,0
0.576813,12,26,988,30260,62,252,12565.59766,403555.4063,2,11,52.351273,21.71496,0.079782,0.03393,0.045852,1,1,1,1,1,1.0,0,1
0.001005,2,2,146,178,31,29,581094.5625,708457.75,0,0,0.011,0.005,0.0,0.0,0.0,2,5,4,2,0,0.0,0,0
5e-06,2,0,114,0,254,0,91200000.0,0.0,0,0,0.005,0.0,0.0,0.0,0.0,10,3,3,3,2,0.0,0,1
0.669072,10,8,782,2038,62,252,8417.629883,21331.03906,2,2,74.241111,85.708859,0.123623,0.069102,0.054521,1,1,2,1,1,1.0,0,1
0.060949,70,70,4118,60592,31,29,532904.5625,7839603.5,7,28,0.878797,0.836609,0.003412,0.003215,0.000197,12,1,1,1,0,0.0,0,0
1e-05,2,0,200,0,254,0,80000000.0,0.0,0,0,0.01,0.0,0.0,0.0,0.0,12,2,2,2,2,0.0,0,1
0.653371,28,30,5184,3080,31,29,61208.71875,36463.20703,7,7,24.187408,22.511242,0.000691,0.000541,0.00015,13,3,5,1,0,0.0,0,0
0.018302,48,50,2958,31788,31,29,1266309.75,13617310.0,7,18,0.381617,0.362347,0.00068,0.000543,0.000137,5,4,4,1,0,0.0,0,0
0.56053,234,438,13454,548216,31,29,191204.75,7806397.5,21,197,2.414655,1.28162,0.000584,0.000458,0.000126,6,4,4,3,0,0.0,0,0
1.034936,12,18,1580,10168,31,29,11200.69336,74238.41406,3,5,94.054001,60.846644,0.000667,0.00054,0.000127,2,3,4,2,0,1.0,0,0
0.363437,10,6,1862,268,254,252,36892.22656,4930.703125,2,1,33.852,60.156602,0.121637,0.062651,0.058986,1,1,1,1,1,0.0,0,1
1.1e-05,2,0,114,0,254,0,41454544.0,0.0,0,0,0.011,0.0,0.0,0.0,0.0,20,7,8,7,2,0.0,0,1
1.006072,12,18,1580,10168,31,29,11522.03809,76368.28906,3,5,91.423276,59.148588,0.00068,0.000542,0.000138,4,5,2,1,0,1.0,0,0
1.2e-05,2,0,114,0,254,0,38000000.0,0.0,0,0,0.012,0.0,0.0,0.0,0.0,10,8,7,7,2,0.0,0,1
1.03483,12,18,1580,10168,31,29,11201.83984,74246.01563,3,5,94.043729,60.842762,0.000625,0.000498,0.000127,1,2,3,1,0,1.0,0,0
1.015887,14,18,1684,10168,31,29,12316.33008,75630.46094,3,5,78.117772,59.726882,0.001635,0.000527,0.001108,1,1,1,1,0,1.0,0,0
0.036015,34,36,2230,15236,31,29,480910.7188,3290406.75,7,11,1.081606,1.0148,0.000655,0.000493,0.000162,5,2,5,2,0,0.0,0,0
0.005102,4,4,568,304,31,29,667973.3125,357506.8438,0,0,1.367667,1.174,0.0,0.0,0.0,3,10,5,2,0,0.0,0,0
1.651829,52,54,2934,3742,31,29,13938.48828,17788.76563,11,15,32.382353,31.156189,0.000695,0.000543,0.000152,21,4,4,1,0,0.0,0,0
0.005066,18,18,3920,2456,31,29,5847611.5,3663640.0,7,7,0.269529,0.264,0.00071,0.000574,0.000136,8,7,5,5,0,0.0,0,0
1.061921,14,18,1684,10168,31,29,11782.4209,72351.89844,3,5,81.657308,62.436941,0.000615,0.000489,0.000126,1,3,1,1,0,1.0,0,0
0.922188,10,8,590,354,254,252,4606.436035,2689.256348,2,1,97.504667,119.46857,0.208303,0.085905,0.122398,4,1,1,1,1,0.0,0,1
1.820631,36,34,6526,4384,254,252,27880.44336,18701.20898,15,15,52.018027,54.038668,0.051933,0.023181,0.028752,3,1,1,1,1,0.0,0,1
0.063136,38,40,2438,19440,31,29,300810.9688,2401672.75,7,13,1.696973,1.603615,0.000761,0.00059,0.000171,4,3,2,2,0,0.0,0,0
0.278357,10,6,2536,268,254,252,65613.58594,6437.775879,2,1,30.81,43.872398,0.097442,0.058994,0.038448,1,1,1,1,1,1.0,0,1
0.516266,10,8,794,1228,62,252,11079.55957,16658.08008,2,2,57.362889,66.550711,0.09233,0.029094,0.063236,1,1,1,1,1,1.0,0,1
0.024531,52,40,37428,3276,31,29,11971465.0,1041946.938,18,8,0.474039,0.610744,0.000918,0.000707,0.000211,14,5,2,1,0,0.0,0,0
0.741587,10,8,826,1448,62,252,8026.030762,13667.98535,2,2,82.398556,90.11843,0.114718,0.056527,0.058191,2,1,1,1,1,1.0,0,1
0.195,64,66,3806,54798,31,29,153723.0781,2214072.0,7,26,3.090064,3.038734,0.000671,0.000512,0.000159,5,2,2,1,0,0.0,0,0
8e-06,2,0,114,0,254,0,57000000.0,0.0,0,0,0.008,0.0,0.0,0.0,0.0,11,4,5,4,2,0.0,0,1
3e-06,2,0,200,0,254,0,266666656.0,0.0,0,0,0.003,0.0,0.0,0.0,0.0,2,2,6,2,2,0.0,0,1
0.046223,8,10,1052,824,31,29,159401.1719,128420.9141,2,2,6.551143,5.075,0.000674,0.000545,0.000129,1,4,7,1,0,1.0,0,0
0.013143,34,36,2230,15228,31,29,1317811.75,9011641.0,7,11,0.355485,0.358571,0.000726,0.000589,0.000137,13,2,3,1,0,0.0,0,0
0.686404,14,8,2370,860,254,252,25652.53125,8776.172852,4,2,52.717922,83.75643,0.164212,0.100107,0.064105,1,1,1,1,1,1.0,0,1
0.337651,10,12,814,7054,62,252,17367.04297,153223.2969,2,4,37.516778,27.162817,0.045565,0.022288,0.023277,1,1,34,1,1,1.0,0,1
5e-06,2,0,114,0,254,0,91200000.0,0.0,0,0,0.005,0.0,0.0,0.0,0.0,15,7,6,6,2,0.0,0,1
0.207712,10,6,468,268,254,252,16253.27441,8627.330078,2,1,21.841111,39.866602,0.064209,0.008349,0.05586,1,1,1,1,1,0.0,0,1
1.126896,12,18,1580,10168,31,29,10286.66309,68180.20313,3,4,102.411912,66.255644,0.000725,0.000546,0.000179,4,1,4,1,0,1.0,0,0
4.217706,276,530,15774,666676,31,29,29811.46484,1262143.875,25,239,15.335822,7.972089,0.000589,0.000467,0.000122,7,2,2,1,0,0.0,0,0
0.009244,8,12,424,8824,31,29,321073.1563,7000433.0,1,4,1.276429,0.796091,0.000629,0.000483,0.000146,1,4,3,2,0,0.0,0,0
0.013992,42,44,2646,25418,31,29,1476843.875,14202973.0,7,15,0.333439,0.310256,0.000801,0.00064,0.000161,11,8,11,3,0,0.0,0,0
3e-06,2,0,114,0,254,0,152000000.0,0.0,0,0,0.003,0.0,0.0,0.0,0.0,9,7,7,7,2,0.0,0,1
0.004465,4,4,568,312,31,29,763269.9375,419260.9375,0,0,1.179333,0.993,0.0,0.0,0.0,10,8,3,3,0,0.0,0,0
0.234987,10,12,846,8920,62,252,25941.85938,278381.3438,2,4,26.109667,19.265545,0.059418,0.010151,0.049267,1,1,1,2,1,1.0,0,1
0.003942,8,10,1052,824,31,29,1869101.875,1505834.5,2,2,0.512,0.378889,0.00067,0.000529,0.000141,2,1,8,1,0,1.0,0,0
0.028808,52,42,37320,3380,31,29,10164677.0,916412.125,18,8,0.56894,0.690439,0.000726,0.000497,0.000229,1,4,2,1,0,0.0,0,0
1.138131,14,18,1684,10168,31,29,10993.46191,67507.16406,3,5,87.521772,66.918529,0.000644,0.000514,0.00013,3,7,3,2,0,4.0,0,0
1.817057,12,18,1580,10168,31,29,6379.546875,42283.75781,3,5,165.157545,106.853767,0.000683,0.00054,0.000143,2,5,3,1,0,1.0,0,0
0.526469,28,30,4800,3080,31,29,70340.32813,45252.42578,7,7,19.485667,18.134172,0.000743,0.000575,0.000168,10,4,7,3,0,0.0,0,0
9e-06,2,0,168,0,254,0,74666664.0,0.0,0,0,0.009,0.0,0.0,0.0,0.0,2,1,1,1,2,0.0,0,1
1.006363,12,18,1580,10168,31,29,11518.70606,76346.20313,3,5,91.456999,59.165708,0.000709,0.000543,0.000166,1,2,1,2,0,1.0,0,0
0.185914,10,6,852,268,254,252,33004.50781,9638.865234,2,1,19.118667,34.562801,0.058366,0.013096,0.04527,1,1,1,1,1,1.0,0,1
3.5e-05,2,0,200,0,254,0,114285712.0,0.0,0,0,0.007,0.0,0.0,0.0,0.0,12,6,6,6,2,0.0,0,1
0.247888,56,56,3406,35742,31,29,107984.25,1132898.75,7,21,4.501127,4.496618,0.000726,0.000571,0.000155,10,6,3,2,0,0.0,0,0
0.973172,10,12,804,3572,62,252,5951.671387,26922.26953,2,3,108.130222,81.629182,0.146789,0.074532,0.072257,1,1,4,1,1,1.0,0,1
0.003779,8,10,1048,824,31,29,1941254.375,1570786.0,2,2,0.493714,0.366222,0.000602,0.00048,0.000122,2,3,2,1,0,1.0,0,0
0.091435,6,8,320,1862,31,29,23360.85742,142614.9688,1,2,18.2182,12.994,0.000603,0.000473,0.00013,3,1,4,1,0,0.0,0,0
1.2e-05,2,0,1318,0,254,0,439333312.0,0.0,0,0,0.012,0.0,0.0,0.0,0.0,11,2,2,2,2,0.0,0,0
0.014506,14,6,8928,320,31,29,4572452.5,147249.4063,4,1,1.115846,2.6836,0.001469,0.000474,0.000995,3,7,5,5,0,0.0,0,0
0.67212,12,10,920,3478,62,252,10045.8252,37267.15625,2,3,61.090364,67.733778,0.133982,0.062507,0.071475,1,1,1,1,1,1.0,0,1
2.777075,52,52,3952,19084,31,29,11165.70508,53918.60156,11,15,54.445647,54.441293,0.000707,0.000561,0.000146,1,2,1,1,0,0.0,0,0
2e-06,2,0,114,0,254,0,228000000.0,0.0,0,0,0.002,0.0,0.0,0.0,0.0,7,4,6,4,2,0.0,0,1
0.258151,10,6,1144,268,254,252,31919.30273,6941.673828,2,1,28.683444,46.497,0.049538,0.024964,0.024574,2,1,2,1,1,1.0,0,1
0.301704,16,18,1540,1644,31,29,38289.18359,41179.4375,4,4,20.090666,17.713883,0.000707,0.000567,0.00014,3,5,4,3,0,0.0,0,0
1.676566,20,20,2442,1776,62,252,11070.24707,8054.559082,7,8,88.240317,83.496945,0.11575,0.062495,0.053255,1,2,3,1,1,0.0,0,1
1.232203,10,8,566,354,254,252,3311.142822,2012.655396,2,1,136.911444,165.334281,0.146635,0.074172,0.072463,3,1,2,1,1,1.0,0,1
1.898953,10,10,936,2836,62,252,3551.430664,10755.40039,2,2,210.994778,191.192563,0.279489,0.150409,0.12908,1,1,1,1,1,1.0,0,1
0.503495,22,10,17786,822,254,252,269762.375,11757.81348,8,2,23.244763,37.433891,0.215169,0.166587,0.048582,7,2,2,2,1,0.0,0,1
1.647158,10,8,968,354,254,252,4235.17334,1505.623657,2,1,181.263,228.115,0.110371,0.050345,0.060026,1,2,4,3,1,1.0,0,1
0.016228,44,46,2766,24114,31,29,1333004.75,11629283.0,7,16,0.368977,0.3484,0.000681,0.000546,0.000135,10,6,4,2,0,0.0,0,0
1.065966,14,18,1684,10168,31,29,11737.70996,72077.34375,3,5,81.96969,62.671471,0.000726,0.000547,0.000179,1,3,1,1,0,1.0,0,0
0.718625,10,6,522,268,254,252,5232.214355,2493.651123,2,1,71.295,130.928203,0.122806,0.06398,0.058826,1,1,1,1,1,1.0,0,1
0.647642,10,8,782,1592,62,252,8696.162109,17207.03711,2,2,68.820667,80.17343,0.195349,0.086423,0.108926,2,1,2,1,1,1.0,0,1
1.061736,10,10,758,4218,62,252,5146.288574,28609.74805,2,3,117.970667,106.469222,0.129494,0.075327,0.054167,2,1,1,1,1,1.0,0,1
0.494674,10,8,818,1142,62,252,11918.96094,16172.2666,2,2,54.963778,51.217855,0.12824,0.067333,0.060907,2,1,1,2,1,1.0,0,1
1.521276,22,22,1182,1614,62,252,5937.121094,8103.723633,7,9,72.441716,70.671238,0.079922,0.036438,0.043484,1,2,2,2,1,0.0,0,1
0.001138,2,2,146,178,31,29,513181.0,625659.0,0,0,0.011,0.009,0.0,0.0,0.0,4,2,2,1,0,0.0,0,0
1.013175,14,18,1684,10168,31,29,12349.29785,75832.89844,3,5,77.908156,59.565118,0.0007,0.000557,0.000143,6,10,7,3,0,6.0,0,0
0.344396,10,6,534,268,254,252,11173.18457,5203.3125,2,1,36.358222,55.662199,0.097761,0.066074,0.031687,6,3,3,3,1,0.0,0,1
1.20114,14,18,1684,10168,31,29,10416.77051,63965.89844,3,5,92.367767,70.624529,0.00065,0.000518,0.000132,1,4,5,1,0,1.0,0,0
0.000991,2,2,130,162,31,29,524722.5,653885.0,0,0,0.011,0.006,0.0,0.0,0.0,3,1,2,1,0,0.0,0,0
0.004666,4,4,568,320,31,29,730390.0625,411487.3438,0,0,1.208,1.049333,0.0,0.0,0.0,12,6,13,3,0,0.0,0,0
0.028009,68,70,4014,57706,31,29,1129636.875,16246778.0,7,28,0.411358,0.402603,0.000754,0.00062,0.000134,12,2,4,1,0,0.0,0,0
0.036127,4,4,536,304,31,29,89019.28906,50488.55469,0,0,6.665667,8.032333,0.0,0.0,0.0,2,8,2,2,0,0.0,0,0
1.007116,14,18,1684,10168,31,29,12423.59375,76289.13281,3,5,77.441615,59.211235,0.000644,0.000521,0.000123,1,2,3,2,0,1.0,0,0
2.907973,34,110,1694,125832,62,252,4525.48877,343026.5625,6,53,88.120394,25.684349,0.124837,0.066235,0.058602,1,3,1,1,1,0.0,0,1
1.125711,10,8,944,354,254,252,6040.626953,2203.052246,2,1,125.079,146.145422,0.198017,0.102022,0.095995,1,1,1,1,1,0.0,0,1
4.102156,204,438,11894,548216,31,29,23082.49609,1066687.875,21,197,20.192897,9.386014,0.000588,0.000465,0.000123,7,2,3,1,0,0.0,0,0
1.407227,10,8,822,354,254,252,4206.85498,1762.331177,2,1,156.250778,187.661141,0.155371,0.093598,0.061773,2,2,1,1,1,1.0,0,1
3.787714,66,384,3522,515457,62,252,7326.84668,1085858.125,2,190,58.272523,9.674416,0.128175,0.06437,0.063805,1,1,1,1,1,1.0,0,1
0.939811,16,8,9184,432,254,252,73291.33594,3217.668213,5,2,59.819733,128.660289,0.066512,0.039183,0.027329,2,1,5,1,1,0.0,0,1
0.001026,2,2,132,164,31,29,514619.875,639376.1875,0,0,0.004,0.01,0.0,0.0,0.0,2,8,6,3,0,0.0,0,0
4e-06,2,0,114,0,254,0,114000000.0,0.0,0,0,0.004,0.0,0.0,0.0,0.0,14,7,7,7,2,0.0,0,1
0.035618,44,44,2750,24694,31,29,603739.6875,5420405.5,7,15,0.820512,0.835762,0.000665,0.000505,0.00016,7,1,2,1,0,0.0,0,0
4e-06,2,0,114,0,254,0,114000000.0,0.0,0,0,0.004,0.0,0.0,0.0,0.0,15,4,4,4,2,0.0,0,1
0.971085,10,12,842,4158,62,252,6244.561523,31404.04688,2,3,107.898333,79.910997,0.199296,0.091864,0.107432,1,1,1,1,1,1.0,0,1
1.1e-05,2,0,114,0,254,0,41454544.0,0.0,0,0,0.011,0.0,0.0,0.0,0.0,8,3,3,3,2,0.0,0,1
0.005085,12,12,1064,2260,31,29,1535496.625,3259783.75,4,4,0.427636,0.407182,0.000749,0.000597,0.000152,4,2,2,1,0,0.0,0,0
0.001118,2,2,146,178,31,29,522361.3438,636851.5,0,0,0.01,0.008,0.0,0.0,0.0,2,3,7,1,0,0.0,0,0
1.900213,24,20,4731,1808,62,252,19088.38672,7232.873535,9,8,82.617955,96.271523,0.093466,0.070255,0.023211,2,1,1,1,1,0.0,0,1
0.216789,122,126,7818,15180,31,29,286139.9688,555747.75,30,32,1.788678,1.729888,0.000677,0.000545,0.000132,11,2,2,1,0,0.0,0,0
0.012983,34,36,2230,14370,31,29,1334052.25,8608796.0,7,11,0.382576,0.355743,0.000667,0.000531,0.000136,3,3,2,1,0,0.0,0,0
0.662145,10,10,960,1766,62,252,10438.80078,19210.29297,2,2,73.571667,68.234664,0.163176,0.047389,0.115787,2,1,1,1,1,1.0,0,1
0.835179,10,8,564,354,254,252,4866.022949,2969.42334,2,1,88.755,111.14,0.084916,0.057195,0.027721,1,2,1,1,1,0.0,0,1
0.222313,8,12,424,8824,31,29,13350.5459,291085.0938,1,4,31.705713,20.160546,0.000687,0.00054,0.000147,19,18,23,14,0,0.0,0,0
0.015313,44,46,2766,28892,31,29,1412655.875,14766015.0,7,16,0.347163,0.325844,0.000796,0.000639,0.000157,5,3,5,1,0,0.0,0,0
0.015837,48,50,2974,30014,31,29,1471490.75,14858369.0,7,18,0.330128,0.311061,0.000735,0.000585,0.00015,6,2,1,1,0,0.0,0,0
0.004795,4,4,568,312,31,29,710740.375,390406.6875,0,0,1.3,1.101667,0.0,0.0,0.0,6,7,5,3,0,0.0,0,0
0.990884,18,18,5764,4480,62,252,43952.67188,34167.46875,6,6,61.930248,56.933352,0.075756,0.022351,0.053405,1,1,1,1,1,1.0,0,1
0.020841,46,48,2854,30622,31,29,1071733.625,11510004.0,7,17,0.455844,0.431064,0.000715,0.000577,0.000138,6,1,2,1,0,0.0,0,0
0.001063,2,2,146,178,31,29,549388.5625,669802.5,0,0,0.022,0.01,0.0,0.0,0.0,10,4,3,1,0,0.0,0,0
0.267188,10,6,534,268,254,252,14401.84375,6706.887695,2,1,28.180111,47.24,0.090898,0.03098,0.059918,12,3,4,3,1,0.0,0,1
2.35637,24,112,1378,136539,62,252,4484.864258,459418.5313,2,53,102.445391,20.364243,0.127969,0.095933,0.032036,1,1,2,1,1,1.0,0,1
1e-05,2,0,200,0,254,0,80000000.0,0.0,0,0,0.01,0.0,0.0,0.0,0.0,13,2,7,2,2,0.0,0,1
0.031078,22,24,1958,2308,31,29,481112.0313,569406.0,6,6,1.463048,1.325044,0.000735,0.000591,0.000144,5,3,2,1,0,0.0,0,0
8e-06,2,0,200,0,254,0,72727272.0,0.0,0,0,0.011,0.0,0.0,0.0,0.0,10,6,10,6,2,0.0,0,1
1.191832,122,126,7808,15008,31,29,51980.48438,99940.26563,30,32,9.846884,9.531104,0.000582,0.000438,0.000144,13,3,2,1,0,0.0,0,0
0.045986,60,62,3614,47722,31,29,618275.125,8168225.0,7,24,0.774034,0.743754,0.00073,0.000606,0.000124,6,3,4,1,0,0.0,0,0
0.528758,10,12,788,3524,62,252,10742.1543,48884.36719,2,3,58.750889,42.718092,0.1119,0.058132,0.053768,1,1,3,1,1,1.0,0,1
3e-06,2,0,200,0,254,0,266666656.0,0.0,0,0,0.003,0.0,0.0,0.0,0.0,11,5,5,5,2,0.0,0,1
33.326023,20,16,3688,708,254,252,841.14447,159.394958,4,1,1754.001368,2210.52,0.221082,0.141103,0.079979,6,2,2,2,1,0.0,0,1
51.07645,28,24,1768,1364,254,252,267.050659,204.86937,16,16,1891.682819,2215.7755,0.234492,0.113604,0.120888,2,2,2,2,1,0.0,0,1
1.2e-05,2,0,114,0,254,0,38000000.0,0.0,0,0,0.012,0.0,0.0,0.0,0.0,7,4,4,4,2,0.0,0,1
0.461035,10,8,510,354,254,252,7964.687988,5379.201172,2,1,49.333444,57.535855,0.112785,0.058277,0.054508,10,3,3,10,1,1.0,0,1
0.005008,18,18,3640,2456,31,29,5492013.0,3706070.25,7,7,0.275588,0.263,0.000672,0.000533,0.000139,7,6,4,3,0,0.0,0,0
0.186925,78,80,4550,72372,31,29,192248.2344,3058681.5,7,33,2.422857,2.35919,0.000678,0.000546,0.000132,6,2,3,1,0,0.0,0,0
0.007912,32,34,2126,12618,31,29,2082912.125,12383216.0,7,10,0.244968,0.220121,0.000807,0.000638,0.000169,6,2,3,1,0,0.0,0,0
3.596322,358,746,19098,1087890,31,29,42365.50391,2416762.5,2,370,10.07282,4.826564,0.00065,0.000521,0.000129,20,4,4,4,0,0.0,0,0
0.025855,52,54,3182,38534,31,29,965693.3125,11702495.0,7,20,0.500137,0.477679,0.000674,0.000534,0.00014,9,5,9,2,0,0.0,0,0
0.504659,8,12,424,8824,31,29,5881.199219,128229.1641,1,4,72.040998,45.834363,0.000605,0.000477,0.000128,2,6,3,1,0,0.0,0,0
1.424823,16,12,1422,642,254,252,7490.052734,3307.077393,5,3,93.523335,122.42218,0.146241,0.078175,0.068066,6,1,2,1,1,0.0,0,1
1.3e-05,2,0,102,0,254,0,31384616.0,0.0,0,0,0.013,0.0,0.0,0.0,0.0,2,1,1,1,2,0.0,0,1
0.000997,2,2,130,162,31,29,521564.6875,649949.8125,0,0,0.011,0.009,0.0,0.0,0.0,4,4,3,1,0,0.0,0,0
0.390641,10,8,814,1326,62,252,15011.22461,23776.30664,2,2,43.404556,37.497715,0.09194,0.054618,0.037322,2,1,1,1,1,1.0,0,1
0.187207,10,6,912,268,254,252,35084.16016,9572.291992,2,1,19.044222,36.167602,0.053905,0.006354,0.047551,1,1,1,1,1,0.0,0,1
0.463979,10,6,748,268,254,252,11621.21582,3862.243652,2,1,51.535556,75.434797,0.170791,0.086804,0.083987,1,2,1,1,1,0.0,0,1
4e-06,2,0,114,0,254,0,114000000.0,0.0,0,0,0.004,0.0,0.0,0.0,0.0,7,4,4,4,2,0.0,0,1
2.880926,20,24,968,9616,62,252,2554.734131,25591.77344,7,10,151.627686,118.299872,0.401464,0.159283,0.242181,1,1,1,1,1,0.0,0,1
0.764859,16,18,1540,1644,31,29,15103.43652,16243.5166,4,4,50.9684,44.924707,0.001345,0.001132,0.000213,11,8,4,4,0,0.0,0,0
1.005917,12,18,1580,10168,31,29,11523.81445,76380.0625,3,5,91.413999,59.138705,0.000703,0.000554,0.000149,3,2,8,1,0,1.0,0,0
0.058044,40,42,2542,21834,31,29,341671.8125,2937771.25,7,14,1.471256,1.362634,0.005974,0.002169,0.003805,11,3,2,1,0,0.0,0,0
1.009827,14,18,1684,10168,31,29,12390.24121,76084.32031,3,5,77.644695,59.369412,0.000673,0.000544,0.000129,1,2,1,1,0,1.0,0,0
0.590807,10,6,566,268,254,252,6905.808105,3033.139404,2,1,65.645222,108.527797,0.073791,0.047527,0.026264,6,2,2,6,1,1.0,0,1
0.464673,10,8,764,886,62,252,11844.88867,13359.93262,2,2,51.630333,60.638,0.096233,0.039527,0.056706,2,1,2,2,1,1.0,0,1
8e-06,2,0,114,0,254,0,57000000.0,0.0,0,0,0.008,0.0,0.0,0.0,0.0,16,2,2,2,2,0.0,0,1
0.140604,2,2,1216,684,254,60,34593.60938,19458.9043,0,0,0.012,0.007,0.0,0.0,0.0,1,2,1,1,3,0.0,0,1
0.367047,28,30,4824,3080,31,29,101393.0078,64907.21875,7,7,13.582666,12.637725,0.00072,0.000549,0.000171,6,1,1,1,0,0.0,0,0
0.036391,48,46,2958,29114,31,29,636860.75,6261328.0,7,17,0.765872,0.782778,0.001319,0.001159,0.00016,21,33,30,4,0,0.0,0,0
0.001006,2,2,146,178,31,29,580516.9375,707753.5,0,0,0.008,0.005,0.0,0.0,0.0,6,1,5,1,0,0.0,0,0
1.123923,14,18,1684,10168,31,29,11132.43555,68360.55469,3,5,86.42769,66.081,0.000679,0.000542,0.000137,1,5,3,1,0,1.0,0,0
1.1e-05,2,0,1002,0,254,0,364363648.0,0.0,0,0,0.011,0.0,0.0,0.0,0.0,5,1,2,1,2,0.0,0,1
0.225535,10,8,846,1298,62,252,27029.06445,40295.29688,2,2,25.059444,30.504857,0.05264,0.006704,0.045936,1,1,1,1,1,1.0,0,1
1.867425,12,10,1040,784,254,252,4086.911133,3024.485596,3,2,169.740915,198.744781,0.170721,0.078721,0.092,7,1,2,1,1,0.0,0,1
0.130284,14,6,8928,320,31,29,509103.2188,16394.95313,4,1,10.021846,25.922801,0.000686,0.000541,0.000145,3,5,5,4,0,0.0,0,0
0.001094,2,2,132,164,31,29,482632.5625,599634.375,0,0,0.012,0.009,0.0,0.0,0.0,6,3,10,1,0,0.0,0,0
0.623768,10,8,1070,354,254,252,12350.74609,3975.837402,2,1,69.209333,77.777859,0.105205,0.079316,0.025889,1,1,2,1,1,1.0,0,1
0.000996,2,2,146,178,31,29,586345.375,714859.4375,0,0,0.006,0.001,0.0,0.0,0.0,5,4,7,2,0,0.0,0,0
2.538928,52,294,2634,374787,62,252,8142.019043,1176915.625,2,144,49.7829,8.47738,0.103338,0.062442,0.040896,1,1,1,1,1,1.0,0,1
1.2e-05,2,0,200,0,254,0,72727272.0,0.0,0,0,0.011,0.0,0.0,0.0,0.0,19,6,6,6,2,0.0,0,1
0.240756,10,8,802,1812,62,252,23991.09375,52700.66016,2,2,26.750667,32.437285,0.05439,0.009115,0.045275,2,1,1,1,1,1.0,0,1
1.407078,14,18,1684,10168,31,29,8892.186523,54603.9375,3,5,108.212228,82.738059,0.00067,0.000528,0.000142,15,1,3,1,0,1.0,0,0
0.44312,10,6,798,268,254,252,12980.68262,4044.05127,2,1,46.388778,79.745203,0.117666,0.044384,0.073282,1,1,1,1,1,0.0,0,1
0.410021,10,6,910,268,254,252,15979.66895,4370.507812,2,1,45.557889,70.752797,0.114848,0.045964,0.068884,1,1,1,1,1,1.0,0,1
1.199999,14,18,1684,10168,31,29,10426.67578,64026.72266,3,5,92.279925,70.556647,0.000664,0.000532,0.000132,1,3,4,1,0,1.0,0,0
0.001036,2,2,146,178,31,29,563706.5625,687258.6875,0,0,0.012,0.01,0.0,0.0,0.0,2,2,2,1,0,0.0,0,0
5e-06,2,0,200,0,254,0,160000000.0,0.0,0,0,0.005,0.0,0.0,0.0,0.0,23,6,8,6,2,0.0,0,1
1.513122,122,126,7810,16572,31,29,40953.73828,86924.91406,30,32,12.502025,12.100536,0.000703,0.000551,0.000152,6,5,1,1,0,0.0,0,0
1.015005,14,18,1684,10168,31,29,12327.0332,75696.17969,3,5,77.973077,59.674824,0.000667,0.000529,0.000138,1,1,2,1,0,1.0,0,0
0.820841,70,60,12472,12716,31,29,119818.5703,121875.0,17,17,11.896247,13.899509,0.000765,0.000625,0.00014,22,15,18,6,0,0.0,0,0
0.01814,54,56,3302,35400,31,29,1429327.5,15333187.0,7,21,0.335981,0.320236,0.000665,0.000523,0.000142,7,2,2,1,0,0.0,0,0
1.114975,14,18,1684,10168,31,29,11221.77637,68909.17188,3,5,85.741462,65.557176,0.000622,0.000499,0.000123,3,7,3,2,0,1.0,0,0
0.001778,4,4,528,304,31,29,1781777.25,1025871.75,0,0,0.452667,0.235667,0.0,0.0,0.0,20,5,5,2,0,0.0,0,0
4e-06,2,0,320,0,254,0,320000000.0,0.0,0,0,0.004,0.0,0.0,0.0,0.0,6,1,4,1,2,0.0,0,1
3e-06,2,0,200,0,254,0,266666656.0,0.0,0,0,0.003,0.0,0.0,0.0,0.0,2,2,6,2,2,0.0,0,1
1.1e-05,2,0,114,0,254,0,41454544.0,0.0,0,0,0.011,0.0,0.0,0.0,0.0,11,7,7,7,2,0.0,0,1
0.020731,56,58,3390,40254,31,29,1285032.125,15266027.0,7,22,0.371145,0.354439,0.000831,0.000524,0.000307,9,4,4,1,0,0.0,0,0
0.095899,64,66,3806,55844,31,29,312578.8438,4587993.5,7,26,1.517159,1.467323,0.000645,0.000521,0.000124,7,1,4,1,0,0.0,0,0
1.2e-05,2,0,1064,0,254,0,354666656.0,0.0,0,0,0.012,0.0,0.0,0.0,0.0,30,10,10,10,2,0.0,0,1
0.01299,42,44,2646,24330,31,29,1590762.125,14643880.0,7,15,0.308146,0.287977,0.000752,0.000596,0.000156,6,1,2,1,0,0.0,0,0
1.007832,14,18,1684,10168,31,29,12414.7666,76234.92188,3,5,77.498846,59.253647,0.00064,0.000516,0.000124,1,6,1,3,0,1.0,0,0
0.673585,12,12,1256,5196,62,252,13682.01465,56568.95703,3,4,61.234999,59.487092,0.094555,0.018537,0.076018,1,1,5,1,1,1.0,0,1
0.229234,10,12,962,8736,62,252,30222.39258,279469.9063,2,4,25.470444,18.899364,0.031047,0.020595,0.010452,1,1,1,1,1,0.0,0,1
0.010969,38,40,2438,19440,31,29,1731424.875,13823685.0,7,13,0.286784,0.265538,0.000743,0.000602,0.000141,9,1,2,1,0,0.0,0,0
2e-06,2,0,114,0,254,0,228000000.0,0.0,0,0,0.002,0.0,0.0,0.0,0.0,11,4,4,4,2,0.0,0,1
1.005231,12,18,1580,10168,31,29,11531.67773,76432.17969,3,5,91.349361,59.099116,0.000676,0.000541,0.000135,1,4,4,1,0,1.0,0,0
1.101089,14,18,1684,10168,31,29,11363.2959,69778.19531,3,5,84.672464,64.738706,0.000671,0.000526,0.000145,3,3,6,2,0,1.0,0,0
8.804366,220,406,12658,510100,31,29,11449.77344,462356.0625,19,183,40.200953,21.737953,0.000644,0.000487,0.000157,2,4,2,2,0,0.0,0,0
1.1e-05,2,0,114,0,254,0,41454544.0,0.0,0,0,0.011,0.0,0.0,0.0,0.0,7,3,5,3,2,0.0,0,1
1.2e-05,2,0,114,0,254,0,38000000.0,0.0,0,0,0.012,0.0,0.0,0.0,0.0,20,2,2,2,2,0.0,0,1
0.006315,32,24,3728,5474,31,29,4575772.0,6645764.0,7,7,0.20371,0.242913,0.000756,0.000592,0.000164,1,5,1,1,0,0.0,0,0
0.891991,22,14,1470,1728,31,29,12592.05469,14394.76367,5,4,42.47576,68.556695,0.000743,0.000616,0.000127,23,3,6,3,0,0.0,0,0
1e-06,2,0,114,0,254,0,456000000.0,0.0,0,0,0.001,0.0,0.0,0.0,0.0,7,4,3,3,2,0.0,0,1
5e-06,2,0,114,0,254,0,91200000.0,0.0,0,0,0.005,0.0,0.0,0.0,0.0,9,4,4,4,2,0.0,0,1
0.010689,14,6,8928,320,31,29,6205258.0,199831.6094,4,1,0.822231,2.0104,0.000649,0.000503,0.000146,6,5,6,4,0,0.0,0,0
0.001053,2,2,130,162,31,29,493827.1563,615384.625,0,0,0.011,0.008,0.0,0.0,0.0,3,1,3,1,0,0.0,0,0
0.6804,72,18,86732,866,254,252,1005620.188,9617.87207,33,2,9.244493,37.172117,0.08579,0.048471,0.037319,1,3,9,1,1,1.0,0,1
0.309507,14,10,4600,618,254,252,110420.7578,14397.08887,4,3,22.639154,33.528109,0.052864,0.007747,0.045117,2,1,1,1,1,0.0,0,1
0.018688,16,18,1540,1644,31,29,618150.6875,664811.625,4,4,1.224533,1.071823,0.000587,0.000464,0.000123,24,7,9,6,0,0.0,0,0
0.668006,8,10,364,3754,62,252,3820.324951,40466.70313,1,3,95.429431,69.100333,0.101997,0.045413,0.056584,1,1,1,1,1,0.0,0,1
0.071742,48,50,2958,32796,31,29,323046.4688,3584065.25,7,18,1.519447,1.451939,0.000735,0.000593,0.000142,5,1,2,1,0,0.0,0,0
0.887491,60,14,68195,612,254,252,604481.625,5129.066406,27,1,14.430847,64.373461,0.074449,0.050628,0.023821,5,1,3,2,1,1.0,0,1
0.011968,38,35,2438,16668,31,30,1586898.375,10823530.0,7,12,0.323459,0.284,0.000607,0.000488,0.000119,5,3,2,2,0,0.0,0,0
0.902865,230,438,13246,548216,31,29,116863.5391,4846483.0,21,197,3.941319,2.064895,0.000621,0.0005,0.000121,8,6,10,6,0,0.0,0,0
27.570061,122,126,7816,15132,31,29,2249.396484,4356.029785,30,32,227.848166,220.555779,0.000724,0.000573,0.000151,12,4,6,2,0,0.0,0,0
6.636916,242,438,13870,548216,31,29,16649.90234,659300.1875,21,197,27.537739,15.186353,0.000599,0.000476,0.000123,5,3,4,1,0,0.0,0,0
1.210191,10,10,780,3328,62,252,4640.589844,19805.13867,2,2,134.465667,122.617,0.173396,0.105917,0.067479,2,1,1,2,1,1.0,0,1
4e-06,2,0,114,0,254,0,114000000.0,0.0,0,0,0.004,0.0,0.0,0.0,0.0,16,3,3,3,2,0.0,0,1
0.212991,10,6,1526,268,254,252,51607.81641,8413.500977,2,1,21.217111,35.119199,0.069401,0.037386,0.032015,8,4,4,9,1,1.0,0,1
0.022528,52,42,37508,3380,31,29,13063565.0,1171875.0,18,8,0.434902,0.536829,0.000647,0.000512,0.000135,1,3,4,1,0,0.0,0,0
1.291252,12,12,1242,2320,62,252,7056.716797,13177.9082,3,3,117.386547,108.421906,0.173244,0.09801,0.075234,2,1,1,1,1,1.0,0,1
0.243678,56,58,3390,42080,31,29,109324.6016,1357693.375,7,22,4.4244,4.265719,0.000667,0.000531,0.000136,14,3,5,2,0,0.0,0,0
0.601486,10,8,1566,2710,254,252,18753.55273,31548.5293,2,2,66.831778,72.508859,0.157169,0.056459,0.10071,4,1,1,2,1,1.0,0,1
0.222549,8,12,424,8824,31,29,13336.38867,290776.4063,1,4,31.742713,20.183001,0.00067,0.000531,0.000139,4,2,4,2,0,0.0,0,0
1.1e-05,2,0,114,0,254,0,41454544.0,0.0,0,0,0.011,0.0,0.0,0.0,0.0,8,4,5,4,2,0.0,0,1
1.518915,10,8,1296,354,254,252,6146.492676,1632.744385,2,1,160.714556,206.044719,0.167342,0.076601,0.090741,3,1,1,1,1,1.0,0,1
0.001784,4,4,528,304,31,29,1775784.75,1022421.563,0,0,0.458,0.227,0.0,0.0,0.0,7,9,5,3,0,0.0,0,0
0.06455,46,48,2854,31402,31,29,346026.3438,3810751.5,7,17,1.427067,1.361596,0.000694,0.000548,0.000146,9,2,2,1,0,0.0,0,0
2.453791,8,10,1052,824,31,29,3002.700928,2419.114014,2,2,350.112143,272.579437,0.000715,0.000572,0.000143,8,11,10,2,0,1.0,0,0
1.2e-05,2,0,114,0,254,0,38000000.0,0.0,0,0,0.012,0.0,0.0,0.0,0.0,7,4,4,4,2,0.0,0,1
1.2e-05,2,0,114,0,254,0,38000000.0,0.0,0,0,0.012,0.0,0.0,0.0,0.0,9,3,3,3,2,0.0,0,1
0.981924,228,234,24240,29348,31,29,196626.2188,238087.6719,54,67,4.325656,4.229289,0.00072,0.00059,0.00013,14,1,2,1,0,0.0,0,0
0.488667,10,8,802,1528,62,252,11819.91016,21888.11523,2,2,54.296333,63.48743,0.102668,0.043651,0.059017,1,11,1,2,1,4.0,0,1
0.044419,14,6,8928,320,31,29,1493234.875,48087.52734,4,1,3.701583,8.7414,0.000718,0.000544,0.000174,4,5,9,4,0,0.0,0,0
2e-06,2,0,114,0,254,0,228000000.0,0.0,0,0,0.002,0.0,0.0,0.0,0.0,7,4,5,4,2,0.0,0,1
1e-05,2,0,264,0,60,0,105600000.0,0.0,0,0,0.01,0.0,0.0,0.0,0.0,12,6,6,6,0,0.0,0,0
4e-06,2,0,200,0,254,0,72727272.0,0.0,0,0,0.011,0.0,0.0,0.0,0.0,14,6,6,6,2,0.0,0,1
1.1e-05,2,0,114,0,254,0,41454544.0,0.0,0,0,0.011,0.0,0.0,0.0,0.0,17,5,5,5,2,0.0,0,1
0.000948,2,2,146,178,31,29,616033.75,751054.875,0,0,0.001,0.002,0.0,0.0,0.0,2,1,7,1,0,0.0,0,0
5e-06,2,0,114,0,254,0,91200000.0,0.0,0,0,0.005,0.0,0.0,0.0,0.0,15,7,7,7,2,0.0,0,1
0.017057,48,50,2974,33668,31,29,1366242.625,15475172.0,7,18,0.356085,0.336796,0.000681,0.000551,0.00013,7,3,2,1,0,0.0,0,0
0.001112,2,2,130,162,31,29,467625.9063,582733.8125,0,0,0.01,0.008,0.0,0.0,0.0,4,3,6,2,0,0.0,0,0
0.001017,2,2,146,178,31,29,574238.0,700098.375,0,0,0.009,0.011,0.0,0.0,0.0,2,3,2,1,0,0.0,0,0
4e-06,2,0,200,0,254,0,200000000.0,0.0,0,0,0.004,0.0,0.0,0.0,0.0,14,6,9,5,2,0.0,0,1
0.705029,14,12,798,682,254,252,8408.165039,7103.253906,4,4,52.648001,58.442727,0.078987,0.062148,0.016839,3,1,1,1,1,0.0,0,1
0.624904,10,6,1270,268,254,252,14632.64844,2867.640625,2,1,59.486111,106.629398,0.201125,0.091748,0.109377,4,1,1,4,1,1.0,0,1
1.747197,10,8,928,354,254,252,3827.845215,1419.416382,2,1,194.133,238.802859,0.184303,0.074685,0.109618,7,1,1,1,1,0.0,0,1
0.402529,28,30,4992,3080,31,29,95675.09375,59185.79688,7,7,14.896296,13.861034,0.000714,0.000554,0.00016,7,5,5,3,0,0.0,0,0
0.004781,18,18,4504,2456,31,29,7118176.5,3882033.25,7,7,0.262941,0.252706,0.000608,0.000478,0.00013,8,6,4,3,0,0.0,0,0
0.236774,10,8,810,1404,62,252,24631.08398,41524.82813,2,2,26.308222,30.556143,0.054653,0.008625,0.046028,2,1,1,1,1,1.0,0,1
0.02789,60,62,3614,46932,31,29,1019433.5,13245177.0,7,24,0.467356,0.447885,0.000706,0.000559,0.000147,8,3,5,1,0,0.0,0,0
1.113214,10,8,772,354,254,252,4994.547363,2227.783691,2,1,119.452333,150.621578,0.083584,0.058831,0.024753,1,1,1,1,1,1.0,0,1
1.029901,14,18,1684,10168,31,29,12148.74023,74601.34375,3,5,79.196308,60.549824,0.000696,0.000551,0.000145,1,1,2,1,0,1.0,0,0
6e-06,2,0,200,0,254,0,133333328.0,0.0,0,0,0.006,0.0,0.0,0.0,0.0,12,6,6,6,2,0.0,0,1
0.019299,48,50,2974,33374,31,29,1207523.625,13558008.0,7,18,0.402596,0.38298,0.000692,0.000525,0.000167,3,2,2,1,0,0.0,0,0
0.001081,2,2,146,178,31,29,540240.5625,658649.4375,0,0,0.01,0.008,0.0,0.0,0.0,5,3,4,1,0,0.0,0,0
0.409361,10,8,884,354,254,252,15555.95117,6058.222168,2,1,44.842,50.970715,0.100845,0.052562,0.048283,10,3,3,3,1,0.0,0,1
8e-06,2,0,114,0,254,0,57000000.0,0.0,0,0,0.008,0.0,0.0,0.0,0.0,7,4,4,4,2,0.0,0,1
0.036576,122,126,7816,14952,31,29,1695538.125,3244532.0,30,32,0.299355,0.28804,0.000718,0.000566,0.000152,5,1,3,1,0,0.0,0,0
1.622119,10,14,820,7536,62,252,3639.683838,34512.88281,2,4,180.226,120.738612,0.125723,0.052509,0.073214,2,1,4,1,1,1.0,0,1
0.283966,16,18,1540,1644,31,29,40680.92578,43751.71484,4,4,18.9078,16.671883,0.000882,0.000534,0.000348,8,6,7,5,0,0.0,0,0
1.404873,10,8,2770,354,254,252,14196.30078,1765.284058,2,1,150.489333,188.608281,0.208262,0.084609,0.123653,1,1,2,1,1,1.0,0,1
0.559729,10,8,826,1078,62,252,10633.71777,13492.24414,2,2,62.192111,72.252859,0.089249,0.053074,0.036175,7,2,2,2,1,0.0,0,0
0.308914,10,8,824,1364,62,252,19215.70313,30921.22656,2,2,34.323778,42.68157,0.054781,0.009364,0.045417,1,1,1,1,1,1.0,0,1
0.008817,36,38,2334,16102,31,29,2059657.375,14226154.0,7,12,0.242886,0.223622,0.000706,0.00054,0.000166,12,3,3,1,0,0.0,0,0
0.195924,10,6,1624,268,254,252,59696.61719,9146.40332,2,1,19.982889,37.143602,0.057302,0.010203,0.047099,1,1,1,1,1,1.0,0,1
1.1e-05,2,0,114,0,254,0,41454544.0,0.0,0,0,0.011,0.0,0.0,0.0,0.0,7,3,5,3,2,0.0,0,1
2.720919,22,20,4300,1538,254,252,12069.45215,4298.547852,8,8,129.567577,136.303578,0.218372,0.130494,0.087878,1,1,1,1,1,0.0,0,1
0.004883,18,18,3960,2456,31,29,6127380.5,3800942.0,7,7,0.267706,0.255118,0.00069,0.000542,0.000148,12,3,3,2,0,0.0,0,0
1.204037,10,8,832,1100,62,252,4976.591309,6398.474609,2,2,133.781889,145.585281,0.283347,0.159696,0.123651,4,1,1,3,1,1.0,0,1
0.056942,72,74,4238,63618,31,29,587264.25,8817252.0,7,30,0.797338,0.773137,0.000624,0.000499,0.000125,8,7,6,2,0,0.0,0,0
1.399483,12,22,1582,18960,254,252,8294.492188,103461.0625,2,8,127.132097,64.724288,0.141974,0.040269,0.101705,2,1,1,5,1,1.0,0,1
0.962375,58,24,54298,1850,62,252,443585.9375,14738.53809,26,8,16.883772,41.307,0.062884,0.011159,0.051725,1,2,4,1,1,0.0,0,1
0.245397,10,8,796,976,62,252,23374.36914,27840.60156,2,2,27.266333,31.044143,0.067133,0.015544,0.051589,3,1,2,1,1,1.0,0,1
0.544772,10,12,832,6608,62,252,10999.09668,88961.98438,2,4,60.514889,45.784636,0.07464,0.041138,0.033502,1,1,1,1,1,1.0,0,1
1.027153,14,18,1684,10168,31,29,12181.24219,74800.92969,3,5,78.982921,60.388647,0.000675,0.000541,0.000134,18,15,7,3,0,6.0,0,0
0.074746,84,86,4862,77388,31,29,514275.0313,8186552.0,7,36,0.896482,0.872482,0.000736,0.000581,0.000155,8,5,3,1,0,0.0,0,0
0.30806,12,26,864,29210,62,252,20567.42188,729390.375,2,11,28.005454,11.10804,0.061482,0.029623,0.031859,1,1,1,1,1,1.0,0,1
0.723143,10,8,834,456,62,252,8308.176758,4414.064941,2,2,80.349222,90.343711,0.317386,0.089882,0.227504,1,1,1,1,1,1.0,0,1
0.036006,78,80,4550,74896,31,29,998055.875,16432817.0,7,33,0.461675,0.448937,0.000683,0.000536,0.000147,4,9,2,1,0,0.0,0,0
0.006539,32,24,3728,5474,31,29,4419024.0,6418106.5,7,7,0.210935,0.251522,0.00075,0.000615,0.000135,2,2,2,2,0,0.0,0,0
0.594493,10,6,1052,268,254,252,12743.63281,3014.333252,2,1,60.832556,112.468398,0.087283,0.032142,0.055141,1,1,2,1,1,1.0,0,1
0.061758,48,50,2974,30014,31,29,377343.8125,3810227.0,7,18,1.307106,1.246633,0.00079,0.000666,0.000124,5,1,2,1,0,0.0,0,0
0.286255,10,8,1926,2882,254,252,48460.28906,70482.60938,2,2,31.806111,35.02043,0.097956,0.040685,0.057271,1,1,1,1,1,1.0,0,1
0.285701,10,10,1034,5090,62,252,26069.21094,128273.9609,2,3,31.744556,30.798111,0.051719,0.007766,0.043953,1,1,1,1,1,0.0,0,1
1.004539,12,18,1580,10168,31,29,11539.62109,76484.83594,3,4,91.289815,59.060824,0.000639,0.0005,0.000139,3,2,1,1,0,1.0,0,0
1.028567,4,0,1360,0,254,0,7933.367676,0.0,0,0,342.855656,0.0,0.0,0.0,0.0,12,1,4,1,2,0.0,0,1
1e-05,2,0,114,0,254,0,45600000.0,0.0,0,0,0.01,0.0,0.0,0.0,0.0,11,4,4,4,2,0.0,0,1
1.1e-05,2,0,200,0,254,0,100000000.0,0.0,0,0,0.008,0.0,0.0,0.0,0.0,7,5,8,5,2,0.0,0,1
0.016898,42,44,2646,25418,31,29,1222866.625,11760445.0,7,15,0.41465,0.380581,0.000701,0.000525,0.000176,6,9,6,3,0,0.0,0,0
5e-06,2,0,200,0,254,0,160000000.0,0.0,0,0,0.005,0.0,0.0,0.0,0.0,12,4,4,4,2,0.0,0,1
1.136068,12,18,1580,10168,31,29,10203.61426,67629.75781,3,5,103.247999,66.79547,0.000676,0.000541,0.000135,2,1,2,1,0,6.0,0,0
1.276724,14,18,1684,10168,31,29,9800.082031,60179.02344,3,5,98.182154,75.062412,0.000769,0.00066,0.000109,2,7,4,2,0,1.0,0,0
0.783726,122,126,7816,15296,31,29,79129.69531,154901.0781,30,32,6.474083,6.26544,0.0007,0.000541,0.000159,1,3,3,1,0,0.0,0,0
0.766813,122,126,7808,15114,31,29,80791.53906,156439.7031,30,32,6.334447,6.129832,0.000733,0.000579,0.000154,2,5,2,2,0,0.0,0,0
1.128387,10,8,814,2640,62,252,5196.798828,16377.36035,2,2,125.261222,148.568,0.155719,0.088403,0.067316,1,1,2,1,1,1.0,0,1
8e-06,2,0,592,0,254,0,296000000.0,0.0,0,0,0.008,0.0,0.0,0.0,0.0,2,1,2,1,2,0.0,0,1
7e-06,2,0,114,0,254,0,65142856.0,0.0,0,0,0.007,0.0,0.0,0.0,0.0,19,7,7,7,2,0.0,0,1
0.002975,6,8,320,1976,31,29,717983.1875,4649411.5,1,2,0.5286,0.353714,0.000627,0.000491,0.000136,4,2,3,2,0,0.0,0,0
0.001078,2,2,146,178,31,29,541744.0,660482.4375,0,0,0.011,0.008,0.0,0.0,0.0,3,2,1,1,0,0.0,0,0
0.000982,2,2,130,162,31,29,529531.5625,659877.8125,0,0,0.001,0.009,0.0,0.0,0.0,23,1,4,1,0,0.0,0,0
4e-06,2,0,200,0,254,0,160000000.0,0.0,0,0,0.005,0.0,0.0,0.0,0.0,22,4,6,4,2,0.0,0,1
0.665645,10,8,846,354,254,252,9158.03418,3725.709717,2,1,70.996333,85.910289,0.154645,0.064264,0.090381,1,1,1,1,1,1.0,0,1
0.6819,10,8,760,1142,62,252,8024.636719,11731.92481,2,2,75.766667,89.118141,0.141002,0.057163,0.083839,1,1,1,1,1,0.0,0,1
0.562747,10,6,534,268,254,252,6837.88623,3184.379395,2,1,58.608667,96.963797,0.131687,0.077926,0.053761,10,2,5,2,1,0.0,0,1
7.605644,352,746,18786,1087890,31,29,19704.31445,1142764.0,2,370,21.667568,10.208175,0.001619,0.000549,0.00107,2,4,3,2,0,1.0,0,0
0.684124,10,6,616,268,254,252,6490.051758,2619.408203,2,1,68.752222,110.257797,0.234803,0.13283,0.101973,2,1,1,1,1,0.0,0,1
0.281402,10,6,964,268,254,252,24676.44141,6368.114258,2,1,29.445667,48.273801,0.073759,0.040029,0.03373,2,1,1,1,1,1.0,0,1
0.062884,56,58,3390,44832,31,29,423637.1563,5605241.0,7,22,1.137073,1.094035,0.000668,0.000519,0.000149,11,2,3,1,0,0.0,0,0
0.001009,2,2,130,162,31,29,515361.75,642220.0,0,0,0.01,0.006,0.0,0.0,0.0,3,3,3,1,0,0.0,0,0
1.004744,12,18,1580,10168,31,29,11537.2666,76469.22656,3,5,91.304636,59.068998,0.000712,0.000565,0.000147,2,4,1,1,0,1.0,0,0
3.151843,14,18,1684,10168,31,29,3969.740723,24376.84766,3,5,242.422529,185.373824,0.000613,0.000485,0.000128,4,4,3,1,0,1.0,0,0
0.971093,28,92,1418,102062,62,252,11269.77539,831664.9375,6,44,35.966408,10.573912,0.052542,0.007952,0.04459,1,1,1,1,1,0.0,0,1
0.001066,2,2,130,162,31,29,487804.9063,607879.9375,0,0,0.011,0.008,0.0,0.0,0.0,2,2,3,1,0,0.0,0,0
4e-06,2,0,200,0,254,0,200000000.0,0.0,0,0,0.004,0.0,0.0,0.0,0.0,14,6,9,5,2,0.0,0,1
10.259035,292,541,16606,680780,31,29,12905.69727,529891.5625,25,241,35.253303,18.997245,0.000678,0.000513,0.000165,4,7,1,1,0,0.0,0,0
0.020026,44,46,2750,27344,31,29,1073804.0,10686108.0,7,16,0.457767,0.4292,0.000875,0.000707,0.000168,2,1,3,1,0,0.0,0,0
0.74263,10,6,924,268,254,252,8962.740234,2413.04541,2,1,82.514444,134.974797,0.178985,0.067086,0.111899,1,1,1,1,1,1.0,0,1
0.330337,10,8,1116,1130,62,252,24338.78125,23951.29883,2,2,36.704111,35.142285,0.086554,0.062668,0.023886,2,1,2,1,1,1.0,0,1
0.008523,32,24,3728,5474,31,29,3390355.25,4924087.5,7,7,0.274935,0.314739,0.000669,0.000543,0.000126,1,3,3,1,0,0.0,0,0
0.903513,22,12,17786,910,254,252,150328.7656,7393.363281,8,2,43.02443,71.261453,0.129412,0.07823,0.051182,4,1,1,1,1,0.0,0,1
1.794533,58,14,68103,612,254,252,298368.4375,2536.593018,26,1,31.467912,132.188844,0.159897,0.076069,0.083828,5,1,1,2,1,1.0,0,1
0.00212,4,4,536,304,31,29,1516981.125,860377.3125,0,0,0.43,0.347333,0.0,0.0,0.0,4,4,3,2,0,0.0,0,0
0.087385,72,74,4222,63010,31,29,381209.5938,5690587.5,7,30,1.225493,1.188329,0.000807,0.000628,0.000179,7,2,2,1,0,0.0,0,0
0.320555,6,8,320,1946,31,29,6663.442871,42501.28516,1,2,64.039,45.717715,0.000669,0.000526,0.000143,19,3,2,1,0,0.0,0,0
0.003998,8,10,1038,820,31,29,1818909.375,1476738.25,2,2,0.518429,0.385111,0.00067,0.000528,0.000142,3,3,8,1,0,1.0,0,0
0.016979,52,56,3198,35742,31,29,1478061.125,16539962.0,7,21,0.32649,0.298745,0.000692,0.000545,0.000147,7,3,6,1,0,0.0,0,0
0.700004,10,8,2516,354,254,252,25885.56641,3542.836914,2,1,77.778222,85.140141,0.158023,0.103843,0.05418,17,1,6,1,1,0.0,0,1
1.1e-05,2,0,180,0,254,0,65454544.0,0.0,0,0,0.011,0.0,0.0,0.0,0.0,14,14,15,14,2,0.0,0,1
0.212866,60,64,3614,50296,31,29,133567.5938,1860738.75,7,24,3.602525,3.370159,0.000666,0.000542,0.000124,4,1,3,1,0,0.0,0,0
0.006504,22,24,2054,2478,31,29,2412054.0,2921279.25,6,6,0.291667,0.257522,0.000694,0.00057,0.000124,5,4,2,1,0,0.0,0,0
0.001088,2,2,146,178,31,29,536764.6875,654411.75,0,0,0.008,0.009,0.0,0.0,0.0,3,2,2,1,0,0.0,0,0
9e-06,2,0,114,0,254,0,50666664.0,0.0,0,0,0.009,0.0,0.0,0.0,0.0,7,4,4,4,2,0.0,0,1
0.534312,10,8,856,1766,254,252,11543.81641,23147.52344,2,2,59.368,67.446141,0.098239,0.061623,0.036616,2,1,1,1,1,1.0,0,1
1.010366,14,18,1684,10168,31,29,12383.63184,76043.73438,3,5,77.692387,59.401353,0.00068,0.000538,0.000142,1,2,1,1,0,1.0,0,0
1.431654,12,12,634,682,254,252,3252.182373,3498.052002,3,4,130.139449,123.092453,0.150425,0.077629,0.072796,2,1,4,1,1,0.0,0,1
0.222405,8,12,424,8824,31,29,13345.02344,290964.6875,1,4,31.723427,20.166091,0.000724,0.000573,0.000151,3,4,6,3,0,0.0,0,0
0.001593,4,4,528,304,31,29,1988700.5,1145009.375,0,0,0.407333,0.195,0.0,0.0,0.0,8,7,3,3,0,0.0,0,0
1.005679,12,18,1580,10168,31,29,11526.54102,76398.13281,3,5,91.394362,59.12606,0.000692,0.000532,0.00016,1,1,2,1,0,1.0,0,0
0.00104,2,2,146,178,31,29,561538.4375,684615.375,0,0,0.011,0.002,0.0,0.0,0.0,1,2,1,1,0,0.0,0,0
0.008033,8,10,1036,824,31,29,903274.0,738951.8125,2,2,1.093429,0.831667,0.00069,0.000544,0.000146,1,3,3,2,0,1.0,0,0
0.004111,4,2,6000,104,31,29,8756994.0,101191.9297,0,0,1.013,0.003,0.0,0.0,0.0,4,6,5,3,0,0.0,0,0
17.993155,456,858,25576,1094788,31,29,11346.53711,486190.6875,38,390,39.544693,20.994919,0.000938,0.000522,0.000416,5,4,1,1,0,0.0,0,0
1.34074,18,20,1814,1508,31,29,10227.18848,8550.501953,5,5,78.845292,70.533211,0.000739,0.000607,0.000132,4,3,1,1,0,0.0,0,0
0.171836,46,48,2854,31402,31,29,129984.3984,1431504.375,7,17,3.809733,3.644553,0.000668,0.000538,0.00013,14,5,7,4,0,0.0,0,0
0.024022,42,44,2646,24330,31,29,860211.5,7918741.0,7,15,0.578171,0.543977,0.000733,0.000621,0.000112,11,4,3,1,0,0.0,0,0
0.005115,6,8,320,1882,31,29,417595.3125,2575953.0,1,2,0.9558,0.659857,0.000674,0.000492,0.000182,4,4,2,1,0,0.0,0,0
0.285984,10,8,766,1488,62,252,19301.7793,36421.61719,2,2,31.776,38.220145,0.054647,0.009179,0.045468,1,1,1,1,1,1.0,0,1
1.415117,14,18,1684,10168,31,29,8841.671875,54293.74219,3,5,108.797692,83.210706,0.000671,0.000527,0.000144,1,3,6,2,0,1.0,0,0
0.603303,14,6,8928,320,31,29,109941.4375,3540.509521,4,1,46.407924,120.547602,0.000591,0.000463,0.000128,2,3,5,2,0,0.0,0,0
5.330041,52,54,2934,3738,31,29,4319.666504,5506.899414,11,15,104.331392,100.557172,0.000788,0.00051,0.000278,10,14,15,12,0,0.0,0,0
0.321848,10,8,836,1248,62,252,18716.91016,27143.24805,2,2,35.760889,42.293285,0.065734,0.025067,0.040667,1,1,3,1,1,1.0,0,1
0.230017,10,6,926,268,254,252,29006.55078,7790.728516,2,1,25.557444,38.454801,0.054642,0.037121,0.017521,1,1,1,1,1,1.0,0,1
0.031666,122,126,7822,14894,31,29,1959957.125,3732962.75,30,32,0.2608,0.249496,0.000606,0.000475,0.000131,5,3,5,1,0,0.0,0,0
1e-05,2,0,114,0,254,0,45600000.0,0.0,0,0,0.01,0.0,0.0,0.0,0.0,4,3,4,3,2,0.0,0,1
1.643029,14,18,1684,10168,31,29,7615.203613,46762.41406,3,5,126.360072,102.657437,0.000671,0.000507,0.000164,1,3,1,1,0,1.0,0,0
1.284058,14,18,1684,10168,31,29,9744.108398,59835.30469,3,5,98.747,75.502824,0.000664,0.000505,0.000159,1,3,1,1,0,1.0,0,0
0.02802,48,50,2958,32374,31,29,827123.5,9058387.0,7,18,0.589234,0.549163,0.001223,0.001096,0.000127,6,2,2,1,0,0.0,0,0
1.1e-05,2,0,114,0,254,0,41454544.0,0.0,0,0,0.011,0.0,0.0,0.0,0.0,13,7,7,7,2,0.0,0,1
0.225735,10,6,1060,268,254,252,33809.55469,7938.512207,2,1,25.081667,43.188199,0.057587,0.009014,0.048573,1,1,1,1,1,1.0,0,1
1.007097,12,18,1580,10168,31,29,11510.31152,76290.5625,3,5,91.522003,59.207411,0.000719,0.000566,0.000153,3,7,2,2,0,6.0,0,0
0.038957,66,66,3926,57520,31,29,794106.3125,11633134.0,7,27,0.594015,0.589046,0.000829,0.000666,0.000163,8,1,7,1,0,0.0,0,0
8e-06,2,0,168,0,254,0,84000000.0,0.0,0,0,0.008,0.0,0.0,0.0,0.0,1,2,3,1,2,0.0,0,1
0.3935,10,8,818,1014,62,252,14983.48145,18053.36719,2,2,43.722222,50.417145,0.087907,0.039942,0.047965,2,1,3,2,1,1.0,0,1
0.006135,4,4,568,304,31,29,555501.25,297310.5313,0,0,1.539667,1.542333,0.0,0.0,0.0,12,6,6,4,0,0.0,0,0
0.065047,32,34,2126,12618,31,29,253355.25,1506233.875,7,10,2.088097,1.95497,0.000675,0.000528,0.000147,7,1,2,1,0,0.0,0,0
0.153897,12,6,5282,268,254,252,251700.8125,11644.15137,3,1,12.425364,29.480801,0.051691,0.00649,0.045201,1,1,1,1,1,1.0,0,1
0.22339,8,12,424,8824,31,29,13286.18164,289681.7188,1,4,31.863429,20.258181,0.000714,0.000547,0.000167,3,16,17,11,0,0.0,0,0
31.373333,18,10,1100,450,254,252,264.938385,103.272423,4,1,1845.490295,3469.669,0.186876,0.118423,0.068453,5,1,1,1,1,0.0,0,1
1.627201,22,26,1920,4416,31,29,9011.793945,20880.02734,6,6,77.42676,65.068117,0.000572,0.000494,7.8e-05,15,3,3,1,0,0.0,0,0
1.066693,14,18,1684,10168,31,29,11729.71094,72028.22656,3,5,82.025464,62.653471,0.001709,0.00158,0.000129,1,4,3,2,0,1.0,0,0
0.692329,8,6,492,268,254,252,2588.364746,4980.291016,1,1,82.708859,138.465797,0.0,0.0,0.0,3,1,1,1,1,0.0,0,1
12.512592,378,728,21350,924614,31,29,13614.44531,590345.4375,33,330,33.189056,17.210625,0.000587,0.000461,0.000126,12,1,3,1,0,0.0,0,0
2.504396,22,24,1162,1704,62,252,3545.765137,5216.427734,7,9,119.256955,107.571089,0.106411,0.029543,0.076868,1,2,3,2,1,0.0,0,1
1e-05,2,0,200,0,254,0,80000000.0,0.0,0,0,0.01,0.0,0.0,0.0,0.0,15,4,9,4,2,0.0,0,1
1e-05,2,0,114,0,254,0,45600000.0,0.0,0,0,0.01,0.0,0.0,0.0,0.0,5,3,3,3,2,0.0,0,1
1.1e-05,2,0,114,0,254,0,41454544.0,0.0,0,0,0.011,0.0,0.0,0.0,0.0,9,4,6,4,2,0.0,0,1
1.022027,12,18,1580,10168,31,29,11342.16602,75176.09375,3,5,92.880457,60.087351,0.000677,0.000539,0.000138,1,1,2,1,0,1.0,0,0
0.090833,122,126,7816,15436,31,29,682747.4375,1348760.875,30,32,0.747826,0.722248,0.000685,0.000547,0.000138,5,8,4,2,0,0.0,0,0
4e-06,2,0,200,0,254,0,200000000.0,0.0,0,0,0.004,0.0,0.0,0.0,0.0,23,8,8,8,2,0.0,0,1
1.2e-05,2,0,168,0,254,0,56000000.0,0.0,0,0,0.012,0.0,0.0,0.0,0.0,1,4,1,1,2,0.0,0,1
7e-06,2,0,200,0,254,0,133333328.0,0.0,0,0,0.006,0.0,0.0,0.0,0.0,10,6,9,6,2,0.0,0,1
0.011175,38,40,2438,19502,31,29,1699507.875,13612528.0,7,13,0.292324,0.27359,0.000635,0.000502,0.000133,4,6,2,2,0,0.0,0,0
0.025181,8,10,1050,824,31,29,291966.1875,235733.2969,2,2,3.525571,2.745556,0.000592,0.000465,0.000127,4,3,4,2,0,4.0,0,0
1.162011,14,18,1684,10168,31,29,10767.54004,66119.85156,3,5,89.358769,68.322294,0.000702,0.000525,0.000177,4,2,2,1,0,0.0,0,0
0.673785,10,6,988,268,254,252,10567.16992,2659.602295,2,1,68.164333,120.239203,0.185791,0.072584,0.113207,1,3,2,1,1,1.0,0,1
0.01338,34,36,2230,14816,31,29,1294469.375,8612855.0,7,11,0.394727,0.3198,0.002375,0.002179,0.000196,6,3,3,1,0,0.0,0,0
1.1e-05,2,0,114,0,254,0,41454544.0,0.0,0,0,0.011,0.0,0.0,0.0,0.0,14,4,4,4,2,0.0,0,1
0.021747,60,62,3598,45562,31,29,1301880.75,16490734.0,7,24,0.363203,0.35425,0.00061,0.000488,0.000122,8,2,4,1,0,0.0,0,0
0.961503,10,12,766,4310,62,252,5741.011719,32873.53125,2,3,106.833667,68.77718,0.157285,0.0875,0.069785,1,1,1,1,1,1.0,0,1
1.129802,14,18,1684,10168,31,29,11074.50684,68004.83594,3,5,86.87969,66.426765,0.000684,0.000544,0.00014,3,1,2,1,0,1.0,0,0
2e-06,2,0,114,0,254,0,228000000.0,0.0,0,0,0.002,0.0,0.0,0.0,0.0,13,4,5,4,2,0.0,0,1
0.739924,10,8,642,354,254,252,6249.290527,3351.695557,2,1,79.893111,88.410289,0.16278,0.121048,0.041732,3,1,2,1,1,0.0,0,1
0.011468,38,40,2438,20826,31,29,1656086.5,14165330.0,7,13,0.301838,0.281487,0.000621,0.000486,0.000135,11,1,2,1,0,0.0,0,0
4e-06,2,0,114,0,254,0,114000000.0,0.0,0,0,0.004,0.0,0.0,0.0,0.0,6,4,5,4,2,0.0,0,1
1.745676,362,746,19306,1087890,31,29,88231.71875,4978848.0,2,370,4.834789,2.342462,0.000685,0.000537,0.000148,2,3,4,2,0,1.0,0,0
1.124125,12,18,1580,10168,31,29,10312.02051,68348.27344,3,5,102.156548,66.09253,0.000703,0.000547,0.000156,6,1,1,1,0,0.0,0,0
0.021361,52,40,37238,3276,31,29,13678011.0,1196573.125,18,8,0.412059,0.533462,0.000729,0.000551,0.000178,4,1,5,1,0,0.0,0,0
1e-06,2,0,168,0,254,0,672000000.0,0.0,0,0,0.001,0.0,0.0,0.0,0.0,2,1,2,1,2,0.0,0,1
0.001115,2,2,146,178,31,29,523766.8125,638565.0,0,0,0.01,0.01,0.0,0.0,0.0,2,1,1,1,0,0.0,0,0
1.02983,12,18,1580,10168,31,29,11256.22656,74606.49219,3,5,93.58918,60.547176,0.000665,0.000521,0.000144,2,4,2,1,0,1.0,0,0
0.006675,8,12,424,8824,31,29,444644.2188,9694682.0,1,4,0.885143,0.560455,0.000638,0.000506,0.000132,12,1,1,1,0,0.0,0,0
0.001029,2,2,146,178,31,29,567541.3125,691933.875,0,0,0.002,0.004,0.0,0.0,0.0,5,1,1,1,0,0.0,0,0
1.2e-05,2,0,168,0,254,0,56000000.0,0.0,0,0,0.012,0.0,0.0,0.0,0.0,1,1,1,1,2,0.0,0,1
1.099933,12,18,1580,10168,31,29,10538.82324,69851.52344,3,5,99.960911,64.66953,0.000707,0.000547,0.00016,3,3,5,1,0,1.0,0,0
0.232948,10,10,794,4254,62,252,24554.83594,131497.1563,2,3,25.883111,24.998444,0.055026,0.007231,0.047795,1,1,1,1,1,1.0,0,1
0.0,6,0,384,0,1,0,51.195499,0.0,0,0,10000.872,0.0,0.0,0.0,0.0,2,4,2,2,0,0.0,0,0
0.012634,42,44,2646,24004,31,29,1635586.5,14854520.0,7,15,0.300244,0.281186,0.000671,0.000538,0.000133,11,2,2,1,0,0.0,0,0
0.026049,48,52,2958,32478,31,29,889707.875,9782794.0,7,18,0.546681,0.499765,0.000692,0.00055,0.000142,8,3,3,2,0,0.0,0,0
0.001764,4,4,512,304,31,29,1741496.5,1034013.563,0,0,0.464333,0.209,0.0,0.0,0.0,7,6,5,3,0,0.0,0,0
0.603975,10,8,1134,1346,254,252,13523.73828,15603.29492,2,2,67.108333,62.116285,0.231517,0.15653,0.074987,2,1,2,2,1,1.0,0,1
1e-05,2,0,114,0,254,0,45600000.0,0.0,0,0,0.01,0.0,0.0,0.0,0.0,10,3,3,3,2,0.0,0,1
1e-06,2,0,114,0,254,0,456000000.0,0.0,0,0,0.001,0.0,0.0,0.0,0.0,12,4,4,4,2,0.0,0,1
4e-06,2,0,104,0,254,0,104000000.0,0.0,0,0,0.004,0.0,0.0,0.0,0.0,2,3,1,1,2,0.0,0,1
1.596728,10,10,854,1354,62,252,3852.87915,6107.489746,2,2,177.414222,160.216563,0.296549,0.154187,0.142362,1,1,1,1,1,1.0,0,1
0.439249,10,8,796,1122,62,252,13058.65234,17885.07227,2,2,48.805444,53.184855,0.128957,0.06626,0.062697,3,3,2,5,1,1.0,0,1
34.679878,42,0,18480,0,254,0,4161.490723,0.0,0,0,845.85075,0.0,0.0,0.0,0.0,2,2,2,2,2,0.0,0,1
0.462777,10,6,546,268,254,252,8505.176758,3872.275391,2,1,49.453222,82.836203,0.08767,0.048593,0.039077,10,2,2,2,1,0.0,0,1
0.049803,84,84,4862,82826,31,29,771841.0625,13146196.0,7,36,0.596096,0.594024,0.000633,0.000489,0.000144,9,2,6,1,0,0.0,0,0
0.012277,8,12,424,8824,31,29,241752.875,5270994.5,1,4,1.704571,1.073818,0.000579,0.000459,0.00012,3,9,6,4,0,0.0,0,0
1.355254,36,22,25204,1942,62,252,144645.9375,10944.07324,15,8,38.721544,62.902809,0.092877,0.033357,0.05952,2,1,1,1,1,0.0,0,1
0.004655,4,4,568,320,31,29,732116.0625,412459.75,0,0,1.201667,1.055,0.0,0.0,0.0,13,3,4,3,0,0.0,0,0
1.155686,348,746,18578,1087890,31,29,128235.5234,7520603.0,2,370,3.329599,1.550487,0.000721,0.000569,0.000152,4,5,5,1,0,4.0,0,0
1.106868,14,18,1684,10168,31,29,11303.96777,69413.875,3,5,85.117305,65.077941,0.000677,0.00054,0.000137,2,1,1,1,0,1.0,0,0
0.001032,2,2,146,178,31,29,565891.5,689922.5,0,0,0.007,0.009,0.0,0.0,0.0,1,7,2,1,0,0.0,0,0
4e-06,2,0,114,0,254,0,114000000.0,0.0,0,0,0.004,0.0,0.0,0.0,0.0,17,7,7,7,2,0.0,0,1
0.005026,4,4,568,320,31,29,678074.0,382013.5313,0,0,1.323333,1.221667,0.0,0.0,0.0,10,5,6,3,0,0.0,0,0
0.563475,10,10,780,1646,62,252,9966.723633,21040.86133,2,2,62.608333,57.035332,0.098885,0.049422,0.049463,1,1,21,1,1,1.0,0,1
0.001018,2,2,146,178,31,29,573673.875,699410.625,0,0,0.001,0.006,0.0,0.0,0.0,8,6,10,3,0,0.0,0,0
1e-05,2,0,200,0,254,0,80000000.0,0.0,0,0,0.01,0.0,0.0,0.0,0.0,8,3,6,3,2,0.0,0,1
8e-06,2,0,200,0,254,0,72727272.0,0.0,0,0,0.011,0.0,0.0,0.0,0.0,15,7,9,7,2,0.0,0,1
0.144366,12,6,5380,268,254,252,273305.3438,12412.89551,3,1,11.869364,27.5636,0.050406,0.006539,0.043867,1,1,2,1,1,1.0,0,1
0.001103,2,2,130,162,31,29,471441.5313,587488.6875,0,0,0.008,0.008,0.0,0.0,0.0,2,7,8,5,0,0.0,0,0
3e-06,2,0,264,0,60,0,352000000.0,0.0,0,0,0.003,0.0,0.0,0.0,0.0,8,3,3,3,0,0.0,0,0
3e-06,2,0,114,0,254,0,152000000.0,0.0,0,0,0.003,0.0,0.0,0.0,0.0,15,1,1,1,2,0.0,0,1
0.023539,38,40,2438,20826,31,29,806831.25,6901228.0,7,13,0.627405,0.590205,0.000633,0.000516,0.000117,11,3,2,1,0,0.0,0,0
1.1e-05,2,0,114,0,254,0,41454544.0,0.0,0,0,0.011,0.0,0.0,0.0,0.0,14,7,7,7,2,0.0,0,1
7.172759,340,746,18162,1087890,31,29,20197.52734,1211731.25,2,370,21.15765,9.627099,0.000679,0.000566,0.000113,2,1,2,1,0,1.0,0,0
1.1e-05,2,0,104,0,254,0,37818180.0,0.0,0,0,0.011,0.0,0.0,0.0,0.0,9,2,3,2,2,0.0,0,1
1.08301,12,18,1580,10168,31,29,10703.50293,70943.02344,3,5,98.424179,63.675471,0.000638,0.000524,0.000114,2,2,3,3,0,1.0,0,0
4e-06,2,0,200,0,254,0,72727272.0,0.0,0,0,0.011,0.0,0.0,0.0,0.0,14,6,6,6,2,0.0,0,1
0.017037,46,48,2854,31354,31,29,1311028.875,14416153.0,7,17,0.371422,0.349489,0.000737,0.000601,0.000136,5,1,6,1,0,0.0,0,0
0.001047,2,2,146,178,31,29,557784.125,680038.1875,0,0,0.004,0.009,0.0,0.0,0.0,1,2,1,1,0,0.0,0,0
0.224703,8,12,424,8824,31,29,13208.54688,287989.0313,1,4,32.056,20.368637,0.000794,0.000644,0.00015,3,9,5,2,0,0.0,0,0
0.49105,20,82,2050,101834,62,252,31736.07617,1638822.875,2,39,25.844737,5.793271,0.063079,0.016849,0.04623,1,1,1,1,1,1.0,0,1
0.683404,10,6,1526,268,254,252,16084.18945,2622.167725,2,1,75.838778,123.050602,0.143054,0.068142,0.074912,1,2,3,9,1,1.0,0,1
0.945592,28,30,4536,3080,31,29,37005.39063,25194.79883,7,7,35.008482,32.586242,0.000738,0.000587,0.000151,7,3,2,1,0,0.0,0,0
0.001774,4,4,536,304,31,29,1812852.25,1028184.875,0,0,0.450667,0.231,0.0,0.0,0.0,14,3,5,3,0,0.0,0,0
0.018058,46,48,2854,29168,31,29,1236903.25,12653007.0,7,17,0.393911,0.371532,0.000735,0.000587,0.000148,10,3,4,1,0,0.0,0,0
1.1e-05,2,0,114,0,254,0,41454544.0,0.0,0,0,0.011,0.0,0.0,0.0,0.0,10,4,4,4,2,0.0,0,1
0.001013,2,2,146,178,31,29,576505.4375,702862.75,0,0,0.009,0.006,0.0,0.0,0.0,2,2,1,1,0,0.0,0,0
0.045002,78,82,4550,72268,31,29,798542.3125,12690459.0,7,33,0.578779,0.546877,0.000887,0.000694,0.000193,16,2,2,1,0,0.0,0,0
0.001075,2,2,130,162,31,29,483720.9063,602790.6875,0,0,0.011,0.008,0.0,0.0,0.0,3,1,8,1,0,0.0,0,0
0.345814,16,18,1540,1644,31,29,33405.24219,35926.82813,4,4,23.032267,20.311766,0.000656,0.000504,0.000152,9,5,6,4,0,0.0,0,0
0.395162,10,6,964,268,254,252,17572.54102,4534.849121,2,1,41.962111,65.884203,0.134432,0.065732,0.0687,2,1,1,1,1,1.0,0,1
0.020217,46,48,2854,30384,31,29,1104812.75,11772667.0,7,17,0.442533,0.418809,0.000663,0.000528,0.000135,9,3,3,1,0,0.0,0,0
0.961644,10,10,872,1122,254,252,6530.483398,8402.277344,2,2,106.849333,87.188555,0.213717,0.079714,0.134003,2,2,2,1,1,1.0,0,1
0.04616,52,54,3182,38534,31,29,540901.1875,6554766.0,7,20,0.898412,0.861698,0.000609,0.000484,0.000125,6,6,6,3,0,0.0,0,0
0.006641,8,12,424,8824,31,29,446920.6563,9744316.0,1,4,0.903571,0.559364,0.000618,0.000484,0.000134,3,4,6,4,0,0.0,0,0
1.500868,58,14,68115,612,254,252,356812.1875,3032.911621,26,1,26.32879,107.847,0.183063,0.098854,0.084209,2,1,1,1,1,1.0,0,1
0.027978,66,68,3926,56526,31,29,1105726.0,15925370.0,7,27,0.425231,0.408134,0.000802,0.000621,0.000181,3,2,3,1,0,0.0,0,0
0.408916,10,6,490,268,254,252,8627.688477,4382.318359,2,1,42.395222,67.406602,0.097182,0.071876,0.025306,8,2,3,2,1,0.0,0,1
0.012771,14,6,8928,320,31,29,5193642.0,167253.9375,4,1,0.982385,2.4202,0.000651,0.00051,0.000141,4,4,5,2,0,0.0,0,0
0.027523,52,42,37226,3380,31,29,10612506.0,959197.75,18,8,0.532843,0.656341,0.000753,0.00061,0.000143,2,5,3,1,0,0.0,0,0
0.882212,24,20,6837,1790,62,252,59423.35938,15424.86426,9,8,38.357043,44.867527,0.064926,0.015142,0.049784,1,1,1,1,1,0.0,0,1
1.503196,10,8,564,354,254,252,2703.572998,1649.818115,2,1,165.353222,206.712859,0.109065,0.056195,0.05287,3,2,1,1,1,0.0,0,1
0.128812,68,70,4014,61374,31,29,245629.2813,3757289.75,7,28,1.91791,1.859232,0.000646,0.000524,0.000122,10,4,12,2,0,0.0,0,0
0.009992,36,38,2334,16290,31,29,1817454.0,12699760.0,7,12,0.275543,0.25373,0.000752,0.000593,0.000159,11,3,2,1,0,0.0,0,0
0.760631,10,8,564,354,254,252,5342.932129,3260.450684,2,1,81.699,102.327141,0.061401,0.044334,0.017067,2,1,1,1,1,0.0,0,1
0.019195,16,18,1540,1644,31,29,601823.375,647251.875,4,4,1.257267,1.102588,0.000569,0.000448,0.000121,21,9,17,7,0,0.0,0,0
0.381366,4,4,568,304,31,29,8936.296875,4782.807129,0,0,122.008,121.999664,0.0,0.0,0.0,9,2,3,2,0,0.0,0,0
3.009895,50,274,2536,350519,62,252,6607.539062,928245.0,2,134,61.426429,10.946801,0.070482,0.031704,0.038778,1,1,1,1,1,1.0,0,1
0.018912,16,18,1540,1644,31,29,610829.0625,656937.375,4,4,1.240133,1.085647,0.000575,0.000453,0.000122,5,7,6,5,0,0.0,0,0
7e-06,2,0,200,0,254,0,200000000.0,0.0,0,0,0.004,0.0,0.0,0.0,0.0,10,6,9,6,2,0.0,0,1
1.110101,12,18,1580,10168,31,29,10442.29297,69211.71875,3,5,100.886912,65.268705,0.000659,0.000529,0.00013,1,2,3,1,0,1.0,0,0
0.010978,8,10,1038,820,31,29,662415.75,537802.875,2,2,1.519286,1.166333,0.000596,0.000479,0.000117,2,3,7,1,0,1.0,0,0
0.024363,4,4,528,304,31,29,130033.25,74867.625,0,0,2.434667,7.753667,0.0,0.0,0.0,11,2,7,2,0,0.0,0,0
0.028694,52,42,37316,3380,31,29,10203945.0,920053.0,18,8,0.548863,0.681073,0.000923,0.000765,0.000158,1,2,4,1,0,0.0,0,0
0.001687,4,4,536,304,31,29,1906342.625,1081209.25,0,0,0.433,0.211667,0.0,0.0,0.0,6,6,5,3,0,0.0,0,0
8e-06,2,0,114,0,254,0,57000000.0,0.0,0,0,0.008,0.0,0.0,0.0,0.0,7,3,3,3,2,0.0,0,1
0.353119,12,8,2266,858,254,252,47077.61719,17014.0957,3,2,32.101727,42.153,0.069692,0.057327,0.012365,1,1,1,1,1,1.0,0,1
0.489551,12,26,2066,27930,62,252,30950.80859,438867.4375,2,11,44.504635,18.19632,0.086067,0.033922,0.052145,1,1,2,1,1,1.0,0,1
5e-06,2,0,114,0,254,0,91200000.0,0.0,0,0,0.005,0.0,0.0,0.0,0.0,8,3,3,3,2,0.0,0,1
0.002954,6,8,320,1880,31,29,723087.375,4454976.5,1,2,0.5266,0.344429,0.000674,0.000539,0.000135,3,6,6,5,0,0.0,0,0
1.11812,12,18,1580,10168,31,29,10367.40332,68715.34375,3,5,101.615092,65.737766,0.000707,0.000573,0.000134,5,23,7,7,0,14.0,0,0
0.202197,10,6,610,268,254,252,21721.39063,8862.643555,2,1,21.608,38.963398,0.051587,0.007376,0.044211,8,1,1,1,1,0.0,0,1
0.759443,10,8,508,354,254,252,4824.588867,3265.55127,2,1,77.986222,98.317289,0.147583,0.071212,0.076371,3,1,1,3,1,1.0,0,1
4.224892,64,368,3166,473005,62,252,5902.162598,893220.4375,2,181,67.061777,11.483634,0.042138,0.021581,0.020557,2,1,1,1,1,1.0,0,1
1.162444,20,8,14684,468,254,252,96004.625,2821.641357,7,2,61.110317,150.365719,0.213837,0.109882,0.103955,2,1,1,1,1,0.0,0,1
0.187149,10,6,1038,268,254,252,39968.15234,9575.257812,2,1,19.015556,35.947398,0.054183,0.007403,0.04678,2,1,1,1,1,1.0,0,1
0.896118,10,6,830,268,254,252,6668.764648,1999.736694,2,1,82.478556,165.707,0.215685,0.06758,0.148105,5,1,2,1,1,1.0,0,1
4e-06,2,0,114,0,254,0,114000000.0,0.0,0,0,0.004,0.0,0.0,0.0,0.0,7,4,4,4,2,0.0,0,1
4e-06,2,0,114,0,254,0,114000000.0,0.0,0,0,0.004,0.0,0.0,0.0,0.0,8,4,5,4,2,0.0,0,1
2e-06,2,0,114,0,254,0,228000000.0,0.0,0,0,0.002,0.0,0.0,0.0,0.0,11,7,7,7,2,0.0,0,1
0.000954,2,2,146,178,31,29,612159.3125,746331.25,0,0,0.011,0.007,0.0,0.0,0.0,1,2,3,1,0,0.0,0,0
0.265405,14,6,7062,268,254,252,197675.25,6751.945312,4,1,17.133924,44.983602,0.088545,0.040479,0.048066,1,1,1,1,1,1.0,0,1
0.036665,52,42,37462,3380,31,29,8016801.0,720032.75,18,8,0.712176,0.872488,0.001004,0.000889,0.000115,2,1,3,1,0,0.0,0,0
0.001086,2,2,146,178,31,29,537753.25,655616.9375,0,0,0.011,0.008,0.0,0.0,0.0,1,5,1,1,0,0.0,0,0
0.398218,12,8,4176,354,254,252,76902.60156,6227.744629,3,1,34.888635,50.005145,0.093522,0.048171,0.045351,1,1,1,1,1,1.0,0,1
0.290909,10,8,832,962,62,252,20597.50781,23155.00781,2,2,32.323222,35.95043,0.096,0.038551,0.057449,1,1,16,1,1,1.0,0,1
0.015942,46,48,2854,31458,31,29,1401078.875,15457534.0,7,17,0.347156,0.326,0.000742,0.000608,0.000134,10,2,2,1,0,0.0,0,0
0.039904,90,92,5174,85164,31,29,1025862.125,16888332.0,7,39,0.444652,0.432593,0.000659,0.000534,0.000125,11,2,6,1,0,0.0,0,0
1.1e-05,2,0,114,0,254,0,41454544.0,0.0,0,0,0.011,0.0,0.0,0.0,0.0,14,4,4,4,2,0.0,0,1
3.58924,564,100,740523,5148,62,252,1647615.625,11360.62207,279,8,6.375204,36.116203,0.058369,0.009013,0.049356,1,1,1,1,1,0.0,0,1
0.384193,34,28,4908,2552,31,29,99200.14063,51245.07813,9,6,11.642212,14.205852,0.000669,0.000502,0.000167,12,27,5,5,0,0.0,0,0
0.288758,10,8,924,2066,62,252,23050.44336,50090.38672,2,2,32.084222,39.006715,0.027443,0.014991,0.012452,1,1,1,1,1,1.0,0,1
0.031366,54,42,37996,3380,31,29,9511700.0,841675.625,19,8,0.583245,0.750585,0.000742,0.000588,0.000154,1,2,2,2,0,0.0,0,0
2.431487,14,6,1490,268,254,252,4553.591797,736.997559,6,1,186.951615,481.369813,0.035919,0.024627,0.011292,2,1,2,1,1,1.0,0,1
0.982232,10,8,564,354,254,252,4137.515625,2524.861816,2,1,105.803222,134.554,0.099017,0.040347,0.05867,11,1,2,1,1,0.0,0,1
0.022845,46,48,2854,30384,31,29,977719.4375,10418385.0,7,17,0.500222,0.475553,0.000641,0.000491,0.00015,6,3,4,2,0,0.0,0,0
1.352854,14,18,1684,10168,31,29,9248.595703,56792.52734,3,5,103.981844,79.546706,0.000726,0.000556,0.00017,2,2,1,1,0,1.0,0,0
0.113816,66,68,3926,56022,31,29,271807.125,3879876.25,7,27,1.746123,1.691,0.00065,0.000515,0.000135,15,7,10,3,0,0.0,0,0
0.579494,10,8,804,982,62,252,9994.926758,11872.42676,2,2,64.279111,72.02457,0.156416,0.075317,0.081099,2,1,1,3,1,1.0,0,1
0.004375,12,12,1036,2262,31,29,1737142.875,3792457.25,4,4,0.365636,0.336909,0.000828,0.000659,0.000169,6,4,1,1,0,0.0,0,0
0.332921,10,16,802,13112,62,252,17349.46094,295397.4063,2,6,36.991222,20.743199,0.042976,0.02106,0.021916,1,3,1,1,1,1.0,0,1
6e-06,2,0,200,0,254,0,133333328.0,0.0,0,0,0.006,0.0,0.0,0.0,0.0,12,3,3,3,2,0.0,0,1
0.455743,52,42,37182,3380,31,29,640132.6875,57927.38281,18,8,8.929294,11.102024,0.000684,0.000557,0.000127,2,1,6,1,0,0.0,0,0
0.819665,94,170,5800,201712,31,29,56013.125,1957150.75,10,74,8.809968,4.846657,0.000726,0.000574,0.000152,7,4,2,1,0,0.0,0,0
4e-06,2,0,114,0,254,0,114000000.0,0.0,0,0,0.004,0.0,0.0,0.0,0.0,7,3,3,3,2,0.0,0,1
0.253679,10,8,798,2764,62,252,22674.32422,76285.38281,2,2,28.186556,35.146,0.052662,0.006636,0.046026,1,1,1,1,1,1.0,0,1
0.052073,60,62,3614,49342,31,29,546002.6875,7458298.5,7,24,0.876966,0.844426,0.000695,0.000559,0.000136,9,3,2,1,0,0.0,0,0
1.238971,22,22,1170,1664,62,252,7212.437012,10260.12695,7,9,58.998621,58.39376,0.052089,0.00649,0.045599,1,2,2,2,1,0.0,0,1
5.130667,40,24,31081,1916,62,252,47251.55469,2864.344727,17,8,131.555564,218.055563,0.197483,0.114742,0.082741,1,1,1,1,1,0.0,0,1
1.715813,18,18,1030,3876,62,252,4536.625,17069.45898,6,7,100.876471,98.210586,0.121695,0.046232,0.075463,5,1,1,1,1,0.0,0,1
4e-06,2,0,114,0,254,0,114000000.0,0.0,0,0,0.004,0.0,0.0,0.0,0.0,12,4,5,4,2,0.0,0,1
0.368937,10,10,806,4266,62,252,15742.52539,83266.25,2,2,40.893111,36.180888,0.108941,0.043305,0.065636,1,1,4,1,1,1.0,0,1
0.00175,4,4,544,304,31,29,1865142.75,1042285.688,0,0,0.462333,0.209333,0.0,0.0,0.0,13,6,5,3,0,0.0,0,0
1.1e-05,2,0,114,0,254,0,41454544.0,0.0,0,0,0.011,0.0,0.0,0.0,0.0,7,4,4,4,2,0.0,0,1
0.430407,10,6,1138,268,254,252,19051.73438,4163.500977,2,1,45.385444,77.412398,0.111882,0.043335,0.068547,2,1,1,1,1,1.0,0,1
0.874191,20,36,2594,38319,62,252,22558.0,340932.375,6,16,46.010054,22.685486,0.098314,0.055904,0.04241,2,1,18,1,1,1.0,0,1
0.05904,86,86,4966,76770,31,29,665176.1875,10281572.0,7,36,0.690494,0.688459,0.000651,0.000511,0.00014,6,1,4,1,0,0.0,0,0
1.109013,14,18,1684,10168,31,29,11282.10449,69279.625,3,5,85.282233,65.204824,0.000662,0.000525,0.000137,1,5,4,5,0,1.0,0,0
0.02818,54,42,37860,3380,31,29,10549042.0,936834.625,19,8,0.52534,0.672195,0.000733,0.000615,0.000118,2,2,2,2,0,0.0,0,0
8e-06,2,0,114,0,254,0,57000000.0,0.0,0,0,0.008,0.0,0.0,0.0,0.0,10,5,4,4,2,0.0,0,1
0.193644,10,8,818,3216,62,252,30447.625,116254.5703,2,2,21.516,19.813715,0.104226,0.054306,0.04992,1,1,1,1,1,0.0,0,1
1.346173,10,10,872,1982,62,252,4665.076172,10601.90625,2,2,149.574778,142.259437,0.18981,0.06529,0.12452,7,1,2,1,1,0.0,0,1
0.010908,38,40,2438,19242,31,29,1741107.375,13759442.0,7,13,0.286324,0.266564,0.00063,0.000508,0.000122,4,5,2,1,0,0.0,0,0
4e-06,2,0,114,0,254,0,114000000.0,0.0,0,0,0.004,0.0,0.0,0.0,0.0,17,3,3,3,2,0.0,0,1
0.237555,10,8,858,2756,62,252,26031.86719,81227.50781,2,2,26.395,30.721,0.055662,0.008975,0.046687,2,1,2,1,1,1.0,0,1
0.228079,10,8,784,918,62,252,24763.34961,28200.75391,2,2,25.342111,30.421143,0.034142,0.0141,0.020042,1,1,1,1,1,1.0,0,1
1.1e-05,2,0,114,0,254,0,41454544.0,0.0,0,0,0.011,0.0,0.0,0.0,0.0,23,7,7,7,2,0.0,0,1
0.182589,14,6,8928,320,31,29,363263.9688,11698.40527,4,1,14.045307,36.392398,0.000627,0.000492,0.000135,18,4,7,3,0,0.0,0,0
1.1e-05,2,0,114,0,254,0,41454544.0,0.0,0,0,0.011,0.0,0.0,0.0,0.0,18,3,3,3,2,0.0,0,1
0.004976,18,18,3640,2456,31,29,5527331.0,3729903.5,7,7,0.273353,0.261529,0.000649,0.00052,0.000129,11,6,9,3,0,0.0,0,0
0.001071,2,2,146,178,31,29,545284.75,664799.25,0,0,0.011,0.009,0.0,0.0,0.0,1,7,2,2,0,0.0,0,0
1.320811,60,14,68197,612,254,252,406180.75,3446.367432,27,1,22.386627,94.873766,0.179421,0.086859,0.092562,1,1,1,1,1,0.0,0,1
5.76077,340,746,18162,1087890,31,29,25148.02734,1508731.625,2,370,16.992364,7.731941,0.0006,0.000468,0.000132,17,16,9,8,0,0.0,0,0
0.266134,8,12,424,8824,31,29,11152.27734,243155.7031,1,4,37.970286,24.153817,0.000568,0.000441,0.000127,2,5,6,2,0,0.0,0,0
0.470994,10,8,770,1360,62,252,11770.85059,20212.57227,2,2,52.228556,60.18,0.091927,0.049725,0.042202,1,1,1,1,1,1.0,0,1
1.565023,12,28,1202,29548,62,252,5633.144043,145648.9844,2,11,142.213369,55.253446,0.208378,0.073167,0.135211,1,1,5,1,1,1.0,0,1
0.031761,122,126,7816,15188,31,29,1952583.25,3795346.25,30,32,0.261667,0.249624,0.000726,0.000553,0.000173,14,2,2,1,0,0.0,0,0
0.00304,6,8,320,1862,31,29,702631.5625,4289473.5,1,2,0.5372,0.351714,0.000722,0.000574,0.000148,3,5,7,5,0,0.0,0,0
1.00543,12,18,1580,10168,31,29,11529.39551,76417.05469,3,5,91.372361,59.106826,0.000746,0.000611,0.000135,1,4,2,1,0,1.0,0,0
0.726978,14,14,778,764,254,252,7956.224121,7813.166016,4,4,55.921386,50.745691,0.139624,0.066688,0.072936,9,4,5,4,1,0.0,0,1
0.004728,4,4,568,320,31,29,720812.1875,406091.3438,0,0,1.222333,1.083,0.0,0.0,0.0,9,6,3,3,0,0.0,0,0
0.283994,10,6,1216,268,254,252,30845.72266,6309.992676,2,1,29.013222,47.933602,0.080128,0.044318,0.03581,3,1,1,1,1,0.0,0,1
0.003878,8,10,1028,824,31,29,1856627.125,1530685.875,2,2,0.505714,0.372222,0.000657,0.000523,0.000134,2,2,9,1,0,1.0,0,0
1.334548,10,8,812,2722,62,252,4382.007812,14278.99219,2,2,148.154667,178.138281,0.269286,0.087579,0.181707,2,2,2,2,1,4.0,0,1
0.020984,54,56,3302,40478,31,29,1235608.125,15156691.0,7,21,0.389906,0.37737,0.00073,0.000595,0.000135,10,1,2,1,0,0.0,0,0
0.022933,48,50,2974,30814,31,29,1016177.5,10534339.0,7,18,0.481277,0.458061,0.000602,0.000484,0.000118,12,2,2,1,0,0.0,0,0
0.188184,10,6,850,268,254,252,32521.36328,9522.595703,2,1,19.617556,36.270602,0.050859,0.006825,0.044034,1,1,1,1,1,1.0,0,1
1.006531,12,18,1580,10168,31,29,11516.78418,76333.46875,3,5,91.471543,59.175003,0.000736,0.000552,0.000184,8,3,1,1,0,0.0,0,0
1.009769,14,18,1684,10168,31,29,12390.95313,76088.69531,3,5,77.648305,59.367353,0.000642,0.00052,0.000122,1,2,2,2,0,1.0,0,0
3e-06,2,0,200,0,254,0,266666656.0,0.0,0,0,0.003,0.0,0.0,0.0,0.0,13,7,10,7,2,0.0,0,1
0.221905,10,6,1506,268,254,252,48885.78516,8075.527832,2,1,22.126778,38.877801,0.071211,0.027505,0.043706,10,3,3,3,1,0.0,0,1
0.001053,2,2,130,162,31,29,493827.1563,615384.625,0,0,0.009,0.009,0.0,0.0,0.0,1,3,2,2,0,0.0,0,0
1.015135,12,10,994,810,254,252,7187.221191,5745.04834,3,2,86.903636,102.302445,0.213606,0.094403,0.119203,2,2,1,1,1,0.0,0,1
1.006957,12,18,1580,10168,31,29,11511.91113,76301.17188,3,5,91.509456,59.204057,0.000622,0.000485,0.000137,2,1,5,1,0,1.0,0,0
0.401533,28,30,4392,3080,31,29,84396.54688,59332.60547,7,7,14.857926,13.826345,0.000697,0.000565,0.000132,7,9,4,4,0,0.0,0,0
0.510614,10,6,1114,268,254,252,15714.41504,3509.500488,2,1,55.124444,98.970602,0.023158,0.015752,0.007406,1,1,1,1,1,1.0,0,1
0.052052,52,54,2934,3742,31,29,442326.9063,564512.4375,11,15,1.014451,0.971132,0.000706,0.000579,0.000127,1,6,11,4,0,0.0,0,0
0.047004,48,50,2974,32564,31,29,495787.5938,5431538.0,7,18,0.993191,0.956417,0.001253,0.001088,0.000165,8,1,3,1,0,0.0,0,0
0.360775,54,40,37896,3276,31,29,824780.0,70847.48438,19,8,6.80049,9.23618,0.000727,0.00056,0.000167,2,7,3,3,0,0.0,0,0
5e-06,2,0,180,0,254,0,144000000.0,0.0,0,0,0.005,0.0,0.0,0.0,0.0,4,3,3,2,2,0.0,0,1
0.22108,10,8,810,1720,62,252,26379.58984,54459.92188,2,2,24.564444,29.936572,0.051402,0.006398,0.045004,2,1,1,1,1,1.0,0,1
0.00363,6,8,320,1850,31,29,588429.75,3568044.25,1,2,0.6624,0.452429,0.000588,0.000458,0.00013,7,10,5,2,0,0.0,0,0
0.418874,10,8,808,1594,62,252,13903.94238,26642.85742,2,2,46.541556,44.946715,0.112478,0.050559,0.061919,1,1,1,1,1,1.0,0,1
0.018174,16,18,1540,1644,31,29,635633.3125,683613.9375,4,4,1.1882,1.040412,0.000623,0.000482,0.000141,13,9,10,7,0,0.0,0,0
0.001683,4,4,544,304,31,29,1939393.875,1083779.0,0,0,0.441,0.201,0.0,0.0,0.0,3,3,4,3,0,0.0,0,0
1.076263,12,14,1156,5192,62,252,7879.115234,35842.54297,3,4,97.842089,74.618385,0.125137,0.05016,0.074977,1,1,2,1,1,1.0,0,1
0.960592,78,28,82366,2022,62,252,677174.125,16239.98535,36,8,12.475221,32.817371,0.085907,0.024602,0.061305,1,2,1,1,1,0.0,0,1
0.028315,52,42,37182,3380,31,29,10303231.0,932368.0,18,8,0.548294,0.678,0.000651,0.000513,0.000138,1,5,3,2,0,0.0,0,0
0.471904,16,18,1540,1644,31,29,24479.55469,26327.38867,4,4,31.435867,27.728766,0.00065,0.000504,0.000146,11,4,7,4,0,0.0,0,0
0.245584,12,26,848,29196,62,252,25343.67188,914522.125,2,11,22.325818,6.92948,0.097351,0.044262,0.053089,1,1,3,1,1,1.0,0,1
0.26268,10,8,970,1026,254,252,26587.48438,27348.86523,2,2,29.186667,36.19657,0.053761,0.008615,0.045146,1,1,1,1,1,1.0,0,1
0.23651,10,6,818,268,254,252,24929.17969,7576.84668,2,1,24.160778,44.169602,0.066687,0.015652,0.051035,4,1,2,1,1,0.0,0,1
0.205022,10,6,1350,268,254,252,47409.54297,8740.525391,2,1,21.536111,33.902,0.069715,0.035507,0.034208,2,1,1,1,1,1.0,0,1
0.200928,16,18,1540,1644,31,29,57493.23047,61833.09375,4,4,13.3736,11.788059,0.000654,0.00053,0.000124,5,8,6,3,0,0.0,0,0
1.005609,12,18,1580,10168,31,29,11527.34277,76403.45313,3,5,91.388183,59.121119,0.000672,0.000546,0.000126,2,4,2,2,0,4.0,0,0
1.3e-05,2,0,1274,0,254,0,392000000.0,0.0,0,0,0.013,0.0,0.0,0.0,0.0,1,1,1,1,2,0.0,0,1
5e-06,2,0,200,0,254,0,160000000.0,0.0,0,0,0.005,0.0,0.0,0.0,0.0,11,2,2,2,2,0.0,0,1
0.026022,38,40,2438,19422,31,29,729844.0,5821843.0,7,13,0.692351,0.687946,0.000688,0.000558,0.00013,5,8,4,1,0,0.0,0,0
0.035917,122,126,7812,15048,31,29,1725756.625,3325222.25,30,32,0.294017,0.283528,0.000585,0.000446,0.000139,2,1,4,1,0,0.0,0,0
1.005764,14,18,1684,10168,31,29,12440.29395,76391.67969,3,5,77.339002,59.126588,0.000768,0.000608,0.00016,1,9,2,1,0,1.0,0,0
0.001235,2,2,146,178,31,29,472874.5,576518.25,0,0,0.011,0.008,0.0,0.0,0.0,2,3,5,2,0,0.0,0,0
0.017022,44,46,2766,26160,31,29,1270826.0,12027728.0,7,16,0.388233,0.365756,0.0007,0.000559,0.000141,10,1,5,1,0,0.0,0,0
0.03806,72,74,4238,60892,31,29,878612.75,12626380.0,7,30,0.531535,0.513233,0.000725,0.000583,0.000142,15,1,2,1,0,0.0,0,0
0.014871,36,38,2334,16822,31,29,1221168.75,8811781.0,7,12,0.415257,0.385972,0.001129,0.000975,0.000154,5,3,3,2,0,0.0,0,0
2.844582,10,10,1124,1772,254,252,2846.112305,4485.720215,2,2,316.064667,303.898,0.15912,0.10841,0.05071,3,2,2,3,1,1.0,0,1
0.023507,4,4,528,304,31,29,134768.3594,77593.90625,0,0,2.801,7.484,0.0,0.0,0.0,15,9,5,4,0,0.0,0,0
0.182299,22,24,1920,4312,31,29,80439.27344,181372.3594,6,6,8.664381,7.896304,0.000824,0.000674,0.00015,2,4,2,1,0,0.0,0,0
0.001791,4,4,536,304,31,29,1795644.875,1018425.438,0,0,0.473667,0.217667,0.0,0.0,0.0,6,4,6,4,0,0.0,0,0
0.020989,54,56,3302,40478,31,29,1235313.75,15153080.0,7,21,0.383528,0.37,0.000785,0.000629,0.000156,6,5,5,1,0,0.0,0,0
0.004594,4,4,568,304,31,29,741837.1875,397039.625,0,0,1.232667,1.036333,0.0,0.0,0.0,6,5,3,3,0,0.0,0,0
0.0507,52,40,37466,3276,31,29,5798185.0,504142.0,18,8,0.987078,1.285436,0.00074,0.000563,0.000177,1,4,2,1,0,0.0,0,0
0.018676,16,18,1540,1644,31,29,618547.875,665238.8125,4,4,1.223867,1.071,0.000586,0.000465,0.000121,8,8,5,3,0,0.0,0,0
7e-06,2,0,200,0,254,0,114285712.0,0.0,0,0,0.007,0.0,0.0,0.0,0.0,10,6,9,6,2,0.0,0,1
2.434602,52,54,2934,3742,31,29,9456.987305,12069.32422,11,15,47.731037,45.925848,0.000664,0.000528,0.000136,1,3,2,2,0,0.0,0,0
0.447253,32,14,27750,764,254,252,480855.375,12699.74707,13,4,14.427516,29.398309,0.097564,0.056825,0.040739,4,1,1,1,1,0.0,0,1
1.314461,10,8,1056,354,254,252,5787.923828,1886.704956,2,1,157.780877,165.916422,0.235917,0.153038,0.082879,1,1,3,1,1,1.0,0,1
0.000912,2,2,130,162,31,29,570175.4375,710526.3125,0,0,0.001,0.003,0.0,0.0,0.0,4,7,2,1,0,0.0,0,0
1.295191,10,8,1040,354,254,252,5781.38623,1914.775391,2,1,137.506111,175.950141,0.142141,0.063537,0.078604,1,1,1,1,1,1.0,0,1
0.467095,10,6,836,268,254,252,12896.73438,3836.47876,2,0,10782.353,17969.93,0.26045,0.142301,0.118149,9,2,2,2,1,0.0,0,1
0.516407,10,8,948,964,62,252,13229.875,13074.95801,2,2,57.378556,59.15443,0.152171,0.1017,0.050471,3,2,3,2,1,1.0,0,1
0.300332,4,4,568,312,31,29,11347.44141,6233.102051,0,0,84.346,94.998664,0.0,0.0,0.0,3,3,2,2,0,0.0,0,0
0.001036,2,2,146,178,31,29,563706.5625,687258.6875,0,0,0.01,0.008,0.0,0.0,0.0,2,2,4,2,0,0.0,0,0
0.768822,10,16,834,12280,62,252,7814.552734,119798.8594,2,5,85.411,45.606601,0.206446,0.08472,0.121726,2,8,2,1,1,1.0,0,1
1.08489,12,18,1580,10168,31,29,10684.9541,70820.08594,3,5,98.592727,63.785764,0.000652,0.000527,0.000125,2,2,3,1,0,1.0,0,0
0.004942,4,4,568,312,31,29,689599.375,378794.0313,0,0,1.286333,1.130667,0.0,0.0,0.0,8,4,4,4,0,0.0,0,0
0.351436,10,8,848,1558,254,252,17391.50195,31049.75195,2,2,39.048444,36.041715,0.081538,0.045881,0.035657,1,1,1,1,1,1.0,0,1
0.537297,8,6,2376,1078,254,252,30954.94531,13385.52051,2,2,76.740717,98.984398,0.105365,0.042351,0.063014,1,5,1,1,1,0.0,0,1
0.03176,66,68,3926,54818,31,29,974055.4375,13605038.0,7,27,0.491297,0.466701,0.000624,0.000485,0.000139,6,2,3,1,0,0.0,0,0
1.317284,10,10,828,1310,62,252,4530.53418,7160.187012,2,2,146.364889,132.045109,0.252599,0.127789,0.12481,1,1,17,1,1,1.0,0,1
0.019836,48,50,2974,30516,31,29,1174833.625,12061303.0,7,18,0.415298,0.38251,0.001249,0.001082,0.000167,6,2,2,1,0,0.0,0,0
0.011915,40,42,2542,21294,31,29,1664456.5,13956861.0,7,14,0.296974,0.278707,0.000618,0.000484,0.000134,7,1,2,1,0,0.0,0,0
0.037402,122,126,7816,14968,31,29,1658093.125,3176300.75,30,32,0.306182,0.295424,0.000602,0.00047,0.000132,12,3,2,1,0,0.0,0,0
0.013465,42,44,2646,24692,31,29,1534645.375,14337022.0,7,15,0.320537,0.300093,0.000702,0.000557,0.000145,4,2,3,2,0,0.0,0,0
0.98856,28,30,4320,3080,31,29,33713.68359,24099.69922,7,7,36.599998,34.072207,0.000591,0.000458,0.000133,7,2,2,1,0,0.0,0,0
3e-06,2,0,78,0,254,0,104000000.0,0.0,0,0,0.003,0.0,0.0,0.0,0.0,9,1,1,1,2,0.0,0,1
0.009891,32,26,3728,5578,31,29,2921443.75,4338489.5,7,7,0.319065,0.36844,0.000625,0.000516,0.000109,2,4,3,2,0,0.0,0,0
0.00106,2,2,146,178,31,29,550943.375,671698.0625,0,0,0.011,0.009,0.0,0.0,0.0,4,6,7,2,0,0.0,0,0
1.1e-05,2,0,464,0,254,0,168727264.0,0.0,0,0,0.011,0.0,0.0,0.0,0.0,7,2,1,1,2,0.0,0,1
0.691427,6,8,320,1924,31,29,3089.263184,19484.3418,1,2,138.2194,98.70457,0.000595,0.000472,0.000123,3,3,2,2,0,0.0,0,0
7e-06,2,0,114,0,254,0,65142856.0,0.0,0,0,0.007,0.0,0.0,0.0,0.0,11,4,4,4,2,0.0,0,1
0.216322,10,10,784,4244,62,252,26109.22461,141270.875,2,3,24.035778,22.666556,0.050949,0.006462,0.044487,1,1,1,1,1,1.0,0,1
0.68838,10,8,836,1060,62,252,8750.980469,10784.74121,2,2,76.486667,81.354289,0.169556,0.091634,0.077922,1,2,1,1,1,1.0,0,1
8.825091,324,746,17330,1087890,31,29,15661.70801,984857.3125,2,370,27.321245,11.845094,0.000645,0.000493,0.000152,3,5,2,2,0,4.0,0,0
1.1e-05,2,0,114,0,254,0,41454544.0,0.0,0,0,0.011,0.0,0.0,0.0,0.0,16,4,4,4,2,0.0,0,1
1.1e-05,2,0,114,0,254,0,41454544.0,0.0,0,0,0.011,0.0,0.0,0.0,0.0,7,4,3,3,2,0.0,0,1
0.2328,10,14,804,9504,62,252,24879.72461,303298.9688,2,5,25.866667,14.957308,0.078341,0.025442,0.052899,1,1,1,1,1,1.0,0,1
1.813606,10,8,564,354,254,252,2240.8396,1367.441406,2,1,192.830778,246.556281,0.190103,0.08771,0.102393,2,2,1,1,1,0.0,0,1
4e-06,2,0,200,0,254,0,200000000.0,0.0,0,0,0.004,0.0,0.0,0.0,0.0,10,2,6,2,2,0.0,0,1
2e-06,2,0,104,0,254,0,208000000.0,0.0,0,0,0.002,0.0,0.0,0.0,0.0,4,2,2,2,2,0.0,0,1
0.81277,62,58,5928,8010,31,29,57413.53516,77483.17188,14,17,13.324098,14.244982,0.000799,0.000637,0.000162,2,4,1,1,0,0.0,0,0
0.521974,10,6,916,268,254,252,12644.30762,3433.121094,2,1,57.997111,96.362,0.07624,0.024204,0.052036,1,1,1,1,1,1.0,0,1
0.006301,24,26,2062,2424,31,29,2510077.75,2959530.25,6,7,0.25887,0.22936,0.000685,0.000556,0.000129,11,2,7,1,0,0.0,0,0
0.032049,48,50,2974,33882,31,29,727136.5625,8288558.0,7,18,0.674596,0.656625,0.00069,0.000527,0.000163,7,1,3,1,0,0.0,0,0
1.009718,4,0,360,0,254,0,2139.211182,0.0,0,0,336.572656,0.0,0.0,0.0,0.0,3,2,2,2,2,0.0,0,1
0.004169,14,6,8928,320,31,29,15909811.0,512353.0938,4,1,0.320692,0.7058,0.000638,0.000504,0.000134,3,6,9,4,0,0.0,0,0
0.614031,10,8,758,354,254,252,8898.573242,4038.884033,2,1,68.225667,79.732141,0.112843,0.054863,0.05798,9,2,3,2,1,0.0,0,1
1.2e-05,2,0,114,0,254,0,38000000.0,0.0,0,0,0.012,0.0,0.0,0.0,0.0,6,2,2,2,2,0.0,0,1
23.973089,512,982,28658,1256614,31,29,9545.036133,418914.7188,43,447,46.913423,24.436845,0.000692,0.000542,0.00015,13,10,2,2,0,0.0,0,0
0.518283,10,10,820,1396,62,252,11391.45996,19402.52734,2,2,57.587,52.275445,0.10064,0.047031,0.053609,5,2,2,5,1,1.0,0,1
0.019986,48,50,2974,32400,31,29,1166016.25,12709697.0,7,18,0.417106,0.395388,0.000742,0.000601,0.000141,4,2,3,1,0,0.0,0,0
8e-06,2,0,114,0,254,0,57000000.0,0.0,0,0,0.008,0.0,0.0,0.0,0.0,7,4,4,4,2,0.0,0,1
1.87661,52,54,2934,3740,31,29,12268.93164,15649.49512,11,15,36.789785,35.397152,0.000675,0.000556,0.000119,1,3,6,3,0,0.0,0,0
0.230866,10,6,1056,268,254,252,32954.17969,7762.078613,2,1,23.098444,44.816199,0.048938,0.006784,0.042154,2,1,1,1,1,1.0,0,1
0.001077,2,2,146,178,31,29,542246.9375,661095.625,0,0,0.011,0.009,0.0,0.0,0.0,4,3,7,2,0,0.0,0,0
0.274035,12,8,1008,762,254,252,26974.65625,19471.96484,3,2,23.627183,35.014,0.063441,0.028936,0.034505,9,3,3,3,1,0.0,0,1
1.185002,12,18,1580,10168,31,29,9782.262695,64837.02344,3,5,107.696452,69.678469,0.000579,0.000465,0.000114,1,2,2,1,0,1.0,0,0
0.013956,36,38,2334,15722,31,29,1301232.375,8775580.0,7,12,0.388743,0.363243,0.000627,0.000506,0.000121,11,5,2,1,0,0.0,0,0
1e-05,2,0,168,0,254,0,67200000.0,0.0,0,0,0.01,0.0,0.0,0.0,0.0,1,1,1,1,2,0.0,0,1
0.035086,78,80,4550,71834,31,29,1024226.25,16174429.0,7,33,0.451312,0.442256,0.000743,0.000585,0.000158,4,4,5,4,0,0.0,0,0
0.109987,68,70,4014,58994,31,29,287670.375,4229736.5,7,28,1.636776,1.586072,0.000677,0.000544,0.000133,10,3,3,2,0,0.0,0,0
0.043452,52,42,37244,3380,31,29,6725214.5,607567.0,18,8,0.844451,1.047512,0.000625,0.000502,0.000123,1,2,4,2,0,0.0,0,0
1.934736,24,20,9008,1872,62,252,35696.85938,7356.04248,9,8,84.118957,96.097578,0.130652,0.076225,0.054427,1,1,1,1,1,0.0,0,1
0.144424,64,66,3806,52014,31,29,207555.5156,2837533.75,7,26,2.286794,2.213031,0.000713,0.000574,0.000139,8,2,5,2,0,0.0,0,0
0.182815,10,6,1990,268,254,252,78374.3125,9802.258789,2,1,18.800444,35.127602,0.052788,0.007167,0.045621,1,1,1,1,1,1.0,0,1
7e-06,2,0,104,0,254,0,59428572.0,0.0,0,0,0.007,0.0,0.0,0.0,0.0,2,2,1,1,2,0.0,0,1
0.021145,48,50,2974,31328,31,29,1102104.5,11615796.0,7,18,0.443043,0.43025,0.00062,0.000489,0.000131,4,1,2,1,0,0.0,0,0
0.021285,16,18,1540,1644,31,29,542729.625,583697.4375,4,4,1.397533,1.223471,0.000613,0.000482,0.000131,12,10,17,7,0,0.0,0,0
0.377742,10,6,1590,268,254,252,30306.40039,4743.979004,2,1,38.618889,65.892398,0.136927,0.048272,0.088655,6,1,1,1,1,0.0,0,1
1.009132,14,18,1684,10168,31,29,12398.77441,76136.71875,3,5,77.598849,59.331708,0.000653,0.000489,0.000164,2,5,2,1,0,1.0,0,0
1.316019,12,18,1580,10168,31,29,8808.382812,58382.13281,3,5,119.607361,77.382178,0.000643,0.000519,0.000124,2,5,4,1,0,1.0,0,0
0.001263,2,2,146,178,31,29,462391.1563,563737.125,0,0,0.001,0.001,0.0,0.0,0.0,5,2,2,1,0,0.0,0,0
0.477996,10,8,808,1422,62,252,12184.20215,20836.99414,2,2,53.006333,63.28,0.056807,0.035027,0.02178,2,1,2,1,1,1.0,0,1
1.07079,14,18,1684,10168,31,29,11684.83008,71752.625,3,5,81.358459,62.953412,0.000751,0.000577,0.000174,2,9,3,1,0,1.0,0,0
0.582107,14,12,836,604,254,252,10678.44922,7613.720215,4,4,42.364692,49.759727,0.100713,0.034746,0.065967,1,1,8,1,1,0.0,0,1
0.066155,90,92,5174,91072,31,29,618789.1875,10893568.0,7,39,0.738213,0.719879,0.0008,0.000639,0.000161,20,4,6,2,0,0.0,0,0
0.313536,10,10,806,4264,62,252,18524.18945,97928.14844,2,3,34.837333,33.327222,0.059615,0.012933,0.046682,2,1,1,1,1,1.0,0,1
1.005849,12,18,1580,10168,31,29,11524.59277,76385.21875,3,5,91.408544,59.13635,0.00066,0.000526,0.000134,18,3,5,3,0,6.0,0,0
0.245386,10,6,878,268,254,252,25787.94141,7302.779785,2,1,25.250333,39.883,0.075764,0.045964,0.0298,1,1,2,1,1,1.0,0,1
0.007372,24,26,2062,2424,31,29,2145415.25,2529571.5,6,7,0.305913,0.2722,0.000727,0.000566,0.000161,6,5,3,2,0,0.0,0,0
0.272324,10,8,812,2154,62,252,21474.41992,55375.21484,2,2,30.258222,32.259,0.055731,0.045765,0.009966,2,1,1,1,1,1.0,0,1
0.372396,22,24,1920,4312,31,29,39377.4375,88787.20313,6,6,17.71781,16.168044,0.000668,0.000528,0.00014,2,2,4,1,0,0.0,0,0
2e-06,2,0,114,0,254,0,228000000.0,0.0,0,0,0.002,0.0,0.0,0.0,0.0,12,5,5,5,2,0.0,0,1
3e-06,2,0,168,0,254,0,224000000.0,0.0,0,0,0.003,0.0,0.0,0.0,0.0,2,1,1,1,2,0.0,0,1
0.813695,8,6,670,268,254,252,5771.204102,2202.299316,2,1,111.658141,145.143,0.149729,0.08797,0.061759,4,2,1,1,1,0.0,0,1
1.655665,10,14,836,8342,62,252,3638.416992,37432.69141,2,4,183.962778,114.194071,0.295239,0.170345,0.124894,2,3,2,2,1,1.0,0,1
1.005987,12,18,1580,10168,31,29,11523.01074,76374.74219,3,5,91.421634,59.144824,0.000655,0.00052,0.000135,2,6,2,2,0,1.0,0,0
9.530045,346,746,18474,1087890,31,29,15463.5166,912005.8125,2,370,27.622392,12.791285,0.000657,0.00053,0.000127,1,4,3,1,0,1.0,0,0
0.001657,4,4,520,304,31,29,1882920.875,1100784.5,0,0,0.430333,0.189333,0.0,0.0,0.0,15,5,7,3,0,0.0,0,0
0.001058,2,2,146,178,31,29,551984.875,672967.875,0,0,0.021,0.018,0.0,0.0,0.0,1,2,1,1,0,0.0,0,0
1.428784,10,8,1292,354,254,252,6511.831055,1735.741699,2,1,154.344444,188.606422,0.216481,0.108536,0.107945,2,1,1,1,1,1.0,0,1
0.020693,46,48,2854,31538,31,29,1079398.75,11938723.0,7,17,0.4518,0.429979,0.000605,0.000481,0.000124,4,2,4,1,0,0.0,0,0
4e-06,2,0,104,0,254,0,104000000.0,0.0,0,0,0.004,0.0,0.0,0.0,0.0,3,1,2,1,2,0.0,0,1
0.482455,14,6,6830,268,254,252,105178.7266,3714.336182,4,1,37.111924,82.989203,0.155632,0.066756,0.088876,8,1,2,1,1,0.0,0,1
0.047933,72,74,4222,62044,31,29,694970.0625,10215259.0,7,30,0.680286,0.648562,0.000726,0.00058,0.000146,9,2,4,1,0,0.0,0,0
1.408636,118,122,7592,14622,31,29,42753.41797,82366.20313,29,31,12.036658,11.637207,0.001693,0.00053,0.001163,4,8,2,2,0,0.0,0,0
0.001072,2,2,146,178,31,29,544776.125,664179.125,0,0,0.01,0.007,0.0,0.0,0.0,7,8,10,7,0,0.0,0,0
0.608393,10,8,854,354,254,252,10111.88477,4076.3125,2,1,63.088,77.392,0.114006,0.06664,0.047366,1,1,1,1,1,1.0,0,1
1.019339,28,30,4560,3080,31,29,34516.48828,23372.00977,7,7,37.741777,35.129551,0.000735,0.000578,0.000157,16,19,14,5,0,0.0,0,0
3e-06,2,0,114,0,254,0,152000000.0,0.0,0,0,0.003,0.0,0.0,0.0,0.0,14,3,3,3,2,0.0,0,1
0.001097,2,2,146,178,31,29,532361.0,649042.875,0,0,0.011,0.008,0.0,0.0,0.0,1,5,3,3,0,0.0,0,0
1.43424,10,8,564,354,254,252,2833.556396,1729.138794,2,1,159.36,195.703578,0.124582,0.063637,0.060945,2,1,1,1,1,0.0,0,1
0.015892,44,46,2750,27344,31,29,1353133.625,13465894.0,7,16,0.370762,0.339422,0.000762,0.000607,0.000155,17,4,6,1,0,0.0,0,0
0.064685,46,46,2870,28404,31,29,347282.9688,3436592.5,7,16,1.427022,1.425667,0.000648,0.000525,0.000123,12,5,1,1,0,0.0,0,0
0.030042,72,74,4222,63010,31,29,1108847.625,16552560.0,7,30,0.417873,0.404479,0.000659,0.000512,0.000147,2,4,2,2,0,0.0,0,0
0.647812,52,42,37110,3380,31,29,449476.0625,40752.5625,18,8,12.695137,15.788464,0.000611,0.000482,0.000129,1,1,1,1,0,0.0,0,0
0.872767,10,8,828,354,254,252,6838.022461,2841.537354,2,1,92.359667,113.974141,0.126809,0.074943,0.051866,1,1,2,1,1,1.0,0,1
9e-06,2,0,114,0,254,0,50666664.0,0.0,0,0,0.009,0.0,0.0,0.0,0.0,10,3,3,3,2,0.0,0,1
0.047096,6,8,320,1924,31,29,45354.17188,286054.0313,1,2,9.348,6.649429,0.000668,0.000547,0.000121,10,8,15,8,0,0.0,0,0
0.017953,44,46,2750,27730,31,29,1197794.25,12088454.0,7,16,0.410163,0.386733,0.000662,0.000539,0.000123,11,3,6,1,0,0.0,0,0
0.001048,2,2,146,178,31,29,557251.9375,679389.375,0,0,0.008,0.008,0.0,0.0,0.0,2,2,1,1,0,0.0,0,0
0.000984,2,2,130,162,31,29,528455.25,658536.5625,0,0,0.01,0.001,0.0,0.0,0.0,3,6,4,2,0,0.0,0,0
1.010696,12,18,1580,10168,31,29,11469.32324,76018.89844,3,5,91.849724,59.422767,0.00062,0.000505,0.000115,2,3,3,4,0,4.0,0,0
0.459826,10,8,832,1226,62,252,13031.0166,18667.93164,2,2,50.946444,57.118,0.130728,0.059992,0.070736,1,1,1,1,1,1.0,0,1
1.013683,14,18,1684,10168,31,29,12343.10938,75794.89844,3,5,77.949387,59.596412,0.000728,0.00054,0.000188,1,4,7,2,0,1.0,0,0
1.1e-05,2,0,114,0,254,0,41454544.0,0.0,0,0,0.011,0.0,0.0,0.0,0.0,20,7,7,7,2,0.0,0,1
4e-06,2,0,114,0,254,0,114000000.0,0.0,0,0,0.004,0.0,0.0,0.0,0.0,11,3,3,3,2,0.0,0,1
0.040926,38,40,2438,19138,31,29,464057.0938,3647559.25,7,13,1.097351,1.034538,0.000731,0.000576,0.000155,7,3,4,1,0,0.0,0,0
7e-06,2,0,114,0,254,0,65142856.0,0.0,0,0,0.007,0.0,0.0,0.0,0.0,15,8,7,7,2,0.0,0,1
0.026796,64,66,3806,50996,31,29,1118674.375,14994477.0,7,26,0.420333,0.403369,0.00071,0.000574,0.000136,9,4,4,1,0,0.0,0,0
8e-06,2,0,114,0,254,0,57000000.0,0.0,0,0,0.008,0.0,0.0,0.0,0.0,13,4,5,4,2,0.0,0,1
0.0,1,0,46,0,0,0,0.0,0.0,0,0,60000.736,0.0,0.0,0.0,0.0,2,2,2,2,2,0.0,1,0
0.001566,4,4,504,304,31,29,1931034.375,1164750.875,0,0,0.395,0.193667,0.0,0.0,0.0,5,5,4,3,0,0.0,0,0
0.011862,40,42,2542,21874,31,29,1671893.375,14401618.0,7,14,0.295641,0.275829,0.000728,0.00055,0.000178,4,2,2,1,0,0.0,0,0
1.1e-05,2,0,200,0,254,0,72727272.0,0.0,0,0,0.011,0.0,0.0,0.0,0.0,12,4,11,4,2,0.0,0,1
2.532312,12,10,876,2712,62,252,2536.812256,7711.530273,2,3,230.210187,272.967125,0.122513,0.074959,0.047554,1,1,1,1,1,1.0,0,1
0.629097,14,6,7848,268,254,252,92678.875,2848.527344,4,1,46.024461,101.307398,0.180666,0.122552,0.058114,1,1,1,1,1,1.0,0,1
0.259112,4,4,568,304,31,29,13152.61328,7039.426758,0,0,81.340664,70.949336,0.0,0.0,0.0,8,6,5,3,0,0.0,0,0
1.1e-05,2,0,114,0,254,0,41454544.0,0.0,0,0,0.011,0.0,0.0,0.0,0.0,13,4,4,4,2,0.0,0,1
0.03972,122,126,7820,15662,31,29,1562135.0,3129506.75,30,32,0.33084,0.313256,0.000722,0.000558,0.000164,3,1,3,1,0,0.0,0,0
0.026973,48,50,2958,33060,31,29,859229.625,9609313.0,7,18,0.566106,0.540163,0.000878,0.0005,0.000378,12,5,7,1,0,0.0,0,0
0.000778,6,2,1824,104,29,31,15629820.0,534704.375,0,0,0.1556,0.003,0.0,0.0,0.0,1,1,1,1,0,0.0,0,0
0.817097,10,12,804,3574,62,252,7088.509766,32084.31836,2,3,90.788556,69.393821,0.106461,0.053018,0.053443,1,1,1,1,1,1.0,0,1
0.316906,10,6,1308,268,254,252,29737.52344,5654.67334,2,1,30.842778,53.058398,0.106985,0.051611,0.055374,1,1,1,1,1,1.0,0,1
0.032129,122,126,7820,15048,31,29,1931214.75,3717264.75,30,32,0.262653,0.252512,0.000689,0.000561,0.000128,2,3,3,1,0,0.0,0,0
1.321228,10,14,828,8126,62,252,4517.009766,45690.82422,2,4,146.803111,92.604538,0.135539,0.076817,0.058722,2,1,1,1,1,0.0,0,1
0.024995,8,10,1048,824,31,29,293498.7188,237487.5,2,2,3.521571,2.723556,0.000602,0.00048,0.000122,2,3,3,5,0,1.0,0,0
4.003705,344,746,18370,1087890,31,29,36600.09766,2170853.25,2,370,11.671499,5.373466,0.000594,0.000469,0.000125,1,5,1,1,0,0.0,0,0
0.009945,34,36,2230,15236,31,29,1741578.75,11915938.0,7,11,0.291758,0.267657,0.000705,0.000566,0.000139,6,4,5,1,0,0.0,0,0
0.314723,54,12,62001,526,254,252,1546833.125,12277.46289,24,1,5.733849,27.942545,0.055417,0.007346,0.048071,1,1,1,1,1,1.0,0,1
0.847206,60,14,68197,612,254,252,633243.875,5372.955566,27,1,14.343915,61.625691,0.112546,0.046065,0.066481,1,15,3,2,1,1.0,0,1
2.776769,26,116,1500,142427,62,252,4157.350098,406803.75,2,55,108.682158,23.233956,0.267592,0.128082,0.13951,1,1,1,1,1,1.0,0,1
0.729173,22,20,6744,1712,62,252,70633.44531,17850.35938,8,8,34.722524,37.492895,0.050607,0.006217,0.04439,1,1,1,1,1,0.0,0,1
0.011288,38,40,2438,19918,31,29,1682494.625,13763997.0,7,13,0.295459,0.275051,0.000716,0.000557,0.000159,9,2,7,1,0,0.0,0,0
0.000961,2,2,146,178,31,29,607700.3125,740894.9375,0,0,0.007,0.005,0.0,0.0,0.0,1,6,2,1,0,0.0,0,0
0.489551,12,26,2066,27930,62,252,30950.80859,438867.4375,2,11,44.504635,18.19632,0.086067,0.033922,0.052145,1,1,2,1,1,1.0,0,1
5e-06,2,0,114,0,254,0,91200000.0,0.0,0,0,0.005,0.0,0.0,0.0,0.0,7,5,5,5,2,0.0,0,1
1.010441,14,18,1684,10168,31,29,12382.71289,76038.09375,3,5,77.701079,59.410353,0.000606,0.000461,0.000145,2,2,2,2,0,1.0,0,0
0.386139,28,30,4624,3080,31,29,92381.24219,61697.98828,7,7,14.289778,13.295345,0.000707,0.000567,0.00014,14,12,7,7,0,0.0,0,0
0.337157,10,18,828,16602,62,252,17700.95117,372052.1875,2,7,37.461889,17.004705,0.098484,0.047264,0.05122,1,1,1,1,1,0.0,0,1
0.001051,2,2,146,178,31,29,555661.3125,677450.0625,0,0,0.009,0.006,0.0,0.0,0.0,4,7,2,1,0,0.0,0,0
0.005018,4,4,568,320,31,29,679155.0625,382622.5625,0,0,1.308333,1.112333,0.0,0.0,0.0,9,4,6,4,0,0.0,0,0
0.018527,106,114,9400,12298,31,29,4020942.5,5264101.0,26,31,0.173571,0.160071,0.000751,0.000595,0.000156,1,2,1,1,0,0.0,0,0
0.177402,12,16,3455,14792,62,252,142861.9688,625381.875,3,6,16.127454,10.737733,0.056214,0.009909,0.046305,1,1,2,1,1,1.0,0,1
0.001003,2,2,130,162,31,29,518444.6875,646061.875,0,0,0.01,0.009,0.0,0.0,0.0,3,2,2,1,0,0.0,0,0
0.392295,28,30,4744,3080,31,29,93297.13281,60729.80859,7,7,14.517629,13.510655,0.000615,0.000479,0.000136,8,7,4,3,0,0.0,0,0
0.637554,10,8,840,1172,62,252,9486.255859,12874.2041,2,2,70.814889,80.210859,0.150101,0.076068,0.074033,5,1,1,1,1,0.0,0,0
1.749777,20,78,1218,96828,62,252,5294.38916,437024.8438,2,37,92.093525,21.268819,0.230522,0.110694,0.119828,2,2,1,1,1,1.0,0,1
1e-05,2,0,114,0,254,0,45600000.0,0.0,0,0,0.01,0.0,0.0,0.0,0.0,7,3,4,3,2,0.0,0,1
0.675174,128,124,12752,13202,31,29,149922.8281,155171.8594,35,33,5.316331,5.483154,0.000859,0.000594,0.000265,1,4,2,1,0,0.0,0,0
1.006677,14,18,1684,10168,31,29,12429.01074,76322.39063,3,5,77.409849,59.183706,0.000693,0.00055,0.000143,3,7,3,2,0,4.0,0,0
0.50531,12,6,3998,268,254,252,58023.78906,3546.337891,3,1,43.724727,89.563203,0.120044,0.057487,0.062557,3,1,1,1,1,1.0,0,1
9.251813,120,704,6112,963403,62,252,5241.783691,831867.25,2,350,77.745355,13.042889,0.268347,0.095701,0.172646,1,1,1,1,1,1.0,0,1
0.006066,24,24,2158,2464,31,29,2728651.5,3115067.5,6,6,0.24813,0.236565,0.000775,0.000615,0.00016,7,3,3,2,0,0.0,0,0
1.1e-05,2,0,200,0,254,0,72727272.0,0.0,0,0,0.011,0.0,0.0,0.0,0.0,23,4,6,4,2,0.0,0,1
4e-06,2,0,86,0,254,0,86000000.0,0.0,0,0,0.004,0.0,0.0,0.0,0.0,2,1,1,1,2,0.0,0,1
0.442441,10,8,1218,1642,62,252,19835.41406,25983.12695,2,2,49.160111,49.65143,0.07782,0.037363,0.040457,1,1,2,1,1,1.0,0,1
0.830432,10,6,566,268,254,252,4913.105469,2157.913086,2,1,90.183556,138.811406,0.201752,0.136366,0.065386,4,1,1,4,1,1.0,0,1
0.204435,10,8,790,1762,62,252,27823.02344,60341.91797,2,2,22.715,23.746285,0.034225,0.024933,0.009292,1,1,2,1,1,1.0,0,1
0.022007,34,38,2230,14072,31,29,787022.3125,4980960.5,7,11,0.656879,0.58027,0.000998,0.000531,0.000467,8,4,2,1,0,0.0,0,0
0.053385,22,24,1920,4312,31,29,274683.9063,619350.0,6,6,2.525,2.293304,0.000803,0.000628,0.000175,8,3,2,1,0,0.0,0,0
1e-05,2,0,114,0,254,0,45600000.0,0.0,0,0,0.01,0.0,0.0,0.0,0.0,14,4,4,4,2,0.0,0,1
0.218276,8,12,424,8824,31,29,13597.46387,296468.6875,1,4,31.13543,19.681546,0.002011,0.001776,0.000235,6,5,8,3,0,0.0,0,0
0.001077,2,2,146,178,31,29,542246.9375,661095.625,0,0,0.011,0.008,0.0,0.0,0.0,3,6,5,1,0,0.0,0,0
2e-06,2,0,114,0,254,0,228000000.0,0.0,0,0,0.002,0.0,0.0,0.0,0.0,10,3,3,3,2,0.0,0,1
1e-05,2,0,114,0,254,0,45600000.0,0.0,0,0,0.01,0.0,0.0,0.0,0.0,11,3,3,3,2,0.0,0,1
1.153505,12,12,1246,820,254,252,7927.144043,5215.408691,3,4,104.864092,92.734094,0.212065,0.101573,0.110492,2,1,1,1,1,0.0,0,1
0.004849,4,4,568,312,31,29,702825.3125,386059.0,0,0,1.275667,1.101,0.0,0.0,0.0,11,3,5,3,0,0.0,0,0
9e-06,2,0,114,0,254,0,50666664.0,0.0,0,0,0.009,0.0,0.0,0.0,0.0,7,4,4,4,2,0.0,0,1
0.251087,66,66,3910,54798,31,29,122698.5,1719499.5,7,26,3.857923,3.854662,0.000915,0.000523,0.000392,7,3,3,1,0,0.0,0,0
0.367304,4,4,568,320,31,29,9278.417969,5227.277832,0,0,114.335,117.317336,0.0,0.0,0.0,8,2,6,2,0,0.0,0,0
0.244366,10,8,936,1014,62,252,27597.94727,29071.14648,2,2,27.151778,33.177,0.050427,0.005731,0.044696,1,1,1,1,1,1.0,0,1
0.439108,10,8,792,924,62,252,12989.96973,14738.9707,2,2,48.789778,52.96943,0.12651,0.067544,0.058966,1,1,2,1,1,1.0,0,1
1.250361,14,18,1684,10168,31,29,10006.70996,61447.85547,3,5,96.15131,73.515588,0.000722,0.000586,0.000136,2,4,1,1,0,1.0,0,0
0.007068,24,24,2024,4312,31,29,2195812.25,4677985.5,6,6,0.282087,0.280739,0.000736,0.0006,0.000136,3,1,2,1,0,0.0,0,0
5.166306,440,858,24744,1094788,31,29,38229.25,1693299.625,38,390,11.767549,6.027825,0.000579,0.000453,0.000126,10,9,9,2,0,0.0,0,0
1e-05,2,0,114,0,254,0,45600000.0,0.0,0,0,0.01,0.0,0.0,0.0,0.0,14,7,7,7,2,0.0,0,1
1.1e-05,2,0,114,0,254,0,41454544.0,0.0,0,0,0.011,0.0,0.0,0.0,0.0,11,3,3,3,2,0.0,0,1
0.003963,8,10,1038,820,31,29,1834973.5,1489780.375,2,2,0.512571,0.381889,0.000656,0.000517,0.000139,1,6,2,1,0,1.0,0,0
1e-05,2,0,168,0,254,0,67200000.0,0.0,0,0,0.01,0.0,0.0,0.0,0.0,1,1,1,1,2,0.0,0,1
6e-06,2,0,114,0,254,0,76000000.0,0.0,0,0,0.006,0.0,0.0,0.0,0.0,3,3,4,3,2,0.0,0,1
2e-06,2,0,114,0,254,0,228000000.0,0.0,0,0,0.002,0.0,0.0,0.0,0.0,8,7,7,7,2,0.0,0,1
0.001081,2,2,146,178,31,29,540240.5625,658649.4375,0,0,0.011,0.009,0.0,0.0,0.0,2,4,1,1,0,0.0,0,0
1.847537,60,16,68183,698,254,252,290319.4688,2836.208252,27,1,31.310509,114.373266,0.267215,0.131929,0.135286,4,2,4,2,1,4.0,0,1
0.855197,114,198,6874,239062,31,29,63742.03906,2225031.25,11,87,7.565283,4.338609,0.001174,0.000487,0.000687,7,3,3,1,0,0.0,0,0
0.213898,4,2,536,440,254,60,15035.20313,8228.220703,0,0,71.299336,0.006,0.0,0.0,0.0,3,2,3,2,3,0.0,0,1
1.683437,30,12,21968,642,254,252,2799.035645,100917.3516,11,3,56.117689,152.974813,0.0,0.0,0.0,7,5,8,5,1,0.0,0,1
9e-06,2,0,114,0,254,0,50666664.0,0.0,0,0,0.009,0.0,0.0,0.0,0.0,7,4,4,4,2,0.0,0,1
0.001037,2,2,146,178,31,29,563163.0,686595.9375,0,0,0.007,0.003,0.0,0.0,0.0,2,6,2,2,0,0.0,0,0
1.00574,12,18,1580,10168,31,29,11525.84082,76393.5,3,5,91.399362,59.128471,0.000699,0.000552,0.000147,9,1,4,1,0,0.0,0,0
1.1e-05,2,0,114,0,254,0,41454544.0,0.0,0,0,0.011,0.0,0.0,0.0,0.0,14,4,4,4,2,0.0,0,1
3e-06,2,0,114,0,254,0,152000000.0,0.0,0,0,0.003,0.0,0.0,0.0,0.0,7,3,3,3,2,0.0,0,1
0.004173,8,10,1038,824,31,29,1742631.25,1422477.875,2,2,0.535857,0.408,0.000896,0.000491,0.000405,2,2,6,1,0,1.0,0,0
0.047399,6,8,320,1878,31,29,45064.24219,277474.2188,1,2,9.412,6.699429,0.000634,0.000496,0.000138,18,2,19,2,0,0.0,0,0
2.611576,76,464,4032,617411,62,252,12188.80859,1887231.25,2,230,34.821012,5.612147,0.062953,0.012282,0.050671,1,1,1,1,1,0.0,0,1
0.617309,10,6,590,268,254,252,6881.480957,2902.922363,2,1,64.890667,103.424203,0.160141,0.100187,0.059954,6,2,2,2,1,0.0,0,1
14.539797,354,746,18890,1087900,31,29,10364.38184,597775.625,2,370,41.188245,19.515764,0.000704,0.000545,0.000159,1,3,2,1,0,1.0,0,0
3.009895,50,274,2536,350519,62,252,6607.539062,928245.0,2,134,61.426429,10.946801,0.070482,0.031704,0.038778,1,1,1,1,1,1.0,0,1
0.301384,10,6,948,268,254,252,22668.75391,5945.902832,2,1,31.064889,47.665801,0.092522,0.063051,0.029471,1,2,2,2,1,1.0,0,1
0.994005,230,234,24344,29348,31,29,195081.5156,235193.9844,54,67,4.340633,4.25991,0.000796,0.000634,0.000162,1,3,2,1,0,0.0,0,0
0.843509,10,8,1002,354,254,252,8554.739258,2940.098877,2,1,88.662,106.364141,0.172638,0.098958,0.07368,1,1,1,1,1,1.0,0,1
4e-06,2,0,114,0,254,0,114000000.0,0.0,0,0,0.004,0.0,0.0,0.0,0.0,15,5,4,4,2,0.0,0,1
1e-05,2,0,114,0,254,0,45600000.0,0.0,0,0,0.01,0.0,0.0,0.0,0.0,14,7,11,7,2,0.0,0,1
4.5e-05,2,0,168,0,254,0,14933333.0,0.0,0,0,0.045,0.0,0.0,0.0,0.0,1,1,2,1,2,0.0,0,1
0.035636,46,48,2854,31538,31,29,626781.875,6932540.0,7,17,0.784933,0.748064,0.000911,0.000473,0.000438,7,1,4,1,0,0.0,0,0
0.262881,24,26,4352,2872,31,29,126931.9531,84053.23438,7,7,11.415522,10.4958,0.000604,0.000482,0.000122,25,3,19,3,0,0.0,0,0
1.1e-05,2,0,114,0,254,0,41454544.0,0.0,0,0,0.011,0.0,0.0,0.0,0.0,7,3,3,3,2,0.0,0,1
0.016909,40,42,2542,23432,31,29,1172866.5,10822639.0,7,14,0.425256,0.398341,0.000717,0.000566,0.000151,6,3,9,2,0,0.0,0,0
43.154636,2,2,56,92,0,0,5.190636,8.527473,0,0,43154.44,43154.44,0.0,0.0,0.0,2,2,2,2,0,0.0,0,0
2e-06,2,0,264,0,60,0,528000000.0,0.0,0,0,0.002,0.0,0.0,0.0,0.0,13,2,2,2,0,0.0,0,0
0.86058,12,12,1594,682,254,252,13590.83398,5819.331055,3,4,78.234548,71.550633,0.117183,0.059567,0.057616,2,3,3,3,1,0.0,0,1
2e-06,2,0,114,0,254,0,228000000.0,0.0,0,0,0.002,0.0,0.0,0.0,0.0,7,4,4,4,2,0.0,0,1
0.182662,10,6,982,268,254,252,38716.32031,9810.469727,2,1,18.764667,35.111602,0.052586,0.007094,0.045492,1,1,1,1,1,1.0,0,1
0.572561,10,6,1266,268,254,252,15928.43359,3129.797363,2,1,60.398444,99.637203,0.161302,0.074372,0.08693,1,1,1,1,1,1.0,0,1
7e-06,2,0,200,0,254,0,100000000.0,0.0,0,0,0.008,0.0,0.0,0.0,0.0,11,5,5,5,2,0.0,0,1
0.237083,10,8,852,1588,62,252,25881.23047,46903.40625,2,2,26.342556,31.102,0.050244,0.005636,0.044608,3,1,1,1,1,1.0,0,1
1.3335,106,22,129035,1766,254,252,766812.125,10114.73535,50,2,12.7,59.039191,0.146119,0.081122,0.064997,1,1,1,10,1,1.0,0,1
0.013879,42,44,2646,25684,31,29,1488868.0,14468477.0,7,15,0.330537,0.310791,0.000643,0.00051,0.000133,6,3,2,2,0,0.0,0,0
1.159957,14,18,1684,10168,31,29,10786.60645,66236.9375,3,5,89.199387,68.202353,0.000641,0.000513,0.000128,3,3,4,2,0,4.0,0,0
4e-06,2,0,200,0,254,0,114285712.0,0.0,0,0,0.007,0.0,0.0,0.0,0.0,15,6,11,6,2,0.0,0,1
0.180841,10,6,914,268,254,252,36407.67188,9909.257812,2,1,18.589667,33.560602,0.05751,0.013029,0.044481,2,1,1,1,1,1.0,0,1
1.7e-05,2,0,156,0,254,0,36705880.0,0.0,0,0,0.017,0.0,0.0,0.0,0.0,10,2,4,2,2,0.0,0,1
0.807153,10,8,826,1202,62,252,7374.066895,10426.77148,2,2,89.579444,105.91243,0.134244,0.065765,0.068479,3,1,1,3,1,1.0,0,1
0.478337,10,6,1002,268,254,252,15085.59863,3746.312744,2,1,50.591333,88.672602,0.11106,0.034969,0.076091,3,1,6,1,1,0.0,0,1
0.172499,84,86,4862,82538,31,29,222841.875,3783395.75,7,36,2.074446,2.022412,0.000753,0.00059,0.000163,4,1,2,1,0,0.0,0,0
0.565031,10,8,846,2712,62,252,10788.78906,33598.15625,2,2,62.781222,71.910289,0.148621,0.061017,0.087604,1,1,3,1,1,1.0,0,1
0.046507,6,8,320,1930,31,29,45928.57031,290536.9063,1,2,9.238,6.573143,0.000618,0.00049,0.000128,3,1,5,1,0,0.0,0,0
0.279588,10,8,840,2168,62,252,21631.82813,54279.86719,2,2,31.065333,35.841285,0.081635,0.028022,0.053613,2,1,1,1,1,0.0,0,1
0.001001,2,2,130,162,31,29,519480.5,647352.625,0,0,0.007,0.003,0.0,0.0,0.0,2,2,2,2,0,0.0,0,0
1.009306,10,10,902,1314,62,252,6436.105957,9376.740234,2,2,112.039111,100.578555,0.213874,0.104094,0.10978,1,2,3,1,1,1.0,0,1
0.007836,32,34,2126,12618,31,29,2103113.75,12503318.0,7,10,0.241839,0.218303,0.000762,0.000622,0.00014,4,3,3,1,0,0.0,0,0
0.005549,18,18,3840,2456,31,29,5229050.0,3344746.75,7,7,0.308059,0.294059,0.000699,0.000546,0.000153,9,3,3,3,0,0.0,0,0
1.019068,10,12,1010,7272,31,29,7135.932129,52330.16797,2,1,113.19,91.765727,0.0,0.0,0.0,3,3,2,1,0,0.0,0,0
0.034882,78,80,4550,74188,31,29,1030216.125,16802018.0,7,33,0.448987,0.433658,0.000748,0.000615,0.000133,7,9,2,1,0,0.0,0,0
0.169271,22,24,1920,4312,31,29,86630.3125,195331.7344,6,6,8.043095,7.331652,0.000787,0.000632,0.000155,13,2,3,2,0,0.0,0,0
0.001045,2,2,146,178,31,29,558851.625,681339.6875,0,0,0.011,0.009,0.0,0.0,0.0,4,2,3,1,0,0.0,0,0
0.006037,22,24,1920,4312,31,29,2429021.0,5476892.5,6,6,0.2841,0.235217,0.000779,0.000616,0.000163,4,1,1,1,0,0.0,0,0
0.005832,18,18,4480,2456,31,29,5805212.5,3182441.5,7,7,0.323588,0.310176,0.000707,0.000554,0.000153,6,5,3,3,0,0.0,0,0
0.035139,4,4,512,304,31,29,87424.23438,51908.14063,0,0,7.005,7.334333,0.0,0.0,0.0,7,2,5,2,0,0.0,0,0
1.1e-05,2,0,114,0,254,0,41454544.0,0.0,0,0,0.011,0.0,0.0,0.0,0.0,8,4,5,4,2,0.0,0,1
0.010931,40,38,2542,19336,31,29,1814289.625,13779526.0,7,13,0.271308,0.278919,0.000795,0.0006,0.000195,5,2,2,1,0,0.0,0,0
8e-06,2,0,104,0,254,0,52000000.0,0.0,0,0,0.008,0.0,0.0,0.0,0.0,3,1,1,1,2,0.0,0,1
0.001758,4,4,544,304,31,29,1856655.25,1037542.688,0,0,0.445333,0.226,0.0,0.0,0.0,7,7,5,5,0,0.0,0,0
7e-06,2,0,114,0,254,0,65142856.0,0.0,0,0,0.007,0.0,0.0,0.0,0.0,4,3,3,3,2,0.0,0,1
1.060197,10,8,790,354,254,252,5365.040527,2339.187988,2,1,114.649667,142.449719,0.137053,0.06304,0.074013,1,19,18,34,1,1.0,0,1
0.763668,10,12,828,8756,62,252,7814.914551,84088.89844,2,4,84.852,59.478816,0.174317,0.108594,0.065723,1,2,1,1,1,1.0,0,1
1.106892,12,18,1580,10168,31,29,10472.56641,69412.375,3,5,100.595634,65.079999,0.00066,0.000528,0.000132,2,5,4,1,0,1.0,0,0
1.061914,14,18,1684,10168,31,29,11782.49902,72352.375,3,5,81.659459,62.432588,0.000691,0.000557,0.000134,2,1,3,1,0,1.0,0,0
0.586493,10,6,526,268,254,252,6465.550293,3055.449951,2,1,63.223889,102.259203,0.176222,0.075192,0.10103,2,1,1,3,1,1.0,0,1
0.818982,16,18,1540,1644,31,29,14105.31641,15170.05273,4,4,54.576867,48.146469,0.000622,0.000489,0.000133,13,8,7,5,0,0.0,0,0
2.856761,26,22,1358,1612,62,252,3657.288818,4309.775879,7,9,114.270437,135.130047,0.04217,0.01838,0.02379,2,2,2,2,1,0.0,0,1
0.005801,22,24,2054,2478,31,29,2704361.25,3275297.25,6,6,0.258095,0.224478,0.000784,0.000626,0.000158,3,1,1,1,0,0.0,0,0
1e-05,2,0,114,0,254,0,45600000.0,0.0,0,0,0.01,0.0,0.0,0.0,0.0,8,3,3,3,2,0.0,0,1
2.7e-05,2,0,114,0,254,0,16888888.0,0.0,0,0,0.027,0.0,0.0,0.0,0.0,3,3,3,3,2,0.0,0,1
0.046377,6,8,320,1904,31,29,46057.3125,287383.8438,1,2,9.2092,6.555,0.000614,0.000485,0.000129,3,2,3,1,0,0.0,0,0
0.412565,10,6,848,268,254,252,14814.63574,4343.558105,2,1,45.840556,68.439,0.108952,0.038867,0.070085,1,1,1,1,1,1.0,0,1
0.152553,22,24,1920,4312,31,29,96123.96875,216737.7813,6,6,7.247762,6.606131,0.000729,0.000602,0.000127,4,3,3,2,0,0.0,0,0
1.22181,366,746,19514,1087890,31,29,127424.0703,7113590.5,2,370,3.346463,1.638722,0.001122,0.000957,0.000165,1,8,5,3,0,1.0,0,0
0.013175,24,20,2158,1918,31,29,1256318.75,1106944.875,6,5,0.572826,0.656368,0.000665,0.000553,0.000112,3,4,2,1,0,0.0,0,0
1.143227,14,18,1684,10168,31,29,10944.45801,67206.25,3,5,87.905538,67.216706,0.000685,0.00054,0.000145,1,5,3,3,0,1.0,0,0
0.001756,4,4,520,304,31,29,1776765.375,1038724.375,0,0,0.456667,0.208333,0.0,0.0,0.0,15,4,6,3,0,0.0,0,0
0.001028,2,2,146,178,31,29,568093.375,692607.0,0,0,0.008,0.009,0.0,0.0,0.0,3,7,2,2,0,0.0,0,0
0.990518,10,8,910,354,254,252,6614.721191,2503.740479,2,1,109.988889,132.189578,0.136767,0.065183,0.071584,3,1,1,1,1,1.0,0,1
0.063873,62,62,3718,44706,31,29,458284.4063,5509057.0,7,24,1.041787,1.037688,0.000686,0.000565,0.000121,6,1,4,1,0,0.0,0,0
0.725648,10,8,564,354,254,252,5600.511719,3417.63501,2,1,80.627556,96.581859,0.058039,0.048861,0.009178,3,1,1,1,1,0.0,0,1
1e-05,2,0,114,0,254,0,45600000.0,0.0,0,0,0.01,0.0,0.0,0.0,0.0,11,4,4,4,2,0.0,0,1
0.013054,34,34,2230,14636,31,29,1326796.375,8705990.0,7,11,0.386152,0.379667,0.000626,0.00052,0.000106,7,4,3,1,0,0.0,0,0
0.245893,20,8,17286,354,254,252,534281.1875,10085.6875,7,1,12.091685,30.183428,0.090729,0.034606,0.056123,8,4,4,9,1,1.0,0,1
1.036544,10,10,848,1182,62,252,5896.518066,8211.904297,2,2,115.052778,102.429555,0.205792,0.114675,0.091117,1,1,1,1,1,1.0,0,1
0.567755,10,8,806,1160,62,252,10229.76465,14301.94434,2,2,63.083889,70.831289,0.146384,0.071297,0.075087,6,2,2,2,1,0.0,0,1
4e-06,2,0,114,0,254,0,114000000.0,0.0,0,0,0.004,0.0,0.0,0.0,0.0,14,4,6,4,2,0.0,0,1
1.305764,10,8,780,354,254,252,4300.930664,1899.27124,2,1,137.269,172.393578,0.190614,0.099008,0.091606,1,2,5,1,1,1.0,0,1
1.173877,16,10,1216,556,254,252,7769.127441,3414.327148,5,3,74.72253,114.538445,0.202831,0.143029,0.059802,4,2,2,2,1,0.0,0,1
0.001079,2,2,130,162,31,29,481927.7188,600556.125,0,0,0.01,0.001,0.0,0.0,0.0,3,1,8,1,0,0.0,0,0
0.008352,14,6,8928,320,31,29,7941570.5,255747.125,4,1,0.642462,1.5464,0.000625,0.00049,0.000135,3,5,7,4,0,0.0,0,0
1.1e-05,2,0,168,0,254,0,61090908.0,0.0,0,0,0.011,0.0,0.0,0.0,0.0,4,1,2,1,2,0.0,0,1
0.0,1,0,46,0,0,0,0.0,0.0,0,0,60000.676,0.0,0.0,0.0,0.0,2,2,2,2,2,0.0,1,0
2.184577,10,10,1140,892,254,252,3757.249023,2940.61499,2,2,242.730778,230.218328,0.15793,0.080953,0.076977,1,1,1,2,1,1.0,0,1
0.075734,24,24,2158,2464,31,29,218554.4219,249504.8594,6,6,3.277478,2.892609,0.009373,0.009197,0.000176,24,3,7,1,0,0.0,0,0
1.160658,14,18,1684,10168,31,29,10780.0918,66196.92969,3,5,89.254,68.242118,0.00067,0.000538,0.000132,5,10,6,6,0,6.0,0,0
0.607302,10,6,974,268,254,252,11552.73633,2950.755859,2,1,67.425778,111.031602,0.143327,0.052135,0.091192,1,2,16,1,1,1.0,0,1
1e-05,2,0,114,0,254,0,45600000.0,0.0,0,0,0.01,0.0,0.0,0.0,0.0,16,4,4,4,2,0.0,0,1
1.418704,12,18,1580,10168,31,29,8170.837402,54156.46875,3,5,128.942267,83.42094,0.000683,0.000544,0.000139,1,2,2,1,0,1.0,0,0
1.1e-05,2,0,114,0,254,0,41454544.0,0.0,0,0,0.011,0.0,0.0,0.0,0.0,14,3,3,3,2,0.0,0,1
5e-06,2,0,114,0,254,0,91200000.0,0.0,0,0,0.005,0.0,0.0,0.0,0.0,17,7,7,7,2,0.0,0,1
0.367402,222,438,12830,548216,31,29,278125.875,11909897.0,21,197,1.661014,0.839513,0.000667,0.000532,0.000135,6,7,6,4,0,0.0,0,0
0.397662,10,10,822,3964,62,252,14887.01367,71779.54688,2,3,44.184667,37.893556,0.092867,0.030498,0.062369,1,1,1,1,1,1.0,0,1
5e-06,2,0,1448,0,254,0,1158400000.0,0.0,0,0,0.005,0.0,0.0,0.0,0.0,4,1,2,1,2,0.0,0,1
0.583686,10,8,938,354,254,252,11581.56934,4248.859863,2,1,60.575778,76.357,0.113806,0.049179,0.064627,1,4,1,1,1,1.0,0,1
0.431901,10,6,890,268,254,252,14836.7334,4149.099121,2,1,47.989,72.945602,0.109248,0.033587,0.075661,1,1,2,1,1,1.0,0,1
0.016923,48,50,2974,32564,31,29,1377060.875,15086215.0,7,18,0.352766,0.333143,0.000724,0.000588,0.000136,5,2,8,2,0,0.0,0,0
0.001004,2,2,146,178,31,29,581673.3125,709163.375,0,0,0.004,0.009,0.0,0.0,0.0,2,4,3,1,0,0.0,0,0
0.219654,10,6,924,268,254,252,30302.20313,8158.285645,2,1,21.992333,40.788199,0.062564,0.015696,0.046868,1,1,1,1,1,1.0,0,1
0.243525,10,12,866,7826,62,252,25623.65234,235671.9063,2,4,27.058333,21.433909,0.053009,0.006975,0.046034,1,1,1,1,1,1.0,0,1
1.049612,14,18,1684,10168,31,29,11920.59473,73200.38281,3,5,80.707,61.710765,0.00065,0.000525,0.000125,3,3,3,4,0,4.0,0,0
0.043738,66,68,3926,55486,31,29,707302.5625,9999726.0,7,27,0.667723,0.644224,0.000725,0.000572,0.000153,4,1,6,1,0,0.0,0,0
4e-06,2,0,200,0,254,0,72727272.0,0.0,0,0,0.011,0.0,0.0,0.0,0.0,14,6,9,6,2,0.0,0,1
1.010762,14,18,1684,10168,31,29,12378.78027,76013.9375,3,5,77.723151,59.423176,0.000705,0.00056,0.000145,4,8,3,3,0,4.0,0,0
1e-05,2,0,114,0,254,0,45600000.0,0.0,0,0,0.01,0.0,0.0,0.0,0.0,7,4,6,4,2,0.0,0,1
1.1e-05,2,0,200,0,254,0,72727272.0,0.0,0,0,0.011,0.0,0.0,0.0,0.0,10,4,4,4,2,0.0,0,1
4e-06,2,0,114,0,254,0,114000000.0,0.0,0,0,0.004,0.0,0.0,0.0,0.0,12,4,4,4,2,0.0,0,1
0.004398,12,12,1064,2260,31,29,1775352.5,3768986.0,4,4,0.366364,0.341818,0.000785,0.000626,0.000159,5,2,1,1,0,0.0,0,0
0.290345,10,8,1032,1038,254,252,25597.13281,25046.06445,2,2,32.260556,38.787145,0.065158,0.018137,0.047021,1,1,1,1,1,1.0,0,1
0.440921,10,14,914,7496,62,252,14932.37988,126299.2656,2,4,48.991222,30.094692,0.086872,0.039112,0.04776,3,3,2,3,1,1.0,0,1
0.023894,40,42,2542,23278,31,29,829999.125,7608269.5,7,14,0.604513,0.569219,0.000686,0.000549,0.000137,6,3,7,2,0,0.0,0,0
1.477673,10,8,966,354,254,252,4710.108398,1678.314453,2,1,164.185889,192.312281,0.209329,0.0964,0.112929,1,1,1,1,1,1.0,0,1
0.2703,10,6,492,268,254,252,13111.35742,6629.670898,2,1,27.853444,43.598602,0.082918,0.052296,0.030622,1,1,1,1,1,0.0,0,1
0.007342,18,18,4600,2456,31,29,4734405.0,2527921.5,7,7,0.411824,0.400235,0.000672,0.000535,0.000137,12,6,8,3,0,0.0,0,0
0.484309,10,8,518,354,254,252,7714.083496,5120.697754,2,1,51.159778,63.813285,0.103645,0.037609,0.066036,1,1,1,1,1,0.0,0,1
3.5e-05,2,0,114,0,254,0,13028571.0,0.0,0,0,0.035,0.0,0.0,0.0,0.0,5,2,2,2,2,0.0,0,1
3e-06,2,0,200,0,254,0,266666656.0,0.0,0,0,0.003,0.0,0.0,0.0,0.0,14,4,7,4,2,0.0,0,1
0.571708,52,54,2934,3740,31,29,40272.30469,51368.87891,11,15,11.204079,10.77866,0.000546,0.000435,0.000111,1,5,5,4,0,0.0,0,0
30.981504,4,4,184,112,0,0,35.634163,21.690361,0,0,15515.502,15515.502,0.0,0.0,0.0,2,2,2,2,0,0.0,0,0
0.00103,2,2,146,178,31,29,566990.25,691262.125,0,0,0.012,0.003,0.0,0.0,0.0,2,2,2,1,0,0.0,0,0
0.001083,2,2,146,178,31,29,539242.875,657433.0625,0,0,0.011,0.009,0.0,0.0,0.0,3,6,1,1,0,0.0,0,0
0.606946,8,8,364,1798,62,252,4204.657715,20746.49219,1,2,86.706569,78.054,0.123905,0.045764,0.078141,1,3,4,3,1,0.0,0,1
1e-05,2,0,114,0,254,0,45600000.0,0.0,0,0,0.01,0.0,0.0,0.0,0.0,26,7,7,7,2,0.0,0,1
0.934241,60,14,68185,612,254,252,574147.375,4872.404297,27,1,15.28639,66.691695,0.113437,0.067245,0.046192,3,1,1,3,1,1.0,0,1
1.266042,40,220,2832,282807,62,252,17452.81836,1778911.0,2,108,32.462615,5.67455,0.054392,0.007844,0.046548,1,1,1,1,1,1.0,0,1
0.056629,66,70,3926,55590,31,29,546292.5625,7741051.5,7,27,0.865831,0.811783,0.000762,0.000613,0.000149,8,4,2,1,0,0.0,0,0
4e-06,2,0,114,0,254,0,114000000.0,0.0,0,0,0.004,0.0,0.0,0.0,0.0,11,4,4,4,2,0.0,0,1
0.205436,14,8,6684,1056,254,252,241710.3125,35982.00781,4,2,15.802769,25.429,0.051702,0.006953,0.044749,2,1,1,1,1,1.0,0,1
0.001067,2,2,146,178,31,29,547329.0,667291.5,0,0,0.011,0.009,0.0,0.0,0.0,4,1,3,1,0,0.0,0,0
0.252695,10,6,1224,268,254,252,34887.91016,7091.553223,2,1,25.569889,45.674602,0.070908,0.024313,0.046595,1,1,1,2,1,1.0,0,1
12.561707,314,746,16810,1087890,31,29,10671.79883,691900.875,2,370,40.132255,16.860645,0.000639,0.000522,0.000117,3,3,4,1,0,1.0,0,0
0.350535,92,164,5696,192828,31,29,128603.4219,4373954.0,10,71,3.848451,2.147251,0.00066,0.000529,0.000131,19,10,10,6,0,0.0,0,0
0.678436,16,6,11494,268,254,252,127068.7344,2641.369385,5,1,44.314734,110.697602,0.211456,0.124947,0.086509,1,1,2,1,1,1.0,0,1
5.939732,440,858,24744,1094788,31,29,33251.33203,1472811.25,38,390,13.52931,6.930303,0.000578,0.000458,0.00012,16,15,8,5,0,0.0,0,0
1.7e-05,2,0,168,0,254,0,39529412.0,0.0,0,0,0.017,0.0,0.0,0.0,0.0,1,1,1,1,2,0.0,0,1
0.008905,34,36,2230,15236,31,29,1944974.75,13307580.0,7,11,0.259455,0.234657,0.00082,0.000681,0.000139,10,1,8,1,0,0.0,0,0
4e-06,2,0,200,0,254,0,72727272.0,0.0,0,0,0.011,0.0,0.0,0.0,0.0,6,4,5,4,2,0.0,0,1
0.237816,10,8,1022,1908,62,252,30948.29492,56177.88281,2,2,26.424,32.059715,0.066673,0.012585,0.054088,2,2,2,2,1,4.0,0,1
0.008158,24,24,2158,2478,31,29,2028928.625,2329002.25,6,6,0.339348,0.326826,0.000784,0.00063,0.000154,4,2,1,1,0,0.0,0,0
1.120179,14,18,1684,10168,31,29,11169.64258,68589.03125,3,5,86.075462,65.848824,0.000928,0.000741,0.000187,2,3,6,2,0,0.0,0,0
0.001072,2,2,130,162,31,29,485074.625,604477.625,0,0,0.01,0.009,0.0,0.0,0.0,2,4,1,1,0,0.0,0,0
0.001051,2,2,146,178,31,29,555661.3125,677450.0625,0,0,0.01,0.008,0.0,0.0,0.0,1,16,12,3,0,0.0,0,0
0.167841,46,48,2854,31402,31,29,133078.3281,1465577.5,7,17,3.722267,3.560383,0.000632,0.000497,0.000135,11,3,6,1,0,0.0,0,0
8e-06,2,0,168,0,254,0,84000000.0,0.0,0,0,0.008,0.0,0.0,0.0,0.0,2,1,2,1,2,0.0,0,1
0.199379,10,8,814,1720,62,252,29411.32227,60387.50391,2,2,22.042889,25.711428,0.035057,0.019391,0.015666,1,1,1,1,1,1.0,0,1
0.321579,10,6,566,268,254,252,12687.39551,5572.50293,2,1,34.075222,57.400801,0.0703,0.034569,0.035731,10,2,2,2,1,1.0,0,1
0.252755,12,6,6134,268,254,252,177974.7344,7089.870117,3,1,20.003637,46.138398,0.090763,0.022054,0.068709,1,1,1,1,1,1.0,0,1
1.005891,12,18,1580,10168,31,29,11524.11231,76382.03906,3,5,91.295726,59.138646,0.000644,0.00053,0.000114,3,2,3,2,0,1.0,0,0
1e-05,2,0,114,0,254,0,45600000.0,0.0,0,0,0.01,0.0,0.0,0.0,0.0,23,14,14,14,2,0.0,0,1
0.004842,4,4,568,320,31,29,703841.375,396530.3438,0,0,1.264,1.098333,0.0,0.0,0.0,17,5,6,3,0,0.0,0,0
0.004292,12,12,1036,2262,31,29,1770736.25,3865796.75,4,4,0.354273,0.335,0.000751,0.000596,0.000155,6,8,2,2,0,0.0,0,0
0.042073,48,50,2958,32368,31,29,550852.0625,6031611.5,7,18,0.887702,0.84602,0.000766,0.000608,0.000158,10,5,6,4,0,0.0,0,0
0.38274,18,6,12550,268,254,252,247750.4375,4682.029785,6,1,20.025941,66.863602,0.10134,0.048413,0.052927,2,1,2,1,1,1.0,0,1
7e-06,2,0,114,0,254,0,65142856.0,0.0,0,0,0.007,0.0,0.0,0.0,0.0,12,7,7,7,2,0.0,0,1
0.732099,10,12,818,4102,62,252,8053.555664,41098.26563,2,3,81.344333,59.730906,0.120486,0.074369,0.046117,2,1,2,1,1,1.0,0,1
0.223515,8,12,424,8824,31,29,13278.75098,289519.7188,1,4,31.879144,20.274364,0.000692,0.000493,0.000199,3,4,5,3,0,0.0,0,0
1e-06,2,0,114,0,254,0,456000000.0,0.0,0,0,0.001,0.0,0.0,0.0,0.0,16,4,4,4,2,0.0,0,1
0.027982,64,66,3806,55844,31,29,1071260.125,15723822.0,7,26,0.439127,0.420908,0.000781,0.000612,0.000169,13,3,3,1,0,0.0,0,0
0.885794,32,24,3728,5474,31,29,32621.58008,47378.96094,7,7,28.574001,38.481219,0.000717,0.000591,0.000126,2,2,1,1,0,0.0,0,0
0.004618,14,6,8928,320,31,29,14362928.0,462537.9063,4,1,0.355231,0.7942,0.000612,0.000481,0.000131,3,5,9,5,0,0.0,0,0
7e-06,2,0,200,0,254,0,114285712.0,0.0,0,0,0.007,0.0,0.0,0.0,0.0,8,4,4,4,2,0.0,0,1
1.089761,12,18,1580,10168,31,29,10637.19434,70503.53125,3,5,99.036271,64.073884,0.000711,0.0005,0.000211,3,3,6,2,0,1.0,0,0
1.151816,362,746,19306,1087890,31,29,133722.75,7545872.0,2,370,3.189765,1.545324,0.000683,0.000545,0.000138,1,1,1,1,0,1.0,0,0
0.001113,2,2,146,178,31,29,524708.0,639712.5,0,0,0.033,0.002,0.0,0.0,0.0,1,5,5,5,0,0.0,0,0
0.003875,8,10,1040,824,31,29,1878709.75,1531871.0,2,2,0.503429,0.371889,0.000656,0.000523,0.000133,4,1,8,1,0,1.0,0,0
0.640533,10,8,548,382,254,252,6169.861816,4184.015625,2,2,71.170333,78.252711,0.175911,0.092038,0.083873,1,2,1,1,1,0.0,0,1
0.02125,52,42,37190,3380,31,29,13731765.0,1242352.875,18,8,0.409686,0.504463,0.000713,0.000563,0.00015,1,5,8,1,0,0.0,0,0
1.529938,122,126,7814,16912,31,29,40524.51953,87731.66406,30,32,12.641041,12.235032,0.000746,0.000556,0.00019,7,6,4,1,0,0.0,0,0
11.866757,1256,200,1634185,9608,62,252,1100812.25,6444.894531,625,8,9.455584,59.275793,0.104244,0.070206,0.034038,1,1,2,1,1,0.0,0,1
0.984135,24,20,2158,1918,31,29,16818.83203,14819.10547,6,5,42.788477,51.756317,0.00079,0.000624,0.000166,6,1,1,1,0,0.0,0,0
1.512013,44,40,10976,9180,62,252,56756.12891,47359.38281,19,18,35.163092,38.108438,0.038093,0.019205,0.018888,1,1,1,1,1,0.0,0,1
0.020172,8,10,1032,822,31,29,358120.1563,293476.0938,2,2,2.830857,2.185,0.000627,0.000504,0.000123,2,2,2,1,0,1.0,0,0
15.87702,368,746,19618,1087890,31,29,9858.273438,547423.625,2,370,43.26054,21.310442,0.000906,0.000738,0.000168,1,7,2,2,0,1.0,0,0
0.001102,2,2,146,178,31,29,529945.5625,646098.0,0,0,0.002,0.009,0.0,0.0,0.0,1,5,1,1,0,0.0,0,0
0.236298,12,20,2354,18170,62,252,73060.28906,584414.625,3,8,21.481637,11.547474,0.018617,0.013272,0.005345,1,1,1,1,1,1.0,0,1
4e-06,2,0,114,0,254,0,114000000.0,0.0,0,0,0.004,0.0,0.0,0.0,0.0,7,6,5,4,2,0.0,0,1
1.232841,14,18,1684,10168,31,29,10148.91602,62321.09375,3,5,94.737538,72.490647,0.00063,0.000496,0.000134,1,3,2,1,0,1.0,0,0
0.916042,52,54,2934,3742,31,29,25134.21875,32077.13281,11,15,17.954569,17.27315,0.000697,0.000561,0.000136,1,2,2,2,0,0.0,0,0
0.950571,10,8,588,354,254,252,4460.477051,2608.958252,2,1,105.606333,119.00357,0.183735,0.117536,0.066199,3,1,1,1,1,0.0,0,1
2.340398,10,8,564,354,254,252,1736.456787,1059.648804,2,1,260.044222,326.642844,0.134371,0.053211,0.08116,7,1,2,1,1,0.0,0,1
0.683178,42,46,3210,27552,31,29,36699.07422,315630.7813,9,14,16.651683,15.168378,0.000747,0.000591,0.000156,10,2,4,1,0,0.0,0,0
2.716888,16,18,1540,1644,31,29,4251.923828,4572.878906,4,4,181.104273,159.576,0.004903,0.004093,0.00081,6,5,7,2,0,0.0,0,0
0.038979,48,48,2958,31354,31,29,594576.5625,6301033.5,7,17,0.822915,0.818851,0.000622,0.000489,0.000133,3,2,1,1,0,0.0,0,0
1.009944,12,12,574,682,254,252,4174.489258,4958.690918,3,4,91.800362,85.795906,0.131249,0.066179,0.06507,6,1,1,1,1,0.0,0,0
0.020035,44,46,2750,27620,31,29,1073321.625,10789119.0,7,16,0.457558,0.429733,0.000848,0.000686,0.000162,6,3,2,1,0,0.0,0,0
1.1e-05,2,0,114,0,254,0,41454544.0,0.0,0,0,0.011,0.0,0.0,0.0,0.0,7,7,7,7,2,0.0,0,1
1.1e-05,2,0,114,0,254,0,41454544.0,0.0,0,0,0.011,0.0,0.0,0.0,0.0,11,4,4,4,2,0.0,0,1
0.004805,4,4,568,320,31,29,709261.1875,399583.75,0,0,1.249,1.079333,0.0,0.0,0.0,7,6,4,3,0,0.0,0,0
0.014,42,44,2646,25418,31,29,1476000.0,14194857.0,7,15,0.333585,0.311186,0.00077,0.000608,0.000162,5,4,2,1,0,0.0,0,0
0.001041,2,2,130,162,31,29,499519.6875,622478.375,0,0,0.01,0.008,0.0,0.0,0.0,6,3,6,1,0,0.0,0,0
0.808355,12,20,854,18762,254,252,7749.070801,176397.75,2,8,73.424456,39.130422,0.148987,0.064874,0.084113,1,1,1,2,1,1.0,0,1
4e-06,2,0,200,0,254,0,200000000.0,0.0,0,0,0.004,0.0,0.0,0.0,0.0,11,2,6,2,2,0.0,0,1
1.735369,10,8,514,354,254,252,2134.416504,1429.090942,2,1,192.818778,223.902578,0.229306,0.113552,0.115754,4,1,2,1,1,0.0,0,1
1.1e-05,2,0,200,0,254,0,800000000.0,0.0,0,0,0.001,0.0,0.0,0.0,0.0,15,3,3,3,2,0.0,0,1
3.436729,18,20,1000,1526,62,252,3375.30249,2199.766113,5,8,197.049647,180.847164,0.0,0.0,0.0,1,2,2,2,1,0.0,0,1
0.188529,10,6,1230,268,254,252,46974.20703,9505.168945,2,1,19.303,34.527398,0.065318,0.015883,0.049435,2,1,1,1,1,1.0,0,1
1.61067,104,20,134429,870,254,252,661275.125,4107.607422,49,1,15.139388,80.230422,0.144111,0.086284,0.057827,2,1,1,1,1,1.0,0,1
0.003914,8,10,1038,820,31,29,1857945.875,1508431.25,2,2,0.507714,0.378778,0.000639,0.000501,0.000138,2,3,10,2,0,4.0,0,0
0.054795,122,126,7816,15660,31,29,1131782.125,2268236.0,30,32,0.449934,0.43448,0.000832,0.000481,0.000351,12,5,2,1,0,0.0,0,0
1.838529,20,18,9240,9108,254,252,38195.75391,37429.92188,7,6,96.720632,96.779473,0.274392,0.193268,0.081124,3,1,2,1,1,0.0,0,1
0.001031,2,2,130,162,31,29,504364.6563,628516.0,0,0,0.004,0.008,0.0,0.0,0.0,5,2,6,1,0,0.0,0,0
0.033637,34,36,2230,15236,31,29,514909.1875,3523025.5,7,11,1.009424,0.898886,0.008991,0.002174,0.006817,10,9,5,4,0,0.0,0,0
0.001164,2,2,146,178,31,29,501718.2188,611683.8125,0,0,0.011,0.001,0.0,0.0,0.0,4,6,2,1,0,0.0,0,0
0.467868,14,34,1370,37862,62,252,21766.82227,628365.25,2,15,35.989847,12.466182,0.08875,0.056463,0.032287,1,1,1,1,1,1.0,0,1
0.307391,12,20,864,19764,62,252,20612.18555,488654.5313,2,8,27.944637,15.416579,0.032751,0.013705,0.019046,1,1,1,1,1,1.0,0,1
5e-06,2,0,114,0,254,0,91200000.0,0.0,0,0,0.005,0.0,0.0,0.0,0.0,6,2,2,2,2,0.0,0,1
1.2e-05,2,0,114,0,254,0,38000000.0,0.0,0,0,0.012,0.0,0.0,0.0,0.0,7,4,5,4,2,0.0,0,1
5e-06,2,0,114,0,254,0,91200000.0,0.0,0,0,0.005,0.0,0.0,0.0,0.0,7,4,4,4,2,0.0,0,1
0.001105,2,2,146,178,31,29,528506.75,644343.875,0,0,0.01,0.009,0.0,0.0,0.0,2,2,1,1,0,0.0,0,0
2.656991,18,20,1012,4376,62,252,2878.444092,12519.42481,6,8,156.237294,135.169628,0.170191,0.088758,0.081433,2,1,1,1,1,0.0,0,1
2e-06,2,0,1064,0,254,0,2128000000.0,0.0,0,0,0.002,0.0,0.0,0.0,0.0,5,2,1,1,2,0.0,0,1
18.636715,356,746,18994,1087890,31,29,8130.617676,466362.0313,2,370,52.496923,25.015042,0.000626,0.000506,0.00012,3,5,1,2,0,1.0,0,0
1.1e-05,2,0,114,0,254,0,41454544.0,0.0,0,0,0.011,0.0,0.0,0.0,0.0,10,4,5,4,2,0.0,0,1
4e-06,2,0,200,0,254,0,200000000.0,0.0,0,0,0.004,0.0,0.0,0.0,0.0,21,6,6,6,2,0.0,0,1
0.173001,90,92,5174,87114,31,29,236622.9063,3984624.25,7,39,1.939618,1.895714,0.000643,0.000484,0.000159,8,1,3,1,0,0.0,0,0
0.037974,68,70,4014,59366,31,29,833201.6875,12328014.0,7,28,0.561045,0.550471,0.000682,0.000535,0.000147,2,5,5,1,0,0.0,0,0
1.006817,12,18,1580,10168,31,29,11513.5127,76311.78125,3,5,91.497545,59.191176,0.000713,0.000564,0.000149,1,2,3,1,0,1.0,0,0
9.215866,236,438,13558,548216,31,29,11719.78809,474802.9063,21,197,39.215064,21.087664,0.000714,0.000554,0.00016,9,3,2,1,0,0.0,0,0
0.559032,10,6,896,268,254,252,11548.5332,3205.540771,2,1,57.741667,93.944398,0.170604,0.089308,0.081296,1,2,2,1,1,1.0,0,1
1e-05,2,0,114,0,254,0,45600000.0,0.0,0,0,0.01,0.0,0.0,0.0,0.0,7,3,4,3,2,0.0,0,1
1.029904,10,8,534,354,254,252,3736.270508,2407.991455,2,1,114.332667,133.334578,0.185581,0.096552,0.089029,5,1,1,1,1,0.0,0,1
0.007928,32,24,3728,5474,31,29,3644803.25,5293643.0,7,7,0.255742,0.311739,0.000765,0.000614,0.000151,2,4,4,1,0,0.0,0,0
0.27516,10,8,790,2330,62,252,20671.60742,59281.87109,2,2,30.573333,32.251285,0.059652,0.048264,0.011388,1,1,1,1,1,1.0,0,1
1e-06,2,0,200,0,254,0,800000000.0,0.0,0,0,0.001,0.0,0.0,0.0,0.0,21,4,6,4,2,0.0,0,1
0.001393,2,2,146,178,31,29,419239.0625,511127.0625,0,0,0.002,0.004,0.0,0.0,0.0,4,2,4,1,0,0.0,0,0
1.005398,10,8,824,1248,62,252,5904.129395,8689.095703,2,2,111.594444,132.080859,0.1754,0.080825,0.094575,2,18,1,2,1,1.0,0,1
2.328695,10,8,534,354,254,252,1652.427612,1064.974121,2,1,252.974778,320.689281,0.194239,0.08386,0.110379,6,2,2,1,1,0.0,0,1
0.006032,22,24,1920,4312,31,29,2431034.5,5481432.5,6,6,0.270238,0.235043,0.000778,0.000615,0.000163,3,5,5,1,0,0.0,0,0
0.004891,4,4,568,320,31,29,696790.0,392557.75,0,0,1.277667,1.122333,0.0,0.0,0.0,4,3,5,3,0,0.0,0,0
0.492687,10,10,1380,1162,254,252,20166.96289,16984.41406,2,2,54.743,48.958445,0.111727,0.041692,0.070035,2,3,4,3,1,1.0,0,1
0.016922,48,50,2958,32368,31,29,1369578.0,14996335.0,7,18,0.35283,0.33251,0.00075,0.000618,0.000132,10,2,4,1,0,0.0,0,0
0.281793,24,26,4896,2872,31,29,133204.1563,78412.17188,7,7,12.237087,11.24928,0.000713,0.000556,0.000157,12,15,13,3,0,0.0,0,0
1.470421,16,28,1366,32436,62,252,6969.432617,170171.6719,3,12,98.028069,51.834109,0.173491,0.070188,0.103303,1,1,1,2,1,1.0,0,1
1.532334,28,136,1440,170896,62,252,7251.683105,885655.5,2,66,56.753111,10.97403,0.091549,0.061143,0.030406,2,1,1,2,1,1.0,0,1
0.83817,10,8,564,354,254,252,4848.658203,2958.826904,2,1,93.13,110.985289,0.123503,0.060524,0.062979,1,1,5,1,1,0.0,0,1
1.102794,60,14,68187,612,254,252,486408.125,4127.697266,26,0,1480.485062,6344.939,0.13079,0.053017,0.077773,4,2,3,2,1,4.0,0,1
0.235307,10,8,1196,1270,62,252,36615.99609,37805.92969,2,2,26.111889,31.669857,0.066962,0.013617,0.053345,2,1,1,1,1,0.0,0,1
2.050867,12,10,986,818,254,252,3526.313477,2874.881592,3,2,186.428912,215.48,0.213621,0.111541,0.10208,3,2,2,2,1,0.0,0,1
2.707157,30,134,1980,169717,254,252,5656.118652,497794.5625,2,64,93.318895,19.885684,0.114565,0.062357,0.052208,7,1,1,1,1,0.0,0,1
0.370167,10,6,924,268,254,252,17981.07422,4841.058594,2,1,37.112,60.097,0.128156,0.069672,0.058484,1,1,3,1,1,0.0,0,1
4e-06,2,0,114,0,254,0,114000000.0,0.0,0,0,0.004,0.0,0.0,0.0,0.0,6,4,4,4,2,0.0,0,1
0.865576,14,32,1682,35856,254,252,14436.62891,321044.0,2,14,66.575767,25.001613,0.162136,0.090522,0.071614,2,2,2,2,1,0.0,0,1
0.585712,10,6,468,268,254,252,5763.924805,3059.52417,2,1,61.472333,100.725398,0.186867,0.082078,0.104789,2,2,2,1,1,0.0,0,1
0.356172,28,30,4992,3080,31,29,108127.5391,66889.03125,7,7,13.179037,12.263966,0.000665,0.000513,0.000152,4,7,4,3,0,0.0,0,0
0.0,1,0,46,0,0,0,0.0,0.0,0,0,0.0,0.0,0.0,0.0,0.0,2,2,2,2,2,0.0,1,0
4.139696,52,54,2934,3738,31,29,5561.760742,7090.375488,11,15,81.163743,78.098625,0.000599,0.000465,0.000134,1,2,3,2,0,0.0,0,0
0.320416,10,6,566,268,254,252,12733.44629,5592.729492,2,1,32.703111,52.732801,0.111296,0.056744,0.054552,10,3,3,10,1,1.0,0,1
0.920565,52,54,2934,3742,31,29,25010.72656,31919.52734,11,15,18.04404,17.359473,0.000645,0.000508,0.000137,1,6,7,3,0,0.0,0,0
7e-06,2,0,168,0,254,0,96000000.0,0.0,0,0,0.007,0.0,0.0,0.0,0.0,1,1,1,1,2,0.0,0,1
1.18976,12,10,1494,802,254,252,9211.942383,4854.760742,3,2,108.146365,122.081555,0.172465,0.091022,0.081443,5,2,3,2,1,0.0,0,1
0.03925,44,46,2766,24114,31,29,551133.75,4808152.5,7,16,0.904209,0.889302,0.001192,0.001007,0.000185,4,4,4,2,0,0.0,0,0
0.222678,16,18,1540,1644,31,29,51877.59766,55793.56641,4,4,14.82,13.067235,0.000657,0.000534,0.000123,9,7,6,4,0,0.0,0,0
1.907977,38,184,2584,238622,62,252,10549.39356,995089.5625,3,90,51.566944,10.29353,0.037107,0.006326,0.030781,1,1,1,1,1,1.0,0,1
0.005026,18,18,4544,2456,31,29,6831675.0,3692797.5,7,7,0.277,0.262824,0.000709,0.000553,0.000156,7,4,13,3,0,0.0,0,0
0.244499,10,6,880,268,254,252,25914.2168,7329.273438,2,1,24.929222,44.768602,0.071203,0.020647,0.050556,2,1,1,1,1,1.0,0,1
1.000618,10,6,1014,268,254,252,7299.489258,1790.893311,2,1,109.274889,182.480406,0.153457,0.088207,0.06525,1,1,1,1,1,1.0,0,1
0.279803,32,24,3728,5474,31,29,103272.6563,149991.2344,7,7,9.025903,12.132739,0.000771,0.000612,0.000159,1,2,1,1,0,0.0,0,0
0.232559,10,8,1118,2942,62,252,34640.67188,88579.67188,2,2,25.839889,29.567857,0.040851,0.019641,0.02121,2,1,2,1,1,1.0,0,1
1.849092,10,8,564,354,254,252,2197.835449,1341.198853,2,1,202.756,251.314719,0.157799,0.089883,0.067916,2,1,1,1,1,0.0,0,1
4e-06,2,0,114,0,254,0,114000000.0,0.0,0,0,0.004,0.0,0.0,0.0,0.0,11,7,7,7,2,0.0,0,1
0.22359,8,12,424,8824,31,29,13274.29688,289422.5938,1,4,31.895001,20.278819,0.000656,0.000519,0.000137,9,18,15,8,0,0.0,0,0
7e-06,2,0,114,0,254,0,65142856.0,0.0,0,0,0.007,0.0,0.0,0.0,0.0,8,3,3,3,2,0.0,0,1
1.183808,44,70,3064,69302,31,29,20239.76953,461642.4375,6,28,27.522954,17.149609,0.000626,0.000482,0.000144,4,6,5,3,0,0.0,0,0
0.001024,2,2,146,178,31,29,570312.5,695312.5,0,0,0.006,0.008,0.0,0.0,0.0,3,2,2,1,0,0.0,0,0
0.895771,10,8,982,354,254,252,7894.874512,2768.564697,2,1,95.071222,111.17843,0.219222,0.117518,0.101704,1,1,1,1,1,1.0,0,1
1.261245,28,134,1440,170811,62,252,8810.341797,1075362.875,2,65,46.712779,9.152538,0.082474,0.028055,0.054419,1,1,1,1,1,1.0,0,1
0.001026,2,2,146,178,31,29,569200.75,693957.125,0,0,0.01,0.003,0.0,0.0,0.0,2,2,3,1,0,0.0,0,0
0.877294,10,8,806,2042,62,252,6620.357422,16295.56348,2,2,97.477111,116.594,0.153299,0.060218,0.093081,1,1,1,1,1,1.0,0,1
0.017349,40,42,2542,21834,31,29,1143120.75,9828809.0,7,14,0.447,0.40878,0.00077,0.000587,0.000183,7,3,5,1,0,0.0,0,0
1e-05,2,0,200,0,254,0,160000000.0,0.0,0,0,0.005,0.0,0.0,0.0,0.0,10,6,9,5,2,0.0,0,1
1.57343,8,10,364,3754,62,252,1621.934326,17180.30078,1,3,224.775714,163.255111,0.206285,0.076705,0.12958,1,2,3,2,1,0.0,0,1
0.001118,2,2,130,162,31,29,465116.2813,579606.4375,0,0,0.01,0.008,0.0,0.0,0.0,2,4,3,1,0,0.0,0,0
0.004226,12,12,1064,2260,31,29,1847610.0,3922385.25,4,4,0.352091,0.327182,0.00077,0.000616,0.000154,10,3,3,1,0,0.0,0,0
3e-06,2,0,114,0,254,0,152000000.0,0.0,0,0,0.003,0.0,0.0,0.0,0.0,8,1,1,1,2,0.0,0,1
0.222424,14,6,8928,320,31,29,298205.2188,9603.280273,4,1,17.109539,44.361398,0.000615,0.000482,0.000133,3,6,5,3,0,0.0,0,0
1.616316,10,8,512,354,254,252,2281.732178,1534.353516,2,1,175.315333,220.371281,0.182226,0.073713,0.108513,4,1,2,1,1,0.0,0,1
0.673781,10,6,586,268,254,252,6269.099609,2659.61792,2,1,69.339556,110.855602,0.192357,0.119494,0.072863,2,1,2,2,1,1.0,0,1
0.001066,2,2,146,178,31,29,547842.4375,667917.4375,0,0,0.011,0.008,0.0,0.0,0.0,2,2,4,1,0,0.0,0,0
0.908975,226,438,13038,548216,31,29,114247.3672,4813905.5,21,197,4.037938,2.078929,0.000612,0.000479,0.000133,6,4,2,2,0,0.0,0,0
0.748313,10,18,664,1644,31,29,6393.046875,16602.67773,2,4,83.106778,43.987059,0.000889,0.000532,0.000357,12,11,13,5,0,0.0,0,0
0.701121,106,116,9400,12402,31,29,106252.7031,140301.0313,26,31,6.673962,6.091243,0.000754,0.000618,0.000136,1,2,2,1,0,0.0,0,0
0.00107,2,2,146,178,31,29,545794.375,665420.5625,0,0,0.008,0.008,0.0,0.0,0.0,4,2,2,1,0,0.0,0,0
0.047017,52,42,37218,3380,31,29,6211030.0,561499.0,18,8,0.93278,1.133829,0.000675,0.000524,0.000151,2,2,4,2,0,0.0,0,0
0.001064,2,2,130,162,31,29,488721.8125,609022.5625,0,0,0.008,0.008,0.0,0.0,0.0,2,1,3,1,0,0.0,0,0
0.067939,72,74,4238,61150,31,29,492206.25,7103313.5,7,30,0.951901,0.935875,0.000704,0.000552,0.000152,8,9,4,2,0,0.0,0,0
0.014994,44,46,2750,27620,31,29,1434173.625,14416433.0,7,16,0.33886,0.3188,0.000793,0.000637,0.000156,12,1,1,1,0,0.0,0,0
0.279502,10,8,796,930,62,252,20522.21484,23298.58008,2,2,31.055778,37.209,0.030662,0.018091,0.012571,1,1,1,1,1,1.0,0,1
0.005367,24,20,2158,1918,31,29,3084032.0,2717346.75,6,5,0.233348,0.241053,0.000821,0.00065,0.000171,4,1,1,1,0,0.0,0,0
0.778648,10,8,1896,354,254,252,17538.0918,3185.007812,2,1,83.101,95.38143,0.1956,0.110968,0.084632,1,2,2,2,1,1.0,0,1
0.001078,2,2,130,162,31,29,482374.7813,601113.1875,0,0,0.011,0.008,0.0,0.0,0.0,5,7,1,1,0,0.0,0,0
0.266796,8,16,424,1540,31,29,11124.60449,43299.0,1,4,38.06757,17.7568,0.000553,0.000442,0.000111,10,8,7,5,0,0.0,0,0
0.014877,34,36,2230,15236,31,29,1164213.25,7965584.5,7,11,0.441091,0.409486,0.000701,0.000539,0.000162,17,4,6,1,0,0.0,0,0
3e-06,2,0,114,0,254,0,152000000.0,0.0,0,0,0.003,0.0,0.0,0.0,0.0,12,7,7,7,2,0.0,0,1
0.728726,10,8,976,354,254,252,9649.716797,3403.199463,2,1,80.860667,90.383289,0.132104,0.096039,0.036065,4,2,2,2,1,0.0,0,1
1.395543,10,8,534,354,254,252,2757.349609,1777.08606,2,1,155.060333,176.860281,0.235963,0.156847,0.079116,2,1,1,1,1,0.0,0,1
1.110753,14,18,1684,10168,31,29,11264.42969,69171.09375,3,5,85.416844,65.309647,0.000609,0.000486,0.000123,1,2,1,2,0,1.0,0,0
0.798566,10,8,564,354,254,252,5089.122559,3105.566895,2,1,88.631556,104.36243,0.124682,0.068024,0.056658,3,1,1,1,1,0.0,0,1
0.35176,10,16,830,12634,62,252,16988.85547,269388.2188,2,6,39.084444,19.658866,0.11612,0.056306,0.059814,1,1,3,1,1,1.0,0,1
1.064035,14,18,1684,10168,31,29,11759.01074,72208.14844,3,5,81.819462,62.559235,0.00066,0.000525,0.000135,1,2,2,1,0,1.0,0,0
0.987638,20,20,976,3328,62,252,7516.924316,25612.62305,7,8,51.980947,50.236684,0.070052,0.03243,0.037622,2,1,1,1,1,0.0,0,1
0.223374,8,12,424,8824,31,29,13287.13281,289702.4688,1,4,31.861285,20.260181,0.00063,0.000508,0.000122,3,3,11,3,0,0.0,0,0
0.020952,16,18,1540,1644,31,29,551355.5,592974.4375,4,4,1.376,1.204353,0.000603,0.000475,0.000128,8,5,8,5,0,0.0,0,0
0.851012,52,54,2934,3742,31,29,27054.84766,34528.30469,11,15,16.679509,16.047642,0.000609,0.000483,0.000126,1,5,7,2,0,0.0,0,0
1.372259,62,26,59124,2034,62,252,339125.4688,11403.09473,28,8,22.496049,51.399238,0.121361,0.086681,0.03468,1,1,1,1,1,0.0,0,1
3e-06,2,0,168,0,254,0,224000000.0,0.0,0,0,0.003,0.0,0.0,0.0,0.0,1,1,1,1,2,0.0,0,1
0.001061,2,2,146,178,31,29,550424.125,671065.0,0,0,0.011,0.007,0.0,0.0,0.0,2,4,4,2,0,0.0,0,0
10.388967,12,24,900,22944,62,252,635.289368,16931.80859,2,9,944.451523,445.78913,0.236852,0.135098,0.101754,1,1,2,1,1,1.0,0,1
0.009298,36,38,2334,15722,31,29,1953108.25,13171866.0,7,12,0.255857,0.233459,0.000802,0.00065,0.000152,14,3,3,2,0,0.0,0,0
0.001309,2,2,130,162,31,29,397249.8125,495034.4063,0,0,0.02,0.009,0.0,0.0,0.0,5,5,11,5,0,0.0,0,0
0.098868,44,46,2766,27770,31,29,218796.7813,2198244.25,7,16,2.292349,2.182689,0.00077,0.000635,0.000135,7,3,2,1,0,0.0,0,0
2e-06,2,0,104,0,254,0,208000000.0,0.0,0,0,0.002,0.0,0.0,0.0,0.0,5,1,1,1,2,0.0,0,1
0.005056,4,4,568,312,31,29,674050.625,370253.1875,0,0,1.335667,1.109667,0.0,0.0,0.0,7,15,7,7,0,0.0,0,0
0.276874,54,42,37834,3380,31,29,1072950.125,95350.22656,19,8,5.211472,6.741634,0.000593,0.000463,0.00013,2,1,3,1,0,0.0,0,0
0.269572,10,6,996,268,254,252,26619.97656,6647.574707,2,1,25.692,45.970199,0.068463,0.039712,0.028751,1,1,1,1,1,1.0,0,1
0.0,1,0,65,0,32,0,0.0,0.0,0,0,0.0,0.0,0.0,0.0,0.0,6,1,1,1,0,0.0,0,0
0.19336,10,6,998,268,254,252,37194.87109,9267.6875,2,1,21.484444,36.865199,0.058882,0.008381,0.050501,2,1,18,1,1,1.0,0,1
1.2e-05,2,0,114,0,254,0,38000000.0,0.0,0,0,0.012,0.0,0.0,0.0,0.0,8,3,3,3,2,0.0,0,1
0.828981,28,30,4920,3080,31,29,45791.16016,28738.89844,7,7,30.691185,28.565654,0.000734,0.000573,0.000161,5,2,3,1,0,0.0,0,0
1.565548,64,20,68216,1026,254,252,343143.75,4982.28125,29,4,24.849968,77.355734,0.136111,0.067707,0.068404,2,1,1,1,1,0.0,0,1
1.1e-05,2,0,114,0,254,0,41454544.0,0.0,0,0,0.011,0.0,0.0,0.0,0.0,7,4,4,4,2,0.0,0,1
0.791992,122,126,7816,14942,31,29,78303.82031,149738.8906,30,32,6.54248,6.331312,0.000728,0.000573,0.000155,13,2,8,1,0,0.0,0,0
0.664913,12,28,928,31576,62,252,10238.93359,366351.6875,2,12,60.446634,23.819296,0.038994,0.0212,0.017794,3,1,1,1,1,1.0,0,1
0.211156,10,6,992,268,254,252,33832.80859,8486.617188,2,1,20.852556,40.071602,0.059255,0.010789,0.048466,2,2,2,2,1,1.0,0,1
0.011106,22,24,1958,2308,31,29,1346299.25,1593372.875,6,6,0.511857,0.45787,0.000711,0.000567,0.000144,7,2,5,1,0,0.0,0,0
0.004945,18,18,3768,2456,31,29,5757735.0,3753286.0,7,7,0.271824,0.260882,0.000642,0.000506,0.000136,5,5,6,3,0,0.0,0,0
1e-05,2,0,200,0,254,0,80000000.0,0.0,0,0,0.01,0.0,0.0,0.0,0.0,6,2,2,2,2,0.0,0,1
1.1e-05,2,0,78,0,254,0,28363636.0,0.0,0,0,0.011,0.0,0.0,0.0,0.0,20,4,7,4,2,0.0,0,1
0.00099,2,2,130,162,31,29,525252.5625,654545.5,0,0,0.001,0.004,0.0,0.0,0.0,3,7,5,2,0,0.0,0,0
0.732099,46,12,51571,526,254,252,551291.5625,5277.974609,20,1,16.268867,64.36891,0.090183,0.023243,0.06694,1,1,1,1,1,1.0,0,1
0.231728,10,8,824,994,62,252,25616.24023,30035.21289,2,2,25.747556,30.990715,0.055358,0.008584,0.046774,3,2,2,3,1,1.0,0,1
0.790157,38,22,30910,1788,254,252,304719.1875,17282.64063,16,8,21.355595,36.898094,0.049426,0.007724,0.041702,1,1,1,1,1,0.0,0,1
0.883874,10,10,830,1426,62,252,6761.144531,11621.56641,2,2,98.208222,83.795336,0.230745,0.129021,0.101724,2,1,3,1,1,1.0,0,1
1e-05,2,0,114,0,254,0,45600000.0,0.0,0,0,0.01,0.0,0.0,0.0,0.0,25,7,7,7,2,0.0,0,1
0.004515,4,4,568,312,31,29,754817.25,414617.9375,0,0,1.203667,1.042333,0.0,0.0,0.0,3,4,5,3,0,0.0,0,0
2e-06,2,0,114,0,254,0,228000000.0,0.0,0,0,0.002,0.0,0.0,0.0,0.0,6,2,2,2,2,0.0,0,1
0.001047,2,2,146,178,31,29,557784.125,680038.1875,0,0,0.011,0.007,0.0,0.0,0.0,4,3,4,1,0,0.0,0,0
0.004229,12,12,1064,2260,31,29,1846299.375,3919603.0,4,4,0.352545,0.331909,0.000718,0.000573,0.000145,15,8,1,1,0,0.0,0,0
0.263862,10,6,1352,268,254,252,36898.07422,6791.428711,2,1,26.498889,47.388398,0.046448,0.026916,0.019532,3,1,3,1,1,1.0,0,1
0.0401,60,62,3614,45044,31,29,709027.4375,8841496.0,7,24,0.672119,0.63859,0.001286,0.001139,0.000147,8,2,3,1,0,0.0,0,0
0.004692,4,4,568,312,31,29,726342.75,398977.0,0,0,1.226,1.073667,0.0,0.0,0.0,13,2,2,2,0,0.0,0,0
0.182078,10,6,954,268,254,252,37742.06641,9841.935547,2,1,18.499556,35.092602,0.051895,0.006612,0.045283,1,1,1,1,1,1.0,0,1
0.880598,10,6,2426,268,254,252,19841.0625,2034.980713,2,1,89.356889,167.549797,0.137078,0.042842,0.094236,1,1,1,1,1,1.0,0,1
0.001111,2,2,146,178,31,29,525652.5625,640864.125,0,0,0.007,0.005,0.0,0.0,0.0,1,6,2,2,0,0.0,0,0
0.269572,10,6,996,268,254,252,26619.97656,6647.574707,2,1,25.692,45.970199,0.068463,0.039712,0.028751,1,1,1,1,1,1.0,0,1
4e-06,2,0,114,0,254,0,114000000.0,0.0,0,0,0.004,0.0,0.0,0.0,0.0,9,3,3,3,2,0.0,0,1
0.015483,44,46,2766,24004,31,29,1397145.25,12133566.0,7,16,0.352465,0.331711,0.000704,0.000552,0.000152,12,1,2,1,0,0.0,0,0
4e-06,2,0,200,0,254,0,200000000.0,0.0,0,0,0.004,0.0,0.0,0.0,0.0,21,6,6,6,2,0.0,0,1
0.533479,10,8,842,1140,62,252,11366.89551,14965.91309,2,2,59.275444,64.006285,0.130282,0.065067,0.065215,2,1,1,1,1,1.0,0,1
0.00096,2,2,146,178,31,29,608333.375,741666.6875,0,0,0.001,0.011,0.0,0.0,0.0,7,16,6,3,0,0.0,0,0
0.223276,8,12,424,8824,31,29,13292.96484,289829.625,1,4,31.848287,20.245182,0.000733,0.000575,0.000158,3,5,7,3,0,0.0,0,0
0.001083,2,2,146,178,31,29,539242.875,657433.0625,0,0,0.012,0.008,0.0,0.0,0.0,1,2,1,1,0,0.0,0,0
0.467095,10,6,836,268,254,252,12896.73438,3836.47876,2,0,10782.353,17969.93,0.26045,0.142301,0.118149,9,2,2,2,1,0.0,0,1
0.001009,2,2,130,162,31,29,515361.75,642220.0,0,0,0.011,0.007,0.0,0.0,0.0,11,2,2,1,0,0.0,0,0
0.222514,10,6,2460,268,254,252,79599.48438,8053.425781,2,1,23.409556,39.608801,0.047349,0.02446,0.022889,1,1,1,1,1,1.0,0,1
0.954288,236,438,13558,548216,31,29,113181.7656,4585324.5,21,197,4.059362,2.182684,0.000578,0.000451,0.000127,9,5,2,2,0,0.0,0,0
1.065225,10,8,564,354,254,252,3815.156494,2328.146729,2,1,113.135333,138.933859,0.172354,0.092678,0.079676,5,1,2,1,1,0.0,0,1
1.343121,10,6,1716,268,254,252,9202.447266,1334.205933,2,1,144.003222,247.038406,0.181065,0.107923,0.073142,6,1,1,1,1,0.0,0,1
0.018474,16,18,1540,1644,31,29,625311.25,672512.75,4,4,1.211333,1.059765,0.000577,0.000455,0.000122,8,7,11,6,0,0.0,0,0
0.020409,16,18,1540,1644,31,29,566024.8125,608751.0625,4,4,1.338933,1.170177,0.000647,0.000513,0.000134,9,7,13,6,0,0.0,0,0
1.240606,4,0,400,0,254,0,1934.538574,0.0,0,0,413.535344,0.0,0.0,0.0,0.0,6,7,6,6,2,0.0,0,1
0.865952,12,10,1002,798,254,252,8490.078125,6642.400391,3,2,78.722906,87.629219,0.179468,0.061148,0.11832,1,1,1,1,1,0.0,0,1
4e-06,2,0,200,0,254,0,200000000.0,0.0,0,0,0.004,0.0,0.0,0.0,0.0,22,4,6,4,2,0.0,0,1
0.00104,2,2,146,178,31,29,561538.4375,684615.375,0,0,0.011,0.003,0.0,0.0,0.0,4,3,3,1,0,0.0,0,0
0.03911,24,26,2048,2410,31,29,401534.125,474149.8125,6,7,1.643652,1.54208,0.000691,0.000547,0.000144,1,3,2,1,0,0.0,0,0
0.005207,4,4,568,320,31,29,654503.5625,368734.4063,0,0,1.375333,1.226333,0.0,0.0,0.0,2,3,2,2,0,0.0,0,0
0.363452,10,8,864,2226,254,252,17124.68359,42877.74219,2,2,40.383556,45.019285,0.087148,0.036317,0.050831,1,1,1,1,1,1.0,0,1
0.971766,10,8,984,354,254,252,7293.937012,2552.054688,2,1,107.974,127.070711,0.154933,0.081562,0.073371,1,3,1,1,1,1.0,0,1
1.166432,14,18,1684,10168,31,29,10726.72852,65869.25,3,5,89.698079,68.581235,0.000683,0.000547,0.000136,2,1,4,4,0,1.0,0,0
0.17183,52,40,37430,3276,31,29,1709177.75,148751.6719,18,8,3.362059,4.391923,0.00067,0.00054,0.00013,8,2,3,1,0,0.0,0,0
3.096501,22,22,2889,1968,254,252,7125.461914,4854.51123,8,8,147.44724,143.112375,0.175032,0.091127,0.083905,1,1,1,1,1,0.0,0,1
0.351075,28,30,4800,3080,31,29,105481.7344,67860.14844,7,7,12.991074,12.087069,0.000677,0.000547,0.00013,11,3,10,3,0,0.0,0,0
1.069006,12,18,1580,10168,31,29,10843.71875,71872.375,3,5,97.148817,62.850942,0.000676,0.000532,0.000144,1,2,1,1,0,1.0,0,0
4.074838,50,52,2830,3612,31,29,5446.105957,6955.858887,11,14,83.153064,79.888547,0.00066,0.000518,0.000142,2,3,5,3,0,0.0,0,0
0.005051,4,4,568,312,31,29,674717.875,370619.6875,0,0,1.317,1.15,0.0,0.0,0.0,10,4,9,3,0,0.0,0,0
4e-06,2,0,114,0,254,0,114000000.0,0.0,0,0,0.004,0.0,0.0,0.0,0.0,9,3,4,3,2,0.0,0,1
0.001095,2,2,146,178,31,29,533333.375,650228.3125,0,0,0.011,0.001,0.0,0.0,0.0,15,1,8,1,0,0.0,0,0
0.183,10,6,834,268,254,252,32830.60156,9792.349609,2,1,18.106111,31.448,0.041196,0.025751,0.015445,2,1,1,1,1,1.0,0,1
4e-06,2,0,114,0,254,0,114000000.0,0.0,0,0,0.004,0.0,0.0,0.0,0.0,14,7,7,7,2,0.0,0,1
2e-06,2,0,114,0,254,0,228000000.0,0.0,0,0,0.002,0.0,0.0,0.0,0.0,4,4,4,4,2,0.0,0,1
0.427335,10,8,862,1116,62,252,14527.24512,18290.09961,2,2,47.481667,53.239,0.064817,0.049059,0.015758,2,1,1,2,1,1.0,0,1
0.323256,14,22,2634,20574,62,252,60534.07031,486029.6563,3,9,24.865846,15.061761,0.050542,0.006252,0.04429,1,1,1,1,1,1.0,0,1
7e-06,2,0,114,0,254,0,65142856.0,0.0,0,0,0.007,0.0,0.0,0.0,0.0,14,7,7,7,2,0.0,0,1
1.160722,14,18,1684,10168,31,29,10779.49707,66193.28125,3,5,89.259228,68.248,0.000652,0.000502,0.00015,1,4,3,3,0,1.0,0,0
0.013201,8,10,1052,824,31,29,558139.5,449662.9063,2,2,1.837,1.367,0.001019,0.000895,0.000124,8,5,8,5,0,5.0,0,0
0.289402,10,8,1134,1074,254,252,28223.71484,25984.61523,2,2,32.155778,37.544145,0.076918,0.025907,0.051011,2,1,1,2,1,1.0,0,1
0.00092,2,2,146,178,31,29,634782.625,773913.0,0,0,0.002,0.002,0.0,0.0,0.0,17,5,2,1,0,0.0,0,0
0.178112,10,6,1028,268,254,252,41591.80859,10061.08496,2,1,19.790222,33.151199,0.053417,0.006931,0.046486,1,1,1,1,1,1.0,0,1
0.060954,96,98,5486,95560,31,29,712537.3125,12413951.0,7,42,0.637863,0.623577,0.000597,0.000463,0.000134,7,4,3,1,0,0.0,0,0
1e-05,2,0,114,0,254,0,45600000.0,0.0,0,0,0.01,0.0,0.0,0.0,0.0,3,4,3,3,2,0.0,0,1
0.609027,14,6,8928,320,31,29,108908.1406,3507.233398,4,1,46.84823,121.680398,0.000614,0.00049,0.000124,1,7,13,3,0,0.0,0,0
0.360285,8,10,364,3754,62,252,7083.28125,75029.48438,1,3,51.469286,38.239222,0.057307,0.010407,0.0469,1,1,1,1,1,0.0,0,1
0.050855,42,44,2646,23604,31,29,406331.7188,3628827.0,7,15,1.232463,1.169791,0.000732,0.00055,0.000182,9,2,3,1,0,0.0,0,0
0.023525,52,54,2934,3742,31,29,978703.5,1249054.25,11,15,0.453706,0.433453,0.000696,0.000548,0.000148,1,5,11,4,0,0.0,0,0
1.006631,14,18,1684,10168,31,29,12429.5791,76325.88281,3,5,77.407233,59.183176,0.00079,0.000514,0.000276,2,2,1,1,0,1.0,0,0
0.179841,10,6,990,268,254,252,39635.01172,9964.357422,2,1,17.928889,39.54475,0.048404,0.021653,0.026751,1,1,1,1,1,1.0,0,1
0.008809,36,38,2334,16102,31,29,2061527.875,14239073.0,7,12,0.242486,0.230444,0.000648,0.000507,0.000141,4,6,7,5,0,0.0,0,0
1e-05,2,0,114,0,254,0,45600000.0,0.0,0,0,0.01,0.0,0.0,0.0,0.0,18,4,4,4,2,0.0,0,1
0.001047,2,2,130,162,31,29,496657.0938,618911.125,0,0,0.011,0.002,0.0,0.0,0.0,2,2,2,2,0,0.0,0,0
1.1e-05,2,0,114,0,254,0,41454544.0,0.0,0,0,0.011,0.0,0.0,0.0,0.0,13,4,4,4,2,0.0,0,1
1.814053,52,42,37210,3380,31,29,160943.4688,14553.04688,18,8,35.563019,44.232586,0.000651,0.00051,0.000141,1,3,2,1,0,0.0,0,0
3e-06,2,0,200,0,254,0,23529412.0,0.0,0,0,0.034,0.0,0.0,0.0,0.0,14,6,8,6,2,0.0,0,1
2.623103,260,42,330803,1816,62,252,1005011.25,5407.336426,127,1,10.074413,62.923707,0.082691,0.043226,0.039465,1,1,1,1,1,1.0,0,1
0.002455,2,2,146,178,31,29,237881.875,290020.3438,0,0,0.004,0.003,0.0,0.0,0.0,3,4,2,1,0,0.0,0,0
0.873843,12,10,884,1398,62,252,7424.674805,11526.09766,2,2,87.320199,91.341336,0.107405,0.051763,0.055642,3,1,1,4,1,1.0,0,1
0.000973,2,2,146,178,31,29,600205.5625,731757.4375,0,0,0.007,0.006,0.0,0.0,0.0,2,5,2,1,0,0.0,0,0
0.001766,4,4,528,304,31,29,1793884.5,1032842.625,0,0,0.448333,0.223667,0.0,0.0,0.0,11,7,7,3,0,0.0,0,0
1.1e-05,2,0,200,0,254,0,72727272.0,0.0,0,0,0.011,0.0,0.0,0.0,0.0,10,3,7,3,2,0.0,0,1
2.48883,22,24,1920,2222,31,29,5891.924805,6846.590332,6,5,118.497046,108.18513,0.000782,0.000562,0.00022,7,2,3,1,0,0.0,0,0
0.452849,10,6,878,268,254,252,13973.75293,3957.168945,2,1,50.215444,79.84,0.083794,0.05364,0.030154,1,1,1,1,1,1.0,0,1
0.006379,32,24,3728,5474,31,29,4529863.5,6579087.5,7,7,0.205774,0.248174,0.000668,0.000534,0.000134,1,6,1,1,0,0.0,0,0
1.024013,14,6,8928,320,31,29,64772.61328,2085.910889,4,1,78.770234,204.673594,0.000654,0.000517,0.000137,1,4,4,2,0,0.0,0,0
0.401978,28,30,4992,3080,31,29,95806.24219,59266.92578,7,7,14.874926,13.840034,0.000765,0.000609,0.000156,8,4,8,4,0,0.0,0,0
0.507849,16,18,1540,1644,31,29,22746.91992,24463.96484,4,4,33.835334,29.842354,0.000727,0.000519,0.000208,14,9,14,2,0,0.0,0,0
6.696556,40,0,10880,0,254,0,12672.78223,0.0,0,0,171.706562,0.0,0.0,0.0,0.0,2,2,2,2,2,0.0,0,1
1e-06,2,0,114,0,254,0,456000000.0,0.0,0,0,0.001,0.0,0.0,0.0,0.0,12,5,4,4,2,0.0,0,1
0.121083,68,70,4014,57846,31,29,261308.3594,3767333.25,7,28,1.802433,1.746319,0.000728,0.000583,0.000145,2,1,1,1,0,0.0,0,0
1.396058,10,8,1126,1508,62,252,5810.646973,7564.155762,2,2,155.024333,190.982578,0.097402,0.059171,0.038231,1,1,3,1,1,1.0,0,1
0.002016,4,4,536,304,31,29,1595238.125,904761.9375,0,0,0.546,0.217333,0.0,0.0,0.0,4,2,4,2,0,0.0,0,0
1.268493,20,30,1078,19318,62,252,6464.363281,117777.5469,6,13,66.762786,39.795207,0.131781,0.072257,0.059524,2,1,1,1,1,0.0,0,1
2.733822,28,112,1594,140239,62,252,4500.658691,406718.5,2,54,101.252669,23.910802,0.199097,0.078908,0.120189,1,2,1,1,1,1.0,0,1
0.609694,10,6,538,268,254,252,6363.848145,2939.179199,2,1,67.645444,107.801602,0.150645,0.070677,0.079968,1,2,1,1,1,1.0,0,1
1.291469,22,22,1166,1668,62,252,6894.474609,9867.833008,7,9,61.498525,59.917571,0.02659,0.014166,0.012424,3,2,2,2,1,0.0,0,1
0.001755,4,4,520,304,31,29,1777777.75,1039316.25,0,0,0.444333,0.221667,0.0,0.0,0.0,8,4,4,3,0,0.0,0,0
0.016305,34,36,2230,15228,31,29,1062250.875,7264029.5,7,11,0.482606,0.448314,0.000753,0.000603,0.00015,13,2,6,1,0,0.0,0,0
0.001159,2,2,146,178,31,29,503882.6563,614322.6875,0,0,0.009,0.001,0.0,0.0,0.0,4,1,2,1,0,0.0,0,0
1e-05,3,0,3022,0,254,0,1612000000.0,0.0,0,0,0.007,0.0,0.0,0.0,0.0,4,1,1,1,2,0.0,0,1
0.080045,24,28,2048,2514,31,29,196189.6406,242363.6719,6,7,3.464783,2.940556,0.000772,0.000639,0.000133,24,4,9,4,0,0.0,0,0
1.1e-05,2,0,114,0,254,0,41454544.0,0.0,0,0,0.011,0.0,0.0,0.0,0.0,14,7,7,7,2,0.0,0,1
4e-06,2,0,114,0,254,0,114000000.0,0.0,0,0,0.004,0.0,0.0,0.0,0.0,14,7,7,7,2,0.0,0,1
0.015316,44,46,2750,28874,31,29,1404021.875,14754244.0,7,16,0.347605,0.326933,0.000731,0.000592,0.000139,15,4,12,4,0,0.0,0,0
1.103876,12,18,1580,10168,31,29,10501.17969,69602.02344,3,5,100.319092,64.904292,0.000631,0.000499,0.000132,1,6,3,1,0,1.0,0,0
0.265258,10,14,796,10480,62,252,21624.22852,293510.4688,2,5,29.473111,19.438538,0.048359,0.011962,0.036397,1,1,1,2,1,1.0,0,1
3e-06,2,0,200,0,254,0,266666656.0,0.0,0,0,0.003,0.0,0.0,0.0,0.0,11,5,8,5,2,0.0,0,1
1.131837,10,8,798,354,254,252,5082.003906,2191.128174,2,1,123.860667,155.686141,0.102932,0.042025,0.060907,2,1,1,1,1,1.0,0,1
0.028827,54,56,3302,35742,31,29,899434.5625,9741978.0,7,21,0.537792,0.514455,0.000665,0.000528,0.000137,8,1,2,1,0,0.0,0,0
0.003787,8,10,1028,822,31,29,1901241.125,1563242.625,2,2,0.489143,0.363222,0.000635,0.000514,0.000121,2,3,2,2,0,1.0,0,0
0.902707,10,8,806,1130,62,252,6433.981445,8764.749023,2,2,100.187556,118.720711,0.214973,0.071653,0.14332,1,1,15,1,1,1.0,0,1
1.435891,16,34,1438,34173,62,252,7515.890625,184793.9688,3,14,95.726068,40.408,0.168001,0.101661,0.06634,2,1,2,1,1,1.0,0,1
0.001764,4,4,544,304,31,29,1850340.125,1034013.563,0,0,0.445,0.230333,0.0,0.0,0.0,7,6,6,3,0,0.0,0,0
0.579786,8,8,364,914,62,252,4401.624023,11038.55566,1,2,82.826571,71.39357,0.093104,0.047776,0.045328,3,2,2,2,1,0.0,0,1
0.001785,4,4,536,304,31,29,1801680.75,1021848.75,0,0,0.449333,0.234333,0.0,0.0,0.0,11,5,3,3,0,0.0,0,0
0.016034,38,40,2438,20006,31,29,1184483.0,9732319.0,7,13,0.424486,0.395513,0.000736,0.000599,0.000137,12,3,3,1,0,0.0,0,0
1.101219,10,10,754,1216,62,252,4932.715332,7954.820312,2,2,122.266667,115.582336,0.091506,0.060969,0.030537,2,3,2,2,1,4.0,0,1
0.016804,16,18,1540,1644,31,29,687455.375,739347.75,4,4,1.098667,0.961059,0.000598,0.000463,0.000135,11,7,15,6,0,0.0,0,0
0.001695,4,4,520,304,31,29,1840708.0,1076106.25,0,0,0.441333,0.203667,0.0,0.0,0.0,11,1,1,1,0,0.0,0,0
0.001067,2,2,146,178,31,29,547329.0,667291.5,0,0,0.01,0.008,0.0,0.0,0.0,4,1,5,1,0,0.0,0,0
0.695355,10,6,978,268,254,252,10135.83008,2577.10083,2,1,75.441889,122.809,0.181979,0.081301,0.100678,1,1,1,1,1,1.0,0,1
0.910488,10,8,1298,354,254,252,10271.41504,2723.813965,2,1,97.793444,119.339711,0.12666,0.075105,0.051555,1,2,19,2,1,1.0,0,1
0.897789,122,126,7804,15304,31,29,68978.34375,135292.375,30,32,7.41681,7.177896,0.000703,0.000548,0.000155,7,2,2,1,0,0.0,0,0
7.6e-05,1,0,60,0,0,0,0.0,0.0,0,0,0.0,0.0,0.0,0.0,0.0,9,6,6,6,2,0.0,0,1
0.618109,10,8,808,1196,62,252,9422.286133,13551.00781,2,2,68.678778,75.045141,0.145839,0.077466,0.068373,4,2,2,4,1,4.0,0,1
5e-06,2,0,168,0,254,0,134400000.0,0.0,0,0,0.005,0.0,0.0,0.0,0.0,1,1,1,1,2,0.0,0,1
0.634153,10,6,938,268,254,252,10659.8877,2825.816406,2,1,68.482667,116.604797,0.084165,0.051125,0.03304,1,1,1,1,1,1.0,0,1
7e-06,2,0,114,0,254,0,65142856.0,0.0,0,0,0.007,0.0,0.0,0.0,0.0,13,4,4,4,2,0.0,0,1
0.282158,10,10,804,4904,62,252,20527.50586,125149.7422,2,3,31.350889,29.051444,0.071421,0.020034,0.051387,1,1,1,1,1,1.0,0,1
1.540888,10,8,534,354,254,252,2497.261475,1609.461548,2,1,168.808667,208.501719,0.245427,0.081369,0.164058,7,2,2,1,1,0.0,0,1
0.062099,72,74,4222,61786,31,29,536433.75,7852236.0,7,30,0.869606,0.842726,0.000694,0.000569,0.000125,8,4,6,4,0,0.0,0,0
0.005786,22,24,2054,2478,31,29,2711372.25,3283788.5,6,6,0.258714,0.225565,0.000783,0.000596,0.000187,6,3,3,2,0,0.0,0,0
1.626013,10,8,564,354,254,252,2499.36499,1525.203003,2,1,180.563111,206.780141,0.29256,0.178545,0.114015,1,1,1,1,1,0.0,0,1
0.341125,10,8,818,1398,62,252,17283.98633,28705.01953,2,2,37.902778,36.88243,0.105137,0.082227,0.02291,1,1,21,1,1,1.0,0,1
0.310408,10,8,766,1370,62,252,17783.04688,30901.26563,2,2,34.489778,35.89843,0.087752,0.05821,0.029542,1,3,1,1,1,1.0,0,1
0.033749,48,50,2974,32564,31,29,690509.375,7564787.5,7,18,0.710298,0.676469,0.00073,0.000591,0.000139,2,1,2,1,0,0.0,0,0
3.348556,10,8,936,354,254,252,2014.002441,740.617737,2,1,371.959333,465.452719,0.212228,0.090376,0.121852,1,1,2,1,1,0.0,0,1
1.064768,10,10,732,996,62,252,4951.313477,6739.496582,2,2,118.209667,106.797555,0.181383,0.103584,0.077799,1,1,1,1,1,1.0,0,1
0.472133,10,8,922,902,62,252,14063.83301,13386.05859,2,2,52.385111,63.293145,0.082239,0.029079,0.05316,1,2,1,1,1,0.0,0,1
0.448969,24,12,17124,924,254,252,292421.0625,15092.35547,9,4,18.750652,40.005637,0.054986,0.008897,0.046089,2,1,1,1,1,0.0,0,1
1.529987,36,20,26390,1410,62,252,134155.3906,7006.595703,14,6,43.015684,77.722313,0.075666,0.053257,0.022409,2,4,1,1,1,0.0,0,1
0.156165,4,4,528,304,31,29,20286.23438,11679.95313,0,0,29.020666,34.007668,0.0,0.0,0.0,9,7,5,3,0,0.0,0,0
2e-06,2,0,168,0,254,0,336000000.0,0.0,0,0,0.002,0.0,0.0,0.0,0.0,3,3,1,1,2,0.0,0,1
1.2e-05,2,0,114,0,254,0,38000000.0,0.0,0,0,0.012,0.0,0.0,0.0,0.0,15,1,1,1,2,0.0,0,1
0.764517,10,6,854,268,254,252,8046.910645,2343.963623,2,1,75.007889,131.888,0.196748,0.105076,0.091672,1,1,15,1,1,1.0,0,1
0.215117,10,18,804,15876,62,252,26924.88281,557612.875,2,7,23.901889,11.923647,0.054186,0.00717,0.047016,1,1,1,1,1,1.0,0,1
0.015222,40,42,2542,21874,31,29,1302851.125,11222704.0,7,14,0.382205,0.359439,0.000622,0.000481,0.000141,9,5,7,2,0,0.0,0,0
0.226391,10,10,774,4232,62,252,24629.95313,134598.9844,2,2,25.154556,23.104333,0.059676,0.008734,0.050942,1,1,1,1,1,1.0,0,1
1.1e-05,2,0,686,0,62,0,249454544.0,0.0,0,0,0.011,0.0,0.0,0.0,0.0,1,1,1,1,2,0.0,0,1
1e-05,2,0,114,0,254,0,45600000.0,0.0,0,0,0.01,0.0,0.0,0.0,0.0,12,3,3,3,2,0.0,0,1
0.158556,10,6,956,268,254,252,43442.06641,11302.00098,2,1,15.746111,29.4676,0.026651,0.011216,0.015435,1,1,2,1,1,1.0,0,1
0.216884,10,12,774,6590,62,252,25709.5957,222828.7969,2,4,24.098222,18.434908,0.063253,0.007123,0.05613,1,1,1,1,1,1.0,0,1
1.1e-05,2,0,200,0,254,0,88888888.0,0.0,0,0,0.009,0.0,0.0,0.0,0.0,11,4,8,4,2,0.0,0,1
0.164601,84,86,4862,82278,31,29,233534.4219,3952442.5,7,36,1.978578,1.929718,0.000708,0.000571,0.000137,3,2,3,1,0,0.0,0,0
1.1e-05,2,0,200,0,254,0,72727272.0,0.0,0,0,0.011,0.0,0.0,0.0,0.0,22,6,7,6,2,0.0,0,1
1.1e-05,2,0,200,0,254,0,72727272.0,0.0,0,0,0.011,0.0,0.0,0.0,0.0,11,4,8,4,2,0.0,0,1
7e-06,2,0,114,0,254,0,65142856.0,0.0,0,0,0.007,0.0,0.0,0.0,0.0,13,7,7,7,2,0.0,0,1
2.030708,352,746,18786,1087890,31,29,73798.89063,4280012.5,2,370,5.784595,2.72504,0.00071,0.00055,0.00016,2,2,2,2,0,1.0,0,0
0.075037,40,42,2558,23268,31,29,266002.0938,2421632.0,7,14,1.915692,1.816293,0.000697,0.000558,0.000139,8,7,6,1,0,0.0,0,0
0.051343,52,42,37262,3380,31,29,5694408.0,514188.875,18,8,0.999627,1.238244,0.000707,0.000571,0.000136,1,5,3,1,0,0.0,0,0
1.281027,14,18,1684,10168,31,29,9767.164062,59976.87891,3,5,98.512692,75.323941,0.000672,0.000516,0.000156,2,4,4,2,0,1.0,0,0
1.1e-05,2,0,114,0,254,0,41454544.0,0.0,0,0,0.011,0.0,0.0,0.0,0.0,7,3,3,3,2,0.0,0,1
0.045752,6,8,320,1892,31,29,46686.48438,289561.125,1,2,9.088,6.46,0.000647,0.000522,0.000125,3,4,7,3,0,0.0,0,0
0.058781,18,20,3992,2560,31,29,513227.0625,330991.3125,7,7,3.439294,3.06379,0.000709,0.000565,0.000144,6,3,3,2,0,0.0,0,0
4e-06,2,0,114,0,254,0,114000000.0,0.0,0,0,0.004,0.0,0.0,0.0,0.0,14,6,6,6,2,0.0,0,1
6e-06,2,0,114,0,254,0,76000000.0,0.0,0,0,0.006,0.0,0.0,0.0,0.0,7,4,4,4,2,0.0,0,1
3.881865,32,26,3728,5578,31,29,7443.844727,11054.48047,7,7,125.221452,155.247922,0.000667,0.000529,0.000138,2,3,3,1,0,0.0,0,0
0.004237,8,10,1036,822,31,29,1712532.5,1397215.0,2,2,0.558571,0.412556,0.000667,0.000516,0.000151,1,2,6,1,0,1.0,0,0
0.609829,10,6,1172,268,254,252,13839.94531,2938.528564,2,1,67.722889,114.117,0.139251,0.039237,0.100014,1,1,1,1,1,1.0,0,1
0.004246,12,12,1036,2262,31,29,1789919.875,3907677.75,4,4,0.354455,0.329273,0.000754,0.000614,0.00014,9,2,5,2,0,0.0,0,0
0.010946,38,40,2438,19414,31,29,1735063.0,13834460.0,7,13,0.287243,0.265333,0.000747,0.000588,0.000159,8,1,4,1,0,0.0,0,0
0.004468,8,12,424,8824,31,29,664279.3125,14483438.0,1,4,0.590429,0.361727,0.00062,0.000486,0.000134,12,24,22,15,0,0.0,0,0
0.467989,10,6,946,268,254,252,14564.44531,3829.149902,2,1,51.998778,75.899,0.11413,0.060641,0.053489,2,1,2,1,1,0.0,0,1
0.679699,12,10,1284,2042,62,252,13853.19043,21633.10547,3,3,61.790817,68.435445,0.118762,0.062485,0.056277,1,1,1,1,1,1.0,0,1
0.392461,28,30,5104,3080,31,29,100330.9844,60704.12109,7,7,14.522889,13.516689,0.000604,0.000473,0.000131,5,7,5,3,0,0.0,0,0
1.1e-05,2,0,168,0,254,0,61090908.0,0.0,0,0,0.011,0.0,0.0,0.0,0.0,2,1,1,1,2,0.0,0,1
0.003336,8,12,424,8824,31,29,889688.25,19398082.0,1,4,0.431429,0.259909,0.000604,0.000474,0.00013,3,5,10,5,0,0.0,0,0
1.513393,232,438,13350,548216,31,29,70268.59375,2891330.75,21,197,6.550112,3.462076,0.000583,0.00046,0.000123,3,1,6,1,0,0.0,0,0
8e-06,2,0,114,0,254,0,57000000.0,0.0,0,0,0.008,0.0,0.0,0.0,0.0,3,4,3,3,2,0.0,0,1
0.024888,40,40,2542,21346,31,29,796849.875,6690132.0,7,14,0.627513,0.623872,0.000697,0.000553,0.000144,7,2,7,1,0,0.0,0,0
0.284473,10,16,808,15068,62,252,20472.94531,397282.0,2,6,31.608111,16.305267,0.030315,0.011895,0.01842,1,1,2,1,1,1.0,0,1
0.050819,42,44,2646,23604,31,29,406619.5938,3631397.75,7,15,1.231098,1.16593,0.000834,0.000677,0.000157,5,2,1,1,0,0.0,0,0
0.555673,12,10,1324,4088,62,252,17477.9043,52980.80078,3,3,50.515727,53.152445,0.111885,0.07696,0.034925,2,1,1,1,1,1.0,0,1
0.821905,10,8,564,354,254,252,4944.610352,3017.380371,2,1,91.297778,111.15457,0.071868,0.043812,0.028056,7,2,3,1,1,0.0,0,1
0.228338,10,8,826,1458,62,252,26066.62109,44705.65625,2,2,25.370889,31.026,0.05159,0.007111,0.044479,2,1,1,1,1,1.0,0,1
0.027009,52,54,3182,35916,31,29,924432.625,10441261.0,7,20,0.520216,0.489038,0.001191,0.001079,0.000112,5,5,2,1,0,0.0,0,0
1.828015,332,358,26144,49786,31,29,114073.4609,217271.75,78,103,5.521746,5.133163,0.000755,0.000599,0.000156,1,4,2,1,0,0.0,0,0
2.080948,34,170,1784,217069,62,252,6658.503418,829594.9375,2,83,63.05903,11.99784,0.10371,0.052527,0.051183,2,1,2,1,1,1.0,0,1
0.146649,22,24,2054,2478,31,29,106976.5234,129561.0547,6,6,6.965,6.348957,0.000752,0.000611,0.000141,6,16,1,1,0,0.0,0,0
0.583337,14,6,8928,320,31,29,113704.4297,3661.691162,4,1,44.872078,116.544797,0.000614,0.000482,0.000132,3,3,3,2,0,0.0,0,0
5e-06,2,0,180,0,254,0,144000000.0,0.0,0,0,0.005,0.0,0.0,0.0,0.0,4,3,3,2,2,0.0,0,1
1.619121,56,300,3156,407508,62,252,15316.95313,2006767.875,3,148,29.438563,5.206301,0.057376,0.012584,0.044792,2,1,1,1,1,1.0,0,1
0.01989,54,56,3302,37162,31,29,1303569.625,14680342.0,7,21,0.36934,0.3494,0.000819,0.000662,0.000157,7,1,4,1,0,0.0,0,0
2.696908,24,72,1268,72026,62,252,3607.09375,210688.6875,6,33,117.256869,36.660593,0.184493,0.093483,0.09101,1,1,3,1,1,0.0,0,1
0.036135,4,4,536,304,31,29,88999.58594,50477.37891,0,0,6.670667,7.681333,0.0,0.0,0.0,3,2,5,2,0,0.0,0,0
0.097832,60,62,3614,48098,31,29,290620.6563,3869735.75,7,24,1.652763,1.596115,0.000599,0.000465,0.000134,5,4,3,1,0,0.0,0,0
1.764818,14,12,2740,682,254,252,11536.60059,2837.686523,4,4,135.684611,150.686359,0.203384,0.107264,0.09612,1,1,1,1,1,0.0,0,1
1.619812,14,18,1684,10168,31,29,7724.353027,47432.66406,3,5,124.379236,95.243588,0.000837,0.000665,0.000172,2,1,1,1,0,1.0,0,0
1.64054,10,10,812,5420,62,252,3564.679932,23787.28906,2,3,182.282222,174.619444,0.131622,0.028645,0.102977,1,1,1,1,1,1.0,0,1
0.441325,10,6,1016,268,254,252,16586.41602,4060.499512,2,1,46.435111,66.586797,0.159138,0.108388,0.05075,1,2,1,1,1,1.0,0,1
0.026808,16,18,1540,1644,31,29,430916.1563,463443.75,4,4,1.764867,1.546882,0.000633,0.000502,0.000131,23,8,17,7,0,0.0,0,0
0.310002,10,6,1036,268,254,252,24077.26367,5780.60791,2,1,34.355222,48.979,0.110303,0.065104,0.045199,1,1,1,1,1,1.0,0,1
0.000992,2,2,146,178,31,29,588709.6875,717741.9375,0,0,0.011,0.004,0.0,0.0,0.0,3,2,3,2,0,0.0,0,0
0.144815,106,204,6492,242532,31,29,355267.0625,13332542.0,12,89,1.375962,0.710897,0.000642,0.000487,0.000155,14,3,5,2,0,0.0,0,0
0.03089,72,74,4238,65118,31,29,1082551.0,16636841.0,7,30,0.430408,0.415849,0.000664,0.000528,0.000136,4,2,2,1,0,0.0,0,0
1.086108,14,18,1684,10168,31,29,11520.0332,70740.66406,3,5,83.519767,63.854,0.000714,0.00058,0.000134,1,3,2,2,0,1.0,0,0
7e-06,2,0,114,0,254,0,65142856.0,0.0,0,0,0.007,0.0,0.0,0.0,0.0,14,7,7,7,2,0.0,0,1
0.005819,24,26,2048,2410,31,29,2698745.5,3186802.0,6,7,0.236826,0.20708,0.000797,0.000635,0.000162,13,14,3,3,0,0.0,0,0
0.009144,34,36,2230,13288,31,29,1894138.25,11302712.0,7,11,0.275563,0.251412,0.000737,0.000585,0.000152,4,2,4,1,0,0.0,0,0
1.38514,14,6,8928,320,31,29,47885.41406,1542.082397,4,1,106.549231,276.91,0.000613,0.00046,0.000153,2,4,4,2,0,0.0,0,0
1.073811,12,18,1580,10168,31,29,10795.19531,71550.76563,3,5,97.588909,63.136649,0.00061,0.000485,0.000125,1,6,3,5,0,1.0,0,0
0.001244,2,2,146,178,31,29,469453.375,572347.25,0,0,0.009,0.006,0.0,0.0,0.0,5,2,1,1,0,0.0,0,0
1.1e-05,2,0,114,0,254,0,41454544.0,0.0,0,0,0.011,0.0,0.0,0.0,0.0,13,7,7,7,2,0.0,0,1
1.687664,56,330,2798,428580,62,252,13031.0293,2025436.25,2,163,30.684801,5.093732,0.087364,0.012334,0.07503,1,1,1,1,1,1.0,0,1
0.747508,10,6,1014,268,254,252,9771.132812,2397.298828,2,1,79.787,137.664406,0.198413,0.059182,0.139231,2,1,1,1,1,1.0,0,1
0.225495,10,6,1200,268,254,252,38315.70703,7946.961426,2,1,25.055,37.483602,0.062416,0.016092,0.046324,2,1,1,1,1,1.0,0,1
0.005171,4,4,568,312,31,29,659060.125,362018.9375,0,0,1.344667,1.166667,0.0,0.0,0.0,8,4,2,2,0,0.0,0,0
0.004962,4,4,568,312,31,29,686819.8125,377267.2188,0,0,1.29,1.135,0.0,0.0,0.0,14,4,6,3,0,0.0,0,0
1.441438,10,8,778,354,254,252,3890.559326,1720.50415,2,1,160.159778,184.717578,0.150729,0.082367,0.068362,1,1,1,1,1,1.0,0,1
2.58252,340,746,18162,1087890,31,29,56097.14453,3365494.25,2,370,7.617147,3.465757,0.000678,0.000527,0.000151,3,4,4,2,0,1.0,0,0
0.001056,2,2,130,162,31,29,492424.25,613636.375,0,0,0.005,0.001,0.0,0.0,0.0,3,3,4,1,0,0.0,0,0
0.377386,6,8,320,1886,31,29,5659.987305,34998.64844,1,2,75.4102,53.844145,0.000624,0.000472,0.000152,3,1,2,1,0,0.0,0,0
3e-06,2,0,264,0,60,0,352000000.0,0.0,0,0,0.003,0.0,0.0,0.0,0.0,8,2,2,2,0,0.0,0,0
0.051716,44,48,2766,24218,31,29,418284.4688,3668342.5,7,16,1.194256,1.086213,0.000832,0.000653,0.000179,12,4,9,2,0,0.0,0,0
0.012091,36,38,2334,16734,31,29,1501943.625,10780912.0,7,12,0.335686,0.310378,0.000735,0.000597,0.000138,8,2,3,1,0,0.0,0,0
0.001039,2,2,146,178,31,29,562078.9375,685274.3125,0,0,0.011,0.008,0.0,0.0,0.0,3,3,3,2,0,0.0,0,0
1.2e-05,2,0,1064,0,254,0,354666656.0,0.0,0,0,0.012,0.0,0.0,0.0,0.0,30,12,12,12,2,0.0,0,1
0.02656,56,58,3390,42716,31,29,1003012.063,12644579.0,7,22,0.476818,0.454544,0.000775,0.00064,0.000135,13,2,4,1,0,0.0,0,0
0.023296,48,50,2958,32650,31,29,994848.875,10987981.0,7,18,0.498696,0.465408,0.00062,0.000487,0.000133,15,10,17,4,0,0.0,0,0
0.231187,4,4,568,312,31,29,14741.31348,8097.341309,0,0,53.711,58.631,0.0,0.0,0.0,4,2,3,2,0,0.0,0,0
7e-06,2,0,114,0,254,0,65142856.0,0.0,0,0,0.007,0.0,0.0,0.0,0.0,7,7,7,7,2,0.0,0,1
1e-05,2,0,114,0,254,0,45600000.0,0.0,0,0,0.01,0.0,0.0,0.0,0.0,7,5,4,4,2,0.0,0,1
0.750705,10,6,1008,268,254,252,9676.237305,2387.089355,2,1,83.411667,145.611406,0.063526,0.01208,0.051446,1,1,1,1,1,1.0,0,1
0.294201,12,8,2040,2742,254,252,50849.58984,65261.50781,3,2,24.867817,40.999,0.052721,0.007199,0.045522,1,1,1,1,1,1.0,0,1
0.022496,44,46,2750,28086,31,29,955903.25,9770982.0,7,16,0.515581,0.488,0.000665,0.000532,0.000133,4,3,4,1,0,0.0,0,0
0.001053,2,2,146,178,31,29,554605.875,676163.375,0,0,0.01,0.008,0.0,0.0,0.0,2,3,3,1,0,0.0,0,0
0.012878,44,46,2766,24004,31,29,1679764.0,14587980.0,7,16,0.29207,0.274378,0.000661,0.000527,0.000134,7,3,3,1,0,0.0,0,0
1.046351,12,18,1580,10168,31,29,11078.50098,73428.51563,3,5,95.089638,61.51847,0.000674,0.000532,0.000142,1,1,3,2,0,1.0,0,0
0.031989,72,74,4222,64342,31,29,1041357.938,15873706.0,7,30,0.445901,0.429616,0.00077,0.000616,0.000154,4,5,3,2,0,0.0,0,0
0.00105,2,2,146,178,31,29,556190.5,678095.25,0,0,0.011,0.009,0.0,0.0,0.0,2,2,3,2,0,0.0,0,0
0.042023,54,56,3302,35712,31,29,616995.4375,6677296.0,7,21,0.786302,0.751236,0.000832,0.000695,0.000137,11,2,2,1,0,0.0,0,0
0.001075,2,2,146,178,31,29,543255.8125,662325.5625,0,0,0.011,0.006,0.0,0.0,0.0,2,5,1,1,0,0.0,0,0
0.024908,48,50,2974,33374,31,29,935603.0,10504898.0,7,18,0.523021,0.48598,0.001181,0.001084,9.7e-05,10,4,4,1,0,0.0,0,0
0.591114,10,6,882,268,254,252,10745.8125,3031.564209,2,1,62.553889,103.809602,0.139934,0.072063,0.067871,1,1,2,1,1,1.0,0,1
4e-06,2,0,114,0,254,0,114000000.0,0.0,0,0,0.004,0.0,0.0,0.0,0.0,7,7,8,7,2,0.0,0,1
0.023869,60,62,3598,49642,31,29,1186141.0,16370019.0,7,24,0.399475,0.381475,0.00075,0.000595,0.000155,5,4,2,1,0,0.0,0,0
1.008793,14,18,1684,10168,31,29,12402.94141,76162.30469,3,5,77.569538,59.306588,0.000735,0.000576,0.000159,2,1,1,1,0,1.0,0,0
5.740708,420,816,23670,1041027,31,29,32907.44141,1448953.0,37,363,13.700177,7.043232,0.000591,0.000467,0.000124,10,4,3,2,0,0.0,0,0
0.861824,60,14,68183,612,254,252,622373.0,5281.820801,27,1,14.590084,61.184461,0.124439,0.066424,0.058015,3,3,2,2,1,1.0,0,1
0.526291,16,18,1540,1644,31,29,21949.83398,23606.71094,4,4,35.061335,30.927471,0.000662,0.000523,0.000139,10,2,2,2,0,0.0,0,0
0.000991,2,2,146,178,31,29,589303.75,718466.1875,0,0,0.001,0.009,0.0,0.0,0.0,2,2,2,1,0,0.0,0,0
8e-06,2,0,200,0,254,0,100000000.0,0.0,0,0,0.008,0.0,0.0,0.0,0.0,14,4,11,4,2,0.0,0,1
0.450373,10,6,1050,268,254,252,16786.08594,3978.924072,2,1,50.027778,75.227797,0.127563,0.074224,0.053339,1,2,1,1,1,1.0,0,1
0.22512,8,12,424,8824,31,29,13184.08008,287455.5938,1,4,32.109142,20.416273,0.000668,0.000536,0.000132,3,5,8,4,0,0.0,0,0
1.324507,58,12,68115,526,254,252,404322.5,2917.311768,26,1,23.029895,113.654906,0.233129,0.074298,0.158831,2,1,1,2,1,1.0,0,1
0.004674,4,4,568,312,31,29,729139.875,400513.4688,0,0,1.275667,1.052,0.0,0.0,0.0,4,7,3,3,0,0.0,0,0
0.005268,4,4,568,304,31,29,646924.8125,346241.4688,0,0,1.426333,1.237,0.0,0.0,0.0,5,4,3,3,0,0.0,0,0
8e-06,2,0,1064,0,254,0,532000000.0,0.0,0,0,0.008,0.0,0.0,0.0,0.0,3,1,2,1,2,0.0,0,1
1.217031,12,18,1580,10168,31,29,9524.819336,63130.68359,3,5,110.607456,71.557411,0.000748,0.000549,0.000199,10,2,4,1,0,1.0,0,0
1.139999,14,18,1684,10168,31,29,10975.44824,67396.54688,3,5,87.664382,67.024882,0.00075,0.000572,0.000178,2,3,2,1,0,1.0,0,0
4e-06,2,0,114,0,254,0,114000000.0,0.0,0,0,0.004,0.0,0.0,0.0,0.0,7,2,2,2,2,0.0,0,1
0.014598,44,46,2766,27384,31,29,1481846.875,14680915.0,7,16,0.331814,0.312622,0.000691,0.000523,0.000168,10,4,4,1,0,0.0,0,0
0.0,444,844,24244,1093352,31,29,21952.41797,991041.4375,33,386,19.898648,10.432728,0.0,0.0,0.0,9,3,4,2,0,0.0,0,0
0.503472,16,12,912,694,254,252,13585.66211,10121.71582,5,4,33.564801,39.400184,0.070148,0.045824,0.024324,6,1,3,1,1,0.0,0,1
2.871103,10,10,854,1302,62,252,2142.730469,3265.643799,2,2,319.011444,301.302875,0.261233,0.158752,0.102481,3,2,2,4,1,4.0,0,1
0.648758,52,42,37508,3380,31,29,453629.875,40693.14063,18,8,12.713509,15.811561,0.000594,0.00048,0.000114,1,4,1,1,0,0.0,0,0
1.2e-05,2,0,114,0,254,0,38000000.0,0.0,0,0,0.012,0.0,0.0,0.0,0.0,7,4,4,4,2,0.0,0,1
0.015196,44,46,2750,27344,31,29,1415109.25,14082653.0,7,16,0.34493,0.324511,0.000722,0.000581,0.000141,2,5,3,1,0,0.0,0,0
1.112323,58,14,68109,612,254,252,481406.9063,4092.336426,26,1,18.496439,80.461383,0.108671,0.066317,0.042354,2,1,4,2,1,1.0,0,1
1.1e-05,2,0,200,0,254,0,88888888.0,0.0,0,0,0.009,0.0,0.0,0.0,0.0,14,1,1,1,2,0.0,0,1
0.016309,44,46,2766,25742,31,29,1326384.125,12352934.0,7,16,0.370884,0.349222,0.000698,0.000584,0.000114,9,3,5,1,0,0.0,0,0
1.358624,10,12,782,4326,62,252,4145.370605,23353.03906,2,3,150.958222,115.724091,0.218911,0.084596,0.134315,4,1,2,1,1,0.0,0,1
0.522206,10,6,514,268,254,252,7092.986328,3431.595947,2,1,55.536222,81.774398,0.154044,0.113328,0.040716,7,1,2,1,1,0.0,0,0
1.758904,20,34,1106,23846,62,252,4780.249512,105270.1016,6,14,92.573897,48.744,0.147908,0.118893,0.029015,1,1,1,1,1,0.0,0,1
4e-06,2,0,114,0,254,0,114000000.0,0.0,0,0,0.004,0.0,0.0,0.0,0.0,9,4,6,4,2,0.0,0,1
0.327738,10,8,778,1364,62,252,17111.23047,29145.23242,2,2,36.315222,38.822285,0.118394,0.055979,0.062415,2,1,1,1,1,1.0,0,1
0.916536,10,8,534,354,254,252,4198.416992,2705.840332,2,1,101.837333,112.01743,0.206035,0.075486,0.130549,4,2,3,2,1,0.0,0,1
0.296775,52,42,37178,3380,31,29,982939.875,88956.27344,18,8,5.812196,7.225,0.000667,0.000546,0.000121,13,8,7,1,0,0.0,0,0
0.001064,2,2,146,178,31,29,548872.1875,669172.9375,0,0,0.01,0.008,0.0,0.0,0.0,2,3,3,1,0,0.0,0,0
7.579835,648,1278,36138,1641360,31,29,38083.15234,1730988.625,55,583,11.714855,5.935276,0.000607,0.000485,0.000122,11,2,4,2,0,0.0,0,0
0.125503,20,18,4048,2296,31,29,245157.4844,138259.6406,7,6,6.581316,7.348235,0.000746,0.00058,0.000166,12,3,11,3,0,0.0,0,0
2e-06,2,0,114,0,254,0,228000000.0,0.0,0,0,0.002,0.0,0.0,0.0,0.0,8,7,7,7,2,0.0,0,1
0.015921,38,40,2438,20006,31,29,1192889.875,9801394.0,7,13,0.421405,0.391538,0.000806,0.000641,0.000165,9,3,5,1,0,0.0,0,0
0.048739,14,8,8928,424,31,29,1360881.375,60895.78906,4,1,3.749154,6.866571,0.000595,0.000474,0.000121,3,5,9,5,0,0.0,0,0
0.001074,2,2,130,162,31,29,484171.3125,603351.9375,0,0,0.011,0.005,0.0,0.0,0.0,2,5,2,1,0,0.0,0,0
3.5e-05,2,0,114,0,254,0,13028571.0,0.0,0,0,0.035,0.0,0.0,0.0,0.0,7,6,5,5,2,0.0,0,1
0.001333,2,2,146,178,31,29,438109.5313,534133.5,0,0,0.01,0.008,0.0,0.0,0.0,12,3,9,3,0,0.0,0,0
0.004184,12,12,1036,2262,31,29,1816443.5,3965583.0,4,4,0.349727,0.323273,0.000743,0.000617,0.000126,22,4,4,1,0,0.0,0,0
0.015898,46,48,2854,30654,31,29,1404956.5,15104289.0,7,17,0.346244,0.322574,0.000888,0.000726,0.000162,8,3,2,1,0,0.0,0,0
0.004534,8,12,424,8824,31,29,654609.625,14272607.0,1,4,0.604286,0.369818,0.000587,0.000462,0.000125,3,8,8,4,0,0.0,0,0
2.295047,10,10,838,1364,62,252,2631.754395,4280.522461,2,2,254.995444,244.005437,0.192375,0.098997,0.093378,2,1,1,1,1,1.0,0,1
0.759656,10,8,904,354,254,252,8572.300781,3264.635498,2,1,84.406222,95.740711,0.139985,0.088858,0.051127,2,1,1,1,1,1.0,0,1
0.307151,12,14,1234,9368,62,252,29483.87109,226572.6094,3,5,27.922817,22.551538,0.054472,0.007341,0.047131,2,1,1,1,1,1.0,0,1
0.001292,2,2,132,164,31,29,408668.75,507739.9688,0,0,0.011,0.003,0.0,0.0,0.0,1,8,10,6,0,0.0,0,0
0.895673,14,16,1436,1404,31,29,11915.06348,11763.22168,4,3,68.873695,59.187801,0.00804,0.007852,0.000188,16,10,9,6,0,0.0,0,0
0.183679,10,6,1610,268,254,252,63110.10156,9756.150391,2,1,18.824778,35.418602,0.050124,0.006582,0.043542,1,1,1,1,1,1.0,0,1
0.597572,10,8,694,354,254,252,8367.192383,4150.127441,2,1,66.296,76.72543,0.129803,0.060484,0.069319,2,2,2,2,1,1.0,0,1
1.1e-05,2,0,114,0,254,0,41454544.0,0.0,0,0,0.011,0.0,0.0,0.0,0.0,7,3,3,3,2,0.0,0,1
0.237887,16,6,10876,268,254,252,342919.125,7532.988281,5,1,13.333333,41.834,0.082087,0.028709,0.053378,2,1,1,1,1,0.0,0,1
0.009909,36,38,2334,15722,31,29,1832677.375,12359673.0,7,12,0.273657,0.249919,0.000797,0.000651,0.000146,7,3,4,2,0,0.0,0,0
0.001059,2,2,130,162,31,29,491029.25,611898.0,0,0,0.01,0.011,0.0,0.0,0.0,9,2,6,2,0,0.0,0,0
0.23462,10,6,1142,268,254,252,35052.42578,7637.882324,2,1,26.068889,44.845398,0.05812,0.009326,0.048794,2,1,1,1,1,0.0,0,1
1.035032,12,18,1580,10168,31,29,11199.65332,74231.51563,3,5,94.060362,60.851767,0.000694,0.000547,0.000147,1,3,1,1,0,1.0,0,0
0.001136,2,2,146,178,31,29,514084.5,626760.5625,0,0,0.007,0.008,0.0,0.0,0.0,3,3,3,1,0,0.0,0,0
0.031086,72,74,4222,61786,31,29,1071607.75,15686032.0,7,30,0.433056,0.417247,0.000777,0.00062,0.000157,9,19,7,3,0,0.0,0,0
1.1e-05,2,0,200,0,254,0,100000000.0,0.0,0,0,0.008,0.0,0.0,0.0,0.0,7,5,8,5,2,0.0,0,1
1.796687,38,148,1720,174146,62,252,7458.171387,770173.125,7,72,48.559109,12.1,0.085956,0.017267,0.068689,1,1,1,1,1,0.0,0,1
1.1e-05,2,0,114,0,254,0,41454544.0,0.0,0,0,0.011,0.0,0.0,0.0,0.0,14,7,7,7,2,0.0,0,1
1.246921,32,108,1464,122644,62,252,9104.025391,779577.875,7,52,40.223257,11.394523,0.037699,0.027089,0.01061,1,1,2,1,1,0.0,0,1
0.00163,4,4,528,304,31,29,1943558.375,1119018.375,0,0,0.417,0.207,0.0,0.0,0.0,4,5,4,3,0,0.0,0,0
0.187066,12,10,722,4772,254,252,28310.86328,183678.4844,3,3,17.006001,19.410222,0.05365,0.007643,0.046007,1,1,2,1,1,1.0,0,1
0.005546,22,14,1470,1728,31,29,2025243.5,2315182.25,5,4,0.264095,0.372538,0.000948,0.000573,0.000375,20,10,8,3,0,0.0,0,0
0.154233,10,6,3074,268,254,252,143523.1094,11618.78516,2,1,17.137,25.4356,0.070864,0.019063,0.051801,1,1,1,1,1,1.0,0,1
0.684805,10,8,894,916,62,252,9404.137695,9369.09082,2,2,75.992778,84.36243,0.194111,0.094265,0.099846,1,1,1,1,1,1.0,0,1
1.047113,14,12,810,682,254,252,5752.960938,4782.674316,4,4,80.47731,81.09618,0.219798,0.15505,0.064748,2,1,2,1,1,0.0,0,1
0.005095,6,8,320,1864,31,29,419234.5625,2560942.25,1,2,0.949,0.661857,0.000743,0.000456,0.000287,3,7,8,4,0,0.0,0,0
0.725949,10,10,946,6924,62,252,9389.089844,68677.0,1,3,80.553333,19.535778,0.0,0.0,0.0,2,1,6,1,1,0.0,0,1
3e-06,2,0,200,0,254,0,266666656.0,0.0,0,0,0.003,0.0,0.0,0.0,0.0,10,4,8,4,2,0.0,0,1
1.20927,28,136,1966,172106,62,252,12543.10449,1130209.125,2,66,44.787778,8.435074,0.115978,0.056271,0.059707,1,3,17,1,1,1.0,0,1
1.737395,26,60,1226,57224,62,252,5428.816895,259105.1406,7,28,69.456078,28.958186,0.094863,0.028855,0.066008,1,1,1,1,1,0.0,0,1
0.001101,2,2,146,178,31,29,530426.875,646684.8125,0,0,0.011,0.008,0.0,0.0,0.0,8,4,5,2,0,0.0,0,0
0.451276,10,10,836,1116,254,252,13348.81543,17816.14844,2,2,50.141778,43.656777,0.097825,0.046881,0.050944,2,1,1,1,1,1.0,0,1
0.036558,52,42,37252,3380,31,29,7995186.0,722140.1875,18,8,0.71,0.87861,0.000669,0.000528,0.000141,2,5,3,2,0,0.0,0,0
4e-06,2,0,200,0,254,0,200000000.0,0.0,0,0,0.004,0.0,0.0,0.0,0.0,15,6,11,6,2,0.0,0,1
0.007713,22,24,1920,4312,31,29,1901205.75,4286788.5,6,6,0.349333,0.311565,0.000663,0.000536,0.000127,3,2,1,1,0,0.0,0,0
1.413813,100,100,14512,17134,31,29,81295.05469,95984.40625,22,32,14.28094,14.273273,0.000776,0.000616,0.00016,1,4,3,1,0,0.0,0,0
0.001765,4,4,520,304,31,29,1767705.375,1033427.75,0,0,0.442333,0.228667,0.0,0.0,0.0,6,4,3,3,0,0.0,0,0
1.013028,12,18,1580,10168,31,29,11442.9209,75843.90625,3,5,92.061912,59.559469,0.000655,0.000513,0.000142,15,5,6,1,0,0.0,0,0
0.60861,10,6,912,268,254,252,10791.80469,2944.414551,2,1,65.308,117.719797,0.093442,0.020001,0.073441,2,1,1,1,1,1.0,0,1
0.662955,10,6,756,268,254,252,8217.75293,2703.049316,2,1,71.789333,114.396203,0.249157,0.09097,0.158187,5,1,2,1,1,0.0,0,1
1.109618,14,10,798,518,254,252,5342.379395,3366.924561,4,3,85.274923,115.721336,0.147008,0.068115,0.078893,6,1,3,1,1,0.0,0,1
0.215777,10,8,788,1648,62,252,26323.47266,53462.60547,2,2,23.975222,28.283428,0.055366,0.009074,0.046292,1,1,1,1,1,1.0,0,1
0.649819,10,8,816,1120,62,252,9048.672852,12064.89746,2,2,72.202111,78.58343,0.142018,0.09871,0.043308,4,19,2,4,1,4.0,0,1
0.000963,2,2,130,162,31,29,539979.25,672897.1875,0,0,0.011,0.002,0.0,0.0,0.0,6,8,10,5,0,0.0,0,0
2.566134,10,16,806,10896,62,252,2263.326904,31845.57031,2,5,285.126,166.693733,0.157844,0.065031,0.092813,1,1,1,1,1,1.0,0,1
1.347208,14,18,1684,10168,31,29,9287.355469,57030.53906,3,5,103.605079,79.190882,0.001074,0.00096,0.000114,1,1,1,1,0,1.0,0,0
0.386955,22,10,18696,582,254,252,368973.1563,10833.30078,8,3,16.696571,41.348,0.042141,0.014815,0.027326,1,1,1,1,1,0.0,0,1
0.016069,48,50,2974,30514,31,29,1450245.75,14887796.0,7,18,0.335128,0.324042,0.000648,0.000508,0.00014,18,2,7,1,0,0.0,0,0
1.0509,122,126,7806,15226,31,29,58943.76172,114994.7656,30,32,8.681802,8.402816,0.000702,0.000545,0.000157,7,2,2,1,0,0.0,0,0
7e-06,2,0,200,0,254,0,200000000.0,0.0,0,0,0.004,0.0,0.0,0.0,0.0,10,6,9,6,2,0.0,0,1
0.629475,10,6,854,268,254,252,9773.223633,2846.816895,2,1,66.984889,115.162602,0.166248,0.053658,0.11259,7,1,2,1,1,0.0,0,1
1.504905,32,110,2850,143508,62,252,14677.33887,755949.375,6,53,48.545322,13.597907,0.07212,0.035073,0.037047,1,1,15,1,1,1.0,0,1
0.000953,2,2,146,178,31,29,612801.6875,747114.375,0,0,0.001,0.005,0.0,0.0,0.0,4,2,2,1,0,0.0,0,0
0.551003,10,8,836,2548,62,252,10932.79004,32377.32031,2,2,61.222556,63.962,0.22298,0.085926,0.137054,2,1,18,1,1,1.0,0,1
1.573082,10,10,802,1400,62,252,3671.772949,6407.803223,2,2,174.786889,162.012328,0.218379,0.114201,0.104178,2,16,1,1,1,1.0,0,1
0.124514,4,4,568,320,31,29,27370.41602,15419.95313,0,0,36.340332,36.393668,0.0,0.0,0.0,11,5,5,5,0,0.0,0,0
3e-06,2,0,200,0,254,0,114285712.0,0.0,0,0,0.007,0.0,0.0,0.0,0.0,13,7,10,7,2,0.0,0,1
0.287189,10,8,824,1380,62,252,20669.31445,33650.3125,2,2,31.909889,34.341285,0.101143,0.032027,0.069116,1,1,2,1,1,1.0,0,1
0.007067,24,24,2158,2464,31,29,2342153.75,2673836.25,6,6,0.292087,0.279391,0.000783,0.000637,0.000146,10,2,3,2,0,0.0,0,0
21.763264,330,746,17642,1087890,31,29,6465.574219,399363.625,2,370,66.148795,29.211788,0.000611,0.000476,0.000135,3,2,4,2,0,1.0,0,0
0.689624,10,6,1302,268,254,252,13595.81445,2598.517334,2,1,67.247333,123.945602,0.103933,0.069892,0.034041,1,1,1,1,1,1.0,0,1
2.295047,10,10,838,1364,62,252,2631.754395,4280.522461,2,2,254.995444,244.005437,0.192375,0.098997,0.093378,2,1,1,1,1,1.0,0,1
0.446784,10,6,534,268,254,252,8612.663086,4010.886719,2,1,46.048444,74.072797,0.168463,0.076416,0.092047,5,1,1,1,1,0.0,0,1
0.723533,10,8,588,354,254,252,5860.133789,3427.625488,2,1,80.392556,93.99543,0.126022,0.064856,0.061166,5,1,1,1,1,0.0,0,1
1.402017,6,8,320,1942,31,29,1523.519287,9700.310547,1,2,280.332,200.226281,0.000603,0.000429,0.000174,4,3,5,1,0,0.0,0,0
0.063823,48,48,2958,29218,31,29,363129.2813,3586168.0,7,17,1.350809,1.340319,0.000975,0.000817,0.000158,11,4,9,1,0,0.0,0,0
0.000993,2,2,146,178,31,29,588116.8125,717019.125,0,0,0.002,0.005,0.0,0.0,0.0,3,1,1,1,0,0.0,0,0
1.412855,52,42,37184,3380,31,29,206498.1875,18685.56836,18,8,27.695824,34.447633,0.000652,0.000498,0.000154,3,10,4,4,0,0.0,0,0
0.516483,16,44,1092,51979,62,252,15861.12207,786829.375,2,20,34.432201,11.821558,0.054763,0.007447,0.047316,3,1,1,1,1,1.0,0,1
1.435593,10,8,450,846,62,252,2256.906982,4129.304199,1,2,159.415111,197.604281,0.100886,0.052353,0.048533,3,2,3,2,1,0.0,0,1
0.012952,34,36,2230,14816,31,29,1337245.25,8897468.0,7,11,0.382818,0.352029,0.000763,0.000621,0.000142,12,4,2,1,0,0.0,0,0
8e-06,2,0,114,0,254,0,57000000.0,0.0,0,0,0.008,0.0,0.0,0.0,0.0,10,3,4,3,2,0.0,0,1
1.275089,320,741,17122,1086605,31,29,107092.1328,6808240.0,2,368,3.973777,1.722365,0.000691,0.000532,0.000159,2,1,2,1,0,1.0,0,0
1.384277,20,80,1212,99974,62,252,6657.626953,570550.5625,2,38,72.856688,15.363936,0.177266,0.129844,0.047422,1,1,1,1,1,1.0,0,1
0.001069,2,2,146,178,31,29,546304.9375,666043.0625,0,0,0.007,0.009,0.0,0.0,0.0,2,4,1,1,0,0.0,0,0
0.00406,8,10,1044,824,31,29,1800985.125,1462068.875,2,2,0.525143,0.390667,0.000676,0.000538,0.000138,1,3,8,1,0,1.0,0,0
0.001096,2,2,130,162,31,29,474452.5625,591240.875,0,0,0.011,0.008,0.0,0.0,0.0,3,5,1,1,0,0.0,0,0
0.001797,4,4,512,304,31,29,1709515.875,1015025.063,0,0,0.452333,0.240667,0.0,0.0,0.0,14,5,5,4,0,0.0,0,0
0.234874,64,66,3806,53008,31,29,127625.875,1778144.875,7,26,3.723032,3.604492,0.000795,0.000576,0.000219,6,2,6,2,0,0.0,0,0
0.023317,16,18,1540,1644,31,29,495432.5313,532830.125,4,4,1.530933,1.344059,0.000568,0.000464,0.000104,7,7,8,6,0,0.0,0,0
2e-06,2,0,200,0,254,0,400000000.0,0.0,0,0,0.002,0.0,0.0,0.0,0.0,12,2,2,2,2,0.0,0,1
0.035182,48,50,2974,31328,31,29,662384.1875,6981297.5,7,18,0.741404,0.707755,0.000647,0.000498,0.000149,5,5,4,4,0,0.0,0,0
0.001023,2,2,146,178,31,29,570870.0,695992.1875,0,0,0.01,0.006,0.0,0.0,0.0,3,2,2,2,0,0.0,0,0
5e-06,2,0,1886,0,254,0,1508800000.0,0.0,0,0,0.005,0.0,0.0,0.0,0.0,4,1,2,1,2,0.0,0,1
0.401615,10,8,798,1396,62,252,14322.17481,24341.7207,2,2,44.623889,56.19857,0.040874,0.007675,0.033199,3,1,1,1,1,0.0,0,1
0.521849,10,6,822,268,254,252,11344.27832,3433.943604,2,1,54.648111,101.017,0.044312,0.016758,0.027554,2,1,1,1,1,1.0,0,1
1.742001,10,10,806,1224,62,252,3334.09668,5060.84668,2,2,193.555667,186.676781,0.111676,0.061098,0.050578,2,1,2,1,1,1.0,0,1
0.001054,2,2,132,164,31,29,500948.7813,622390.875,0,0,0.009,0.004,0.0,0.0,0.0,2,3,10,1,0,0.0,0,0
0.003971,8,10,1044,824,31,29,1841349.75,1494837.5,2,2,0.519857,0.378222,0.000703,0.000564,0.000139,2,1,4,1,0,1.0,0,0
0.001104,2,2,146,178,31,29,528985.5,644927.5,0,0,0.009,0.002,0.0,0.0,0.0,2,7,4,2,0,0.0,0,0
0.004085,8,10,1060,824,31,29,1817380.625,1453121.125,2,2,0.533571,0.390111,0.00071,0.00057,0.00014,1,2,4,1,0,1.0,0,0
0.30771,10,6,484,268,254,252,11335.34863,5823.665527,2,1,32.674556,48.535398,0.124275,0.065022,0.059253,13,5,5,5,1,0.0,0,1
0.001032,2,2,146,178,31,29,565891.5,689922.5,0,0,0.011,0.01,0.0,0.0,0.0,5,2,3,2,0,0.0,0,0
1.764555,60,14,68187,612,254,252,303990.5313,2579.687256,27,1,29.275949,127.814,0.229305,0.102967,0.126338,2,2,3,3,1,4.0,0,1
4e-06,2,0,200,0,254,0,200000000.0,0.0,0,0,0.004,0.0,0.0,0.0,0.0,14,6,6,6,2,0.0,0,1
0.26616,10,10,848,5204,62,252,22963.63086,140787.4844,2,3,29.573333,27.47,0.046525,0.017871,0.028654,2,1,1,1,1,1.0,0,1
1.136399,12,22,1582,18960,254,252,10214.72168,127412.9922,2,8,103.309001,46.783334,0.168573,0.071983,0.09659,3,1,1,3,1,1.0,0,1
7e-06,2,0,200,0,254,0,133333328.0,0.0,0,0,0.006,0.0,0.0,0.0,0.0,10,6,9,6,2,0.0,0,1
0.765105,60,14,68183,612,254,252,701048.875,5949.510254,26,0,1335.038429,5720.421,0.097952,0.044426,0.053526,2,2,2,3,1,4.0,0,1
0.229953,10,10,828,3720,62,252,25953.12891,116475.9688,2,3,25.550333,22.390111,0.069451,0.018776,0.050675,1,1,2,1,1,1.0,0,1
1.056904,14,18,1684,10168,31,29,11838.35059,72695.34375,3,5,81.274002,62.127941,0.000874,0.000726,0.000148,4,6,1,1,0,1.0,0,0
0.030211,68,70,4014,59460,31,29,1047300.688,15520440.0,7,28,0.444224,0.430391,0.000643,0.00051,0.000133,3,4,2,1,0,0.0,0,0
0.001053,2,2,130,162,31,29,493827.1563,615384.625,0,0,0.01,0.003,0.0,0.0,0.0,2,7,5,5,0,0.0,0,0
0.164237,10,6,892,268,254,252,39114.20703,10911.06152,2,1,17.284,29.317199,0.042154,0.017648,0.024506,1,1,1,1,1,1.0,0,1
0.051213,52,54,3182,35198,31,29,487532.4688,5396598.5,7,20,1.01564,0.955811,0.000679,0.00054,0.000139,2,1,2,1,0,0.0,0,0
0.179287,10,6,854,268,254,252,34313.69922,9995.147461,2,1,19.653444,34.118801,0.016203,0.008683,0.00752,1,1,1,2,1,1.0,0,1
0.001057,2,2,146,178,31,29,552507.0625,673604.5,0,0,0.011,0.008,0.0,0.0,0.0,5,2,1,1,0,0.0,0,0
0.31421,14,40,954,46846,62,252,22558.16211,1162916.5,2,18,24.170001,7.836,0.051388,0.00583,0.045558,1,1,1,1,1,1.0,0,1
0.022961,44,46,2750,27346,31,29,936544.5625,9320848.0,7,16,0.525884,0.495311,0.00084,0.000661,0.000179,8,3,3,1,0,0.0,0,0
0.835314,14,12,774,642,254,252,6886.033691,5640.992676,4,3,60.845228,71.512273,0.108811,0.048667,0.060144,6,1,4,1,1,0.0,0,1
7e-06,2,0,114,0,254,0,65142856.0,0.0,0,0,0.007,0.0,0.0,0.0,0.0,17,7,7,7,2,0.0,0,1
1.15098,14,18,1684,10168,31,29,10870.73633,66753.54688,3,5,88.508618,67.675882,0.0006,0.000487,0.000113,1,2,2,1,0,1.0,0,0
0.22473,10,6,1198,268,254,252,38410.53516,7974.013184,2,1,22.560444,42.600199,0.06236,0.011718,0.050642,1,1,1,1,1,1.0,0,1
0.657354,12,12,1160,5096,62,252,12948.88281,56858.25391,3,4,59.759456,54.529455,0.064444,0.029357,0.035087,1,1,1,1,1,1.0,0,1
3.105105,144,38,165837,2462,62,252,424297.4063,6178.212891,69,8,21.714021,80.792055,0.151272,0.097538,0.053734,1,2,1,1,1,0.0,0,1
0.016911,40,42,2558,23268,31,29,1180296.875,10745195.0,7,14,0.425256,0.399146,0.000668,0.000538,0.00013,3,1,3,1,0,0.0,0,0
1.015168,12,22,1016,23998,62,252,7344.597656,180525.7969,2,9,92.288003,43.14781,0.25179,0.108385,0.143405,1,1,2,1,1,0.0,0,1
0.001126,2,2,146,178,31,29,518650.0938,632326.8125,0,0,0.011,0.006,0.0,0.0,0.0,14,10,18,3,0,0.0,0,0
0.001055,2,2,146,178,31,29,553554.5,674881.5,0,0,0.011,0.029,0.0,0.0,0.0,2,5,4,1,0,0.0,0,0
1e-05,2,0,114,0,254,0,45600000.0,0.0,0,0,0.01,0.0,0.0,0.0,0.0,14,7,11,7,2,0.0,0,1
0.029594,52,42,37230,3380,31,29,9870920.0,892072.6875,18,8,0.57351,0.708146,0.000712,0.000556,0.000156,1,6,5,2,0,0.0,0,0
0.001071,2,2,130,162,31,29,485527.5313,605042.0,0,0,0.012,0.008,0.0,0.0,0.0,3,3,1,1,0,0.0,0,0
0.001122,2,2,146,178,31,29,520499.0938,634581.0625,0,0,0.011,0.008,0.0,0.0,0.0,13,2,5,1,0,0.0,0,0
0.00101,2,2,146,178,31,29,578217.8125,704950.5,0,0,0.009,0.006,0.0,0.0,0.0,6,6,6,1,0,0.0,0,0
1.090232,14,18,1684,10168,31,29,11476.45606,70473.07031,3,5,83.836462,64.094176,0.000775,0.000621,0.000154,1,3,1,1,0,1.0,0,0
0.022767,48,50,2974,31400,31,29,1023586.75,10812843.0,7,18,0.476596,0.463063,0.000673,0.000537,0.000136,12,2,3,1,0,0.0,0,0
0.014012,44,46,2766,25742,31,29,1543819.625,14377962.0,7,16,0.315163,0.297267,0.000794,0.000624,0.00017,13,3,5,1,0,0.0,0,0
0.004771,18,18,3760,2456,31,29,5955984.5,3890170.0,7,7,0.261353,0.253059,0.000618,0.000464,0.000154,9,5,3,3,0,0.0,0,0
0.001117,2,2,146,178,31,29,522829.0,637421.6875,0,0,0.003,0.008,0.0,0.0,0.0,6,4,4,2,0,0.0,0,0
0.0346,122,126,7816,15660,31,29,1792369.875,3592138.75,30,32,0.283041,0.272528,0.000663,0.00053,0.000133,13,5,4,3,0,0.0,0,0
0.001112,2,2,146,178,31,29,525179.875,640287.8125,0,0,0.01,0.009,0.0,0.0,0.0,3,1,2,1,0,0.0,0,0
0.027487,6,10,5512,520,29,32,1337068.375,136209.8438,0,0,5.473,2.965667,0.0,0.0,0.0,1,1,1,1,0,0.0,0,0
3e-06,2,0,114,0,254,0,152000000.0,0.0,0,0,0.003,0.0,0.0,0.0,0.0,7,4,4,4,2,0.0,0,1
0.039031,60,62,3614,49036,31,29,728446.625,9888755.0,7,24,0.637695,0.631541,0.00065,0.000504,0.000146,8,5,5,2,0,0.0,0,0
4e-06,2,0,114,0,254,0,114000000.0,0.0,0,0,0.004,0.0,0.0,0.0,0.0,8,4,5,4,2,0.0,0,1
0.391361,10,6,1098,268,254,252,20216.62891,4578.892578,2,1,41.645222,64.504398,0.139864,0.068836,0.071028,1,2,2,9,1,1.0,0,1
0.177669,10,6,1516,268,254,252,61462.60547,10086.1709,2,1,19.741,33.034199,0.062993,0.007447,0.055546,1,1,1,1,1,1.0,0,1
1.258904,10,12,808,4374,62,252,4626.246582,25482.48438,2,3,139.878222,108.699365,0.122781,0.062494,0.060287,1,1,2,1,1,1.0,0,1
0.000966,2,2,130,162,31,29,538302.25,670807.4375,0,0,0.001,0.003,0.0,0.0,0.0,2,2,1,1,0,0.0,0,0
0.001688,4,4,520,304,31,29,1848341.125,1080568.75,0,0,0.435333,0.197,0.0,0.0,0.0,3,4,3,3,0,0.0,0,0
0.102961,66,68,3926,57202,31,29,300463.2813,4379211.5,7,27,1.578354,1.527463,0.000774,0.000611,0.000163,6,4,2,1,0,0.0,0,0
0.427903,10,6,860,268,254,252,14470.56934,4187.865234,2,1,41.996333,73.396398,0.122594,0.060918,0.061676,2,1,1,1,1,1.0,0,1
0.675754,10,12,848,7520,62,252,9044.710938,81615.5,2,4,74.990889,58.900179,0.052757,0.027843,0.024914,1,1,1,1,1,1.0,0,1
4e-06,2,0,200,0,254,0,200000000.0,0.0,0,0,0.004,0.0,0.0,0.0,0.0,10,4,5,4,2,0.0,0,1
0.001051,2,2,146,178,31,29,555661.3125,677450.0625,0,0,0.002,0.004,0.0,0.0,0.0,5,2,7,2,0,0.0,0,0
0.822612,10,14,824,9522,62,252,7216.038574,85989.50781,2,5,91.401333,56.293538,0.195777,0.090091,0.105686,1,2,2,2,1,1.0,0,1
1.2e-05,2,0,114,0,254,0,38000000.0,0.0,0,0,0.012,0.0,0.0,0.0,0.0,12,4,6,4,2,0.0,0,1
0.233836,10,6,1612,268,254,252,49641.62891,7663.490723,2,1,25.981778,41.136602,0.028406,0.019634,0.008772,3,2,2,2,1,0.0,0,1
0.000933,2,2,132,164,31,29,565916.375,703108.25,0,0,0.004,0.006,0.0,0.0,0.0,2,3,2,1,0,0.0,0,0
0.021978,54,56,3302,35114,31,29,1179725.125,12553280.0,7,21,0.408623,0.387891,0.000738,0.000636,0.000102,3,2,3,1,0,0.0,0,0
0.401296,10,6,2156,268,254,252,38694.62891,4465.531738,2,1,44.588444,67.978797,0.088026,0.033211,0.054815,1,1,5,1,1,0.0,0,1
0.001132,2,2,146,178,31,29,515901.0625,628975.25,0,0,0.011,0.008,0.0,0.0,0.0,1,1,3,1,0,0.0,0,0
1.1e-05,2,0,114,0,254,0,41454544.0,0.0,0,0,0.011,0.0,0.0,0.0,0.0,8,3,3,3,2,0.0,0,1
1.181343,10,8,850,354,254,252,5180.544922,2099.305664,2,1,131.148556,154.545,0.190219,0.099523,0.090696,1,3,3,3,1,1.0,0,1
4e-06,2,0,152,0,254,0,152000000.0,0.0,0,0,0.004,0.0,0.0,0.0,0.0,3,2,2,2,2,0.0,0,1
0.054012,90,92,5174,91160,31,29,757905.625,13355550.0,7,39,0.603225,0.587714,0.000681,0.000527,0.000154,4,2,2,1,0,0.0,0,0
3e-06,2,0,114,0,254,0,152000000.0,0.0,0,0,0.003,0.0,0.0,0.0,0.0,7,4,4,4,2,0.0,0,1
1.199897,14,18,1684,10168,31,29,10427.56152,64032.16016,3,5,92.270849,70.551235,0.000639,0.000523,0.000116,1,2,2,1,0,1.0,0,0
0.001074,2,2,130,162,31,29,484171.3125,603351.9375,0,0,0.012,0.009,0.0,0.0,0.0,2,1,7,1,0,0.0,0,0
0.049132,40,42,2542,22546,31,29,403647.3125,3583815.0,7,14,1.251667,1.184317,0.000703,0.000572,0.000131,9,4,2,1,0,0.0,0,0
1e-06,2,0,200,0,254,0,72727272.0,0.0,0,0,0.011,0.0,0.0,0.0,0.0,12,6,6,6,2,0.0,0,1
0.147924,90,92,5174,91072,31,29,276736.6875,4871853.0,7,39,1.658315,1.619319,0.000705,0.000562,0.000143,6,4,4,1,0,0.0,0,0
0.004067,8,10,1052,822,31,29,1811654.75,1455618.375,2,2,0.529286,0.390667,0.00069,0.000547,0.000143,22,22,22,21,0,0.0,0,0
1e-05,2,0,114,0,254,0,45600000.0,0.0,0,0,0.01,0.0,0.0,0.0,0.0,7,5,3,3,2,0.0,0,1
1.181496,52,54,2934,3742,31,29,19487.1582,24870.16406,11,15,23.16043,22.283359,0.000604,0.000473,0.000131,2,4,2,2,0,0.0,0,0
8e-06,2,0,200,0,254,0,100000000.0,0.0,0,0,0.008,0.0,0.0,0.0,0.0,15,7,9,7,2,0.0,0,1
0.659878,10,6,716,268,254,252,7819.626953,2715.65332,2,1,66.246444,113.456203,0.196171,0.092594,0.103577,1,1,2,1,1,1.0,0,1
0.004099,8,10,1032,824,31,29,1762381.125,1448158.125,2,2,0.535143,0.398111,0.000661,0.000511,0.00015,2,2,7,2,0,1.0,0,0
1e-05,2,0,114,0,254,0,45600000.0,0.0,0,0,0.01,0.0,0.0,0.0,0.0,6,3,3,3,2,0.0,0,1
1.186181,60,14,68193,612,254,252,452254.7813,3837.525879,27,1,19.529017,83.676234,0.1921,0.098385,0.093715,2,1,2,3,1,1.0,0,1
1.1e-05,2,0,114,0,254,0,41454544.0,0.0,0,0,0.011,0.0,0.0,0.0,0.0,12,5,5,5,2,0.0,0,1
0.001057,2,2,146,178,31,29,552507.0625,673604.5,0,0,0.011,0.006,0.0,0.0,0.0,3,3,2,1,0,0.0,0,0
0.001025,2,2,130,162,31,29,507317.0625,632195.125,0,0,0.011,0.008,0.0,0.0,0.0,4,1,1,1,0,0.0,0,0
0.7352,14,32,964,36934,62,252,9749.728516,389336.25,2,14,56.544615,21.454161,0.13275,0.070113,0.062637,3,2,1,1,1,1.0,0,1
0.813755,26,20,9523,1612,62,252,90022.1875,15061.04492,10,8,32.5502,42.225105,0.052386,0.006842,0.045544,1,1,1,1,1,0.0,0,1
1.341962,108,196,6562,236088,31,29,38761.15625,1400242.375,11,86,12.538486,6.879482,0.000582,0.000459,0.000123,7,2,4,2,0,0.0,0,0
1.00567,14,18,1684,10168,31,29,12441.45801,76398.82031,3,5,77.331769,59.129824,0.000572,0.000459,0.000113,3,4,5,3,0,4.0,0,0
0.027039,54,56,3302,35114,31,29,958911.1875,10203632.0,7,21,0.504113,0.480727,0.000751,0.000593,0.000158,4,1,1,1,0,0.0,0,0
0.00096,2,2,146,178,31,29,608333.375,741666.6875,0,0,0.001,0.007,0.0,0.0,0.0,3,1,1,1,0,0.0,0,0
0.096043,46,48,2854,30384,31,29,232562.5,2478140.0,7,17,2.126111,2.032319,0.000635,0.00052,0.000115,5,2,3,1,0,0.0,0,0
0.101832,46,48,2854,30136,31,29,219341.6563,2318249.5,7,17,2.255867,2.155383,0.000687,0.000528,0.000159,6,1,4,1,0,0.0,0,0
0.38645,28,30,4624,3080,31,29,92306.89844,61648.33984,7,7,14.300407,13.305759,0.000828,0.000575,0.000253,11,14,11,7,0,0.0,0,0
0.599355,4,4,568,304,31,29,5686.112793,3043.271484,0,0,176.010328,178.263328,0.0,0.0,0.0,10,5,4,3,0,0.0,0,0
0.78752,10,8,852,1422,62,252,7791.54834,12647.29785,2,2,87.475333,101.591289,0.192226,0.076372,0.115854,1,1,1,1,1,1.0,0,1
7e-06,2,0,114,0,254,0,65142856.0,0.0,0,0,0.007,0.0,0.0,0.0,0.0,13,3,3,3,2,0.0,0,1
0.036875,56,58,3390,44558,31,29,722440.6875,9500204.0,7,22,0.662909,0.637439,0.000659,0.000539,0.00012,6,9,3,2,0,0.0,0,0
1.1e-05,2,0,114,0,254,0,41454544.0,0.0,0,0,0.011,0.0,0.0,0.0,0.0,4,3,3,3,2,0.0,0,1
0.011406,8,8,570,560,31,29,349991.25,343678.7813,2,2,1.621286,1.563857,0.000565,0.000452,0.000113,16,7,11,6,0,0.0,0,0
0.042824,72,74,4238,65938,31,29,780870.5625,12151504.0,7,30,0.598535,0.578712,0.000709,0.000576,0.000133,7,1,2,1,0,0.0,0,0
8e-06,2,0,200,0,254,0,88888888.0,0.0,0,0,0.009,0.0,0.0,0.0,0.0,14,4,11,4,2,0.0,0,1
1.204578,12,10,1110,824,254,252,6760.873535,4927.866699,3,2,105.400183,125.708109,0.147819,0.073204,0.074615,4,2,2,2,1,0.0,0,1
0.03104,36,38,2334,16290,31,29,585051.5625,4088144.25,7,12,0.877514,0.822189,0.000769,0.000608,0.000161,10,4,12,2,0,0.0,0,0
3e-06,2,0,104,0,254,0,138666656.0,0.0,0,0,0.003,0.0,0.0,0.0,0.0,3,2,1,1,2,0.0,0,1
4e-06,2,0,200,0,254,0,160000000.0,0.0,0,0,0.005,0.0,0.0,0.0,0.0,22,4,6,4,2,0.0,0,1
0.284647,10,6,960,268,254,252,24282.70898,6295.51709,2,1,31.627444,47.664398,0.066446,0.015838,0.050608,1,3,1,1,1,1.0,0,1
1.061835,14,18,1684,10168,31,29,11783.37402,72357.75781,3,5,81.653849,62.416,0.000905,0.00076,0.000145,1,2,1,1,0,1.0,0,0
1.1e-05,2,0,200,0,254,0,72727272.0,0.0,0,0,0.011,0.0,0.0,0.0,0.0,14,14,15,14,2,0.0,0,1
9.435995,10,8,932,354,254,252,711.318726,262.823364,2,1,1048.443889,1328.822375,0.202085,0.094743,0.107342,2,1,1,1,1,1.0,0,1
0.004794,4,4,568,304,31,29,710888.5625,380475.5938,0,0,1.259333,1.079667,0.0,0.0,0.0,10,3,2,2,0,0.0,0,0
0.429406,10,6,590,268,254,252,9892.735352,4173.207031,2,1,41.559444,63.846199,0.154813,0.110168,0.044645,1,1,2,1,1,1.0,0,1
3.040785,10,8,1044,354,254,252,2473.045654,815.578857,2,1,337.865,418.245563,0.223032,0.112102,0.11093,2,1,1,1,1,1.0,0,1
1.1e-05,2,0,114,0,254,0,41454544.0,0.0,0,0,0.011,0.0,0.0,0.0,0.0,11,4,5,4,2,0.0,0,1
0.186905,10,6,936,268,254,252,36082.50391,9587.758789,2,1,19.073889,35.777398,0.052868,0.008007,0.044861,1,1,1,1,1,1.0,0,1
0.569425,10,6,1078,268,254,252,13641.83203,3147.034424,2,1,58.288667,97.375203,0.159932,0.082544,0.077388,2,1,1,1,1,1.0,0,1
1.005839,12,18,1580,10168,31,29,11524.70703,76385.98438,3,5,91.406635,59.134297,0.000689,0.000552,0.000137,7,3,2,1,0,0.0,0,0
2.303635,24,48,8012,43634,254,252,26667.41992,148374.2031,9,21,100.114436,47.607873,0.108077,0.066064,0.042013,1,1,16,1,1,1.0,0,1
1.099856,24,112,1432,136343,62,252,9986.761719,982863.1875,2,53,47.819827,9.381018,0.116662,0.057889,0.058773,1,1,1,1,1,1.0,0,1
1.1e-05,2,0,168,0,254,0,61090908.0,0.0,0,0,0.011,0.0,0.0,0.0,0.0,1,1,1,1,2,0.0,0,1
0.014203,8,10,1044,824,31,29,514820.8125,417939.875,2,2,1.979714,1.525889,0.000582,0.000467,0.000115,1,4,6,1,0,1.0,0,0
1.269777,14,18,1684,10168,31,29,9853.698242,60508.25781,3,5,97.648615,74.662471,0.000638,0.000512,0.000126,1,2,1,1,0,1.0,0,0
0.001135,2,2,146,178,31,29,514537.4375,627312.75,0,0,0.001,0.002,0.0,0.0,0.0,3,2,1,1,0,0.0,0,0
1.138088,12,6,3696,268,254,252,23815.38281,1574.570679,3,1,103.382906,199.140797,0.272491,0.142374,0.130117,2,1,1,1,1,0.0,0,1
0.403164,10,14,838,10554,62,252,14981.49609,194481.6563,2,5,44.796,27.585999,0.110921,0.043794,0.067127,1,1,1,1,1,0.0,0,1
0.048276,55,49,3082,57752,31,29,501450.0,9375093.0,0,22,0.887333,0.949104,0.0,0.0,0.0,10,3,5,1,0,0.0,0,0
0.111793,66,68,3926,57474,31,29,276725.75,4052418.5,7,27,1.7152,1.659776,0.000739,0.000584,0.000155,2,5,2,1,0,0.0,0,0
6e-06,2,0,200,0,254,0,133333328.0,0.0,0,0,0.006,0.0,0.0,0.0,0.0,10,4,7,4,2,0.0,0,1
1.1e-05,2,0,200,0,254,0,72727272.0,0.0,0,0,0.011,0.0,0.0,0.0,0.0,14,6,5,5,2,0.0,0,1
0.015887,46,48,2854,29196,31,29,1405929.375,14395670.0,7,17,0.345822,0.326596,0.000665,0.000533,0.000132,1,8,1,1,0,0.0,0,0
27.929213,296,1730,15076,2390171,62,252,4304.023926,684241.25,4,861,94.675195,16.105134,0.173073,0.08343,0.089643,2,1,1,1,1,1.0,0,1
0.086282,4,4,568,304,31,29,39498.39063,21139.98242,0,0,23.667,23.639666,0.0,0.0,0.0,3,4,4,2,0,0.0,0,0
0.311061,10,12,804,7194,62,252,18620.14258,169613.0313,2,4,34.562333,23.264181,0.092225,0.054481,0.037744,1,1,5,1,1,1.0,0,1
0.371681,10,6,824,268,254,252,15970.68457,4821.338867,2,1,41.228444,58.414398,0.124132,0.079606,0.044526,1,1,1,1,1,1.0,0,1
0.481076,52,42,37210,3380,31,29,606889.5625,54876.98438,18,8,9.425666,11.720244,0.000673,0.000542,0.000131,1,3,2,1,0,0.0,0,0
0.001804,4,4,544,304,31,29,1809312.625,1011086.5,0,0,0.455667,0.235,0.0,0.0,0.0,4,5,5,3,0,0.0,0,0
2.041843,122,126,7814,15098,31,29,30364.72461,58688.15625,30,32,16.871686,16.33032,0.000701,0.000548,0.000153,6,4,3,1,0,0.0,0,0
0.233368,14,6,8928,320,31,29,284220.625,9152.925781,4,1,17.951385,46.535801,0.000703,0.000552,0.000151,3,4,6,4,0,0.0,0,0
1.446629,60,16,68185,698,254,252,370787.5313,3622.214111,27,1,23.255119,90.079133,0.228468,0.095434,0.133034,4,1,2,2,1,1.0,0,1
4e-06,2,0,114,0,254,0,114000000.0,0.0,0,0,0.004,0.0,0.0,0.0,0.0,7,7,7,7,2,0.0,0,1
0.015871,44,46,2766,26160,31,29,1362989.125,12900007.0,7,16,0.36186,0.339511,0.000739,0.000582,0.000157,6,1,2,1,0,0.0,0,0
0.001142,2,2,130,162,31,29,455341.5313,567425.5625,0,0,0.011,0.002,0.0,0.0,0.0,3,6,2,1,0,0.0,0,0
0.001111,2,2,146,178,31,29,525652.5625,640864.125,0,0,0.012,0.004,0.0,0.0,0.0,1,5,1,1,0,0.0,0,0
0.02402,48,50,2974,31920,31,29,970191.5,10418651.0,7,18,0.503489,0.477265,0.000813,0.000627,0.000186,7,2,2,1,0,0.0,0,0
0.210307,10,6,978,268,254,252,33512.91016,8520.876953,2,1,23.367444,36.787602,0.051053,0.025721,0.025332,1,1,1,1,1,1.0,0,1
0.264058,10,6,1612,268,254,252,43960.03906,6786.388184,2,1,28.389333,44.556801,0.081409,0.041269,0.04014,10,3,3,3,1,0.0,0,1
0.552652,12,14,1258,4208,62,252,16704.90625,56570.86328,3,4,50.241092,40.222922,0.075482,0.02904,0.046442,1,1,1,1,1,1.0,0,1
0.004681,4,4,568,312,31,29,728049.5625,399914.5313,0,0,1.206667,1.049,0.0,0.0,0.0,5,6,6,3,0,0.0,0,0
0.001004,2,2,146,178,31,29,581673.3125,709163.375,0,0,0.002,0.004,0.0,0.0,0.0,1,3,1,1,0,0.0,0,0
0.410186,10,8,962,354,254,252,16889.89844,6046.037598,2,1,43.590444,51.75157,0.093597,0.047924,0.045673,1,1,1,1,1,0.0,0,1
2.951486,18,20,1666,1724,62,252,4266.325195,4439.797363,6,5,173.609294,153.490734,0.061117,0.035157,0.02596,14,11,6,4,1,0.0,0,1
0.001768,4,4,528,304,31,29,1791855.25,1031674.25,0,0,0.449667,0.223,0.0,0.0,0.0,6,4,2,2,0,0.0,0,0
0.749369,10,10,798,1350,62,252,7675.791016,12970.91211,2,2,83.263222,69.492,0.166794,0.123272,0.043522,6,2,2,6,1,4.0,0,1
0.223396,14,6,8928,320,31,29,296907.7188,9561.496094,4,1,17.184308,44.540199,0.000657,0.000556,0.000101,3,4,5,2,0,0.0,0,0
7e-06,2,0,200,0,254,0,200000000.0,0.0,0,0,0.004,0.0,0.0,0.0,0.0,10,6,9,6,2,0.0,0,1
8e-06,2,0,200,0,254,0,800000000.0,0.0,0,0,0.001,0.0,0.0,0.0,0.0,15,4,7,4,2,0.0,0,1
0.001074,2,2,146,178,31,29,543761.625,662942.25,0,0,0.004,0.008,0.0,0.0,0.0,2,1,1,1,0,0.0,0,0
0.425944,16,18,1540,1644,31,29,27120.93555,29168.1543,4,4,28.374533,25.029824,0.000554,0.000433,0.000121,18,6,8,4,0,0.0,0,0
8.431371,398,733,22322,936371,31,29,21126.81445,887252.1875,31,315,21.290473,11.517604,0.000605,0.000481,0.000124,8,2,3,2,0,0.0,0,0
0.415205,10,8,794,1712,62,252,13776.32715,28862.85156,2,2,46.045889,46.79443,0.128572,0.087635,0.040937,1,1,1,1,1,1.0,0,1
0.613486,10,8,938,354,254,252,11018.99609,4042.472168,2,1,68.165111,79.197859,0.122039,0.058489,0.06355,1,1,1,1,1,0.0,0,1
0.017026,48,50,2958,31992,31,29,1361212.25,14731822.0,7,18,0.355532,0.336429,0.000658,0.000535,0.000123,5,1,3,1,0,0.0,0,0
0.006675,32,24,3728,5474,31,29,4328989.0,6287341.0,7,7,0.215323,0.259391,0.000723,0.00057,0.000153,2,2,4,1,0,0.0,0,0
0.222642,14,6,8928,320,31,29,297913.25,9593.876953,4,1,17.126307,44.401801,0.000627,0.000492,0.000135,3,5,7,4,0,0.0,0,0
0.001033,2,2,146,178,31,29,565343.6875,689254.625,0,0,0.001,0.01,0.0,0.0,0.0,3,1,2,1,0,0.0,0,0
0.059123,42,44,2646,24694,31,29,349508.6563,3265463.5,7,15,1.433781,1.361163,0.000745,0.000586,0.000159,4,1,5,1,0,0.0,0,0
1.467224,10,8,794,354,254,252,3898.518555,1690.266846,2,1,153.422,196.083,0.161369,0.094642,0.066727,1,1,1,1,1,1.0,0,1
0.39994,10,8,930,1182,62,252,16742.51172,20703.10547,2,2,44.437778,52.621715,0.052614,0.030947,0.021667,1,1,2,1,1,1.0,0,1
0.300075,26,28,4104,2976,31,29,105227.0313,76514.20313,7,7,11.98832,11.093037,0.000715,0.000557,0.000158,6,4,6,3,0,0.0,0,0
1.1e-05,2,0,114,0,254,0,41454544.0,0.0,0,0,0.011,0.0,0.0,0.0,0.0,11,4,6,4,2,0.0,0,1
7e-06,2,0,114,0,254,0,65142856.0,0.0,0,0,0.007,0.0,0.0,0.0,0.0,11,3,6,3,2,0.0,0,1
0.70344,18,58,1194,69331,62,252,12828.38574,774889.125,2,27,41.378824,10.945193,0.063168,0.024445,0.038723,2,1,1,1,1,4.0,0,1
1.1e-05,2,0,114,0,254,0,41454544.0,0.0,0,0,0.011,0.0,0.0,0.0,0.0,10,7,7,7,2,0.0,0,1
1.15979,14,18,1684,10168,31,29,10788.15918,66246.47656,3,5,89.187844,68.184294,0.00079,0.000651,0.000139,1,2,1,1,0,1.0,0,0
0.004197,12,12,1036,2262,31,29,1810817.25,3953300.0,4,4,0.349818,0.327273,0.000721,0.000586,0.000135,15,9,30,2,0,0.0,0,0
0.705227,20,20,2660,1730,62,252,28665.94727,18649.31445,7,8,37.11721,36.419156,0.053505,0.007594,0.045911,1,1,1,1,1,0.0,0,1
0.52424,10,6,588,268,254,252,8087.898438,3418.281494,2,1,58.248889,73.012203,0.205097,0.158425,0.046672,3,4,2,2,1,0.0,0,1
1e-06,2,0,264,0,60,0,1056000000.0,0.0,0,0,0.001,0.0,0.0,0.0,0.0,14,6,6,6,0,0.0,0,0
0.796094,10,10,798,1298,62,252,7225.277344,11747.35645,2,2,88.454889,72.635664,0.194287,0.141725,0.052562,5,4,4,5,1,16.0,0,1
0.395319,226,438,13038,548216,31,29,262694.1563,11068833.0,21,197,1.755524,0.903554,0.000588,0.000462,0.000126,15,5,8,3,0,0.0,0,0
0.025241,16,18,1540,1644,31,29,457668.0625,492215.0313,4,4,1.660533,1.457529,0.000575,0.000459,0.000116,14,7,13,6,0,0.0,0,0
0.676744,24,14,17434,870,254,252,197510.4375,9551.618164,9,4,28.385043,47.534539,0.12116,0.058784,0.062376,1,1,2,1,1,0.0,0,1
0.263786,10,8,502,566,254,252,13708.08203,15042.49707,2,2,29.309556,30.557857,0.056756,0.025133,0.031623,2,1,1,2,1,1.0,0,1
3e-06,2,0,114,0,254,0,152000000.0,0.0,0,0,0.003,0.0,0.0,0.0,0.0,18,7,7,7,2,0.0,0,1
0.480397,10,6,826,268,254,252,12389.75293,3730.248291,2,1,53.277333,90.814797,0.066534,0.026315,0.040219,2,1,1,1,1,1.0,0,1
0.768485,10,12,822,5086,62,252,7703.468262,48542.26172,2,3,85.387222,63.815912,0.131024,0.065788,0.065236,2,1,1,1,1,1.0,0,1
0.214026,66,68,3926,53634,31,29,144543.1875,1975311.375,7,27,3.287754,3.184925,0.000787,0.000625,0.000162,6,2,3,1,0,0.0,0,0
0.004401,14,6,8928,320,31,29,15071119.0,485344.2188,4,1,0.338538,0.7544,0.00064,0.000495,0.000145,3,6,6,5,0,0.0,0,0
0.017894,38,40,2438,20718,31,29,1061361.375,9031407.0,7,13,0.474919,0.443282,0.000731,0.000594,0.000137,11,1,1,1,0,0.0,0,0
1.093945,10,10,806,1150,62,252,5309.224609,7568.936035,2,2,121.549444,116.135781,0.129972,0.043858,0.086114,1,1,2,1,1,1.0,0,1
0.190721,10,6,918,268,254,252,34689.41406,9395.923828,2,1,19.497,36.536801,0.055141,0.008028,0.047113,3,1,1,1,1,1.0,0,1
1.1e-05,2,0,168,0,254,0,61090908.0,0.0,0,0,0.011,0.0,0.0,0.0,0.0,1,1,1,1,2,0.0,0,1
0.487984,10,8,502,354,254,252,7410.079102,5082.133789,2,1,51.439778,62.641855,0.096363,0.049484,0.046879,8,2,2,2,1,0.0,0,1
0.038899,40,42,2542,22592,31,29,509833.1563,4535849.0,7,14,0.989026,0.936537,0.00063,0.000497,0.000133,10,1,6,1,0,0.0,0,0
0.033716,78,80,4550,67380,31,29,1065844.125,15787875.0,7,33,0.432974,0.418456,0.000812,0.000647,0.000165,14,2,2,1,0,0.0,0,0
0.009012,34,36,2230,13358,31,29,1921882.0,11528629.0,7,11,0.263364,0.2406,0.000715,0.00058,0.000135,3,3,2,1,0,0.0,0,0
31.082489,4,4,184,112,0,0,35.518391,21.61989,0,0,15517.664,15517.664,0.0,0.0,0.0,1,1,1,1,0,0.0,0,0
0.047224,2,4,284,312,31,29,24055.56445,39640.85938,0,0,0.007,15.277667,0.0,0.0,0.0,17,6,8,4,0,0.0,0,0
0.222589,8,12,424,8824,31,29,13333.99219,290724.1563,1,4,31.745999,20.182819,0.000761,0.000574,0.000187,3,6,4,2,0,0.0,0,0
0.004297,4,4,568,304,31,29,793111.5,424482.2188,0,0,1.166667,0.951667,0.0,0.0,0.0,6,4,4,3,0,0.0,0,0
1.1e-05,2,0,114,0,254,0,41454544.0,0.0,0,0,0.011,0.0,0.0,0.0,0.0,15,7,7,7,2,0.0,0,1
0.543494,10,6,588,268,254,252,7801.374512,3297.18457,2,1,59.026444,101.656203,0.080663,0.035209,0.045454,4,1,1,1,1,0.0,0,1
0.048802,14,8,8928,424,31,29,1359124.625,60817.17969,4,1,3.754,6.875286,0.000639,0.000517,0.000122,1,4,7,3,0,0.0,0,0
0.777083,10,10,1194,4010,62,252,11067.0293,37154.33203,2,3,86.342556,77.008,0.27705,0.083141,0.193909,1,1,3,1,1,1.0,0,1
0.759913,12,8,3566,354,254,252,34414.46484,3263.53125,3,1,69.083,82.333,0.225154,0.158054,0.0671,1,1,1,1,1,1.0,0,1
0.00107,2,2,146,178,31,29,545794.375,665420.5625,0,0,0.013,0.007,0.0,0.0,0.0,8,4,3,1,0,0.0,0,0
0.302693,26,28,4360,2976,31,29,110818.5469,75852.42969,7,7,12.09448,11.190148,0.000692,0.000554,0.000138,7,3,5,3,0,0.0,0,0
0.350696,6,8,320,1816,31,29,6090.745117,36247.91797,1,2,70.075,50.032285,0.000918,0.000462,0.000456,2,5,2,2,0,0.0,0,0
0.080006,72,74,4222,61786,31,29,416368.75,6094742.5,7,30,1.122239,1.08789,0.000743,0.000579,0.000164,13,5,14,2,0,0.0,0,0
0.004603,4,4,568,304,31,29,740386.75,396263.3125,0,0,1.255333,1.017,0.0,0.0,0.0,13,4,5,3,0,0.0,0,0
4.139949,348,746,18578,1087890,31,29,35797.54297,2099411.5,2,370,11.929527,5.556185,0.000733,0.000586,0.000147,1,2,2,1,0,1.0,0,0
1.662873,38,160,1848,191414,62,252,8659.710938,915129.375,6,78,44.942513,9.919339,0.082311,0.040394,0.041917,1,3,5,1,1,0.0,0,1
36.589458,2,2,56,92,0,0,6.121982,10.057542,0,0,36588.52,36588.448,0.0,0.0,0.0,2,2,2,2,0,0.0,0,0
0.001815,4,4,536,304,31,29,1771900.875,1004958.688,0,0,0.462667,0.222333,0.0,0.0,0.0,6,4,3,3,0,0.0,0,0
1.113991,12,18,1580,10168,31,29,10405.8291,68970.03906,3,5,101.24027,65.49547,0.00068,0.000563,0.000117,1,3,4,1,0,1.0,0,0
0.361102,22,24,1958,2308,31,29,41406.58203,49005.54297,6,6,17.178571,15.672956,0.000763,0.000613,0.00015,4,3,4,3,0,0.0,0,0
0.422609,52,54,2934,3738,31,29,54480.61719,69454.27344,11,15,8.280255,7.963717,0.000658,0.000528,0.00013,7,18,21,7,0,0.0,0,0
0.731504,10,8,752,2656,62,252,7403.923828,25416.12891,2,2,81.278222,92.576,0.148711,0.082782,0.065929,1,1,2,1,1,1.0,0,1
0.001109,2,2,146,178,31,29,526600.5625,642019.875,0,0,0.011,0.01,0.0,0.0,0.0,1,3,1,1,0,0.0,0,0
0.048166,14,6,8928,320,31,29,1377071.0,44346.63672,4,1,3.705077,9.5042,0.000634,0.000501,0.000133,3,3,5,3,0,0.0,0,0
0.002912,6,8,320,1940,31,29,733516.5,4664835.0,1,2,0.5178,0.346714,0.000611,0.000478,0.000133,3,6,5,4,0,0.0,0,0
1.009179,14,18,1684,10168,31,29,12398.19727,76133.17188,3,5,77.603536,59.331824,0.000661,0.000537,0.000124,1,7,3,1,0,1.0,0,0
1.60079,10,10,864,1666,254,252,3888.080322,7496.298828,2,2,177.865556,162.684,0.282083,0.135955,0.146128,2,1,1,1,1,1.0,0,1
0.09586,100,100,14512,17134,31,29,1198998.625,1415647.875,22,32,0.968283,0.97051,0.000761,0.000607,0.000154,1,1,2,1,0,0.0,0,0
0.293768,10,6,876,268,254,252,21486.34375,6100.051758,2,1,30.029222,52.834602,0.066323,0.029594,0.036729,2,1,2,1,1,1.0,0,1
0.417876,52,36,37430,3068,31,29,702811.375,57107.84766,18,8,8.186804,11.923543,0.000682,0.000547,0.000135,1,5,9,4,0,0.0,0,0
4e-06,2,0,114,0,254,0,114000000.0,0.0,0,0,0.004,0.0,0.0,0.0,0.0,6,4,5,4,2,0.0,0,1
0.018377,42,44,2646,25470,31,29,1124449.0,10836154.0,7,15,0.438927,0.414767,0.000977,0.000538,0.000439,6,1,3,1,0,0.0,0,0
0.001046,2,2,146,178,31,29,558317.375,680688.3125,0,0,0.011,0.01,0.0,0.0,0.0,4,1,3,1,0,0.0,0,0
1.253371,10,8,564,354,254,252,3242.455811,1978.66394,2,1,137.315778,168.05,0.13758,0.077017,0.060563,2,1,1,1,1,0.0,0,1
0.020849,44,46,2766,28348,31,29,1037555.75,10641086.0,7,16,0.477279,0.449667,0.000761,0.000603,0.000158,11,1,5,1,0,0.0,0,0
0.987748,60,14,68185,612,254,252,543045.375,4608.462891,27,1,15.485865,72.406922,0.102335,0.046449,0.055886,3,1,1,3,1,1.0,0,1
0.579609,10,6,534,268,254,252,6638.958496,3091.739502,2,1,60.054444,102.582398,0.13641,0.066693,0.069717,3,1,1,1,1,0.0,0,1
0.903132,12,10,3050,794,254,252,24767.14258,6333.514648,3,2,82.102912,86.354555,0.131523,0.086202,0.045321,3,1,1,1,1,0.0,0,1
1.1e-05,2,0,808,0,254,0,293818176.0,0.0,0,0,0.011,0.0,0.0,0.0,0.0,2,1,1,1,2,0.0,0,1
1.1e-05,2,0,200,0,254,0,80000000.0,0.0,0,0,0.01,0.0,0.0,0.0,0.0,10,4,4,4,2,0.0,0,1
0.751526,10,6,756,268,254,252,7249.25,2384.481689,2,1,75.772111,130.523602,0.258795,0.098898,0.159897,4,2,1,1,1,0.0,0,1
3.074896,98,608,4674,807537,62,252,12038.12988,2097525.25,2,302,31.699958,5.04701,0.05175,0.006556,0.045194,1,1,1,1,1,1.0,0,1
1.079931,14,18,1684,10168,31,29,11585.92481,71145.28125,3,5,83.041615,63.497353,0.000585,0.000473,0.000112,3,3,4,6,0,1.0,0,0
0.499612,10,6,814,268,254,252,11737.1084,3586.783203,2,1,54.766333,93.26,0.067641,0.033301,0.03434,2,1,8,1,1,0.0,0,1
0.00171,4,4,536,304,31,29,1880701.75,1066666.625,0,0,0.448333,0.211667,0.0,0.0,0.0,8,3,5,3,0,0.0,0,0
0.215033,24,24,4136,2768,31,29,147475.0469,98701.13281,7,7,9.335435,9.326782,0.000646,0.000513,0.000133,9,5,1,1,0,0.0,0,0
0.940203,20,20,2784,1752,62,252,22505.77734,14167.15332,7,8,49.484369,48.834789,0.059261,0.011406,0.047855,1,1,1,1,1,0.0,0,1
0.448161,10,14,800,9914,62,252,12852.52344,164333.7969,2,5,49.795667,30.699001,0.098078,0.048499,0.049579,1,1,1,1,1,0.0,0,1
8e-06,2,0,200,0,254,0,50000000.0,0.0,0,0,0.016,0.0,0.0,0.0,0.0,10,6,10,6,2,0.0,0,1
7.146575,2,0,200,0,254,0,200000000.0,0.0,0,0,0.004,0.0,0.0,0.0,0.0,12,2,2,2,2,0.0,0,1
7e-06,2,0,114,0,254,0,65142856.0,0.0,0,0,0.007,0.0,0.0,0.0,0.0,7,3,4,3,2,0.0,0,1
1.13122,12,8,5382,354,254,252,34893.30078,2192.323486,3,1,100.885639,151.0,0.167936,0.074215,0.093721,1,1,1,1,1,1.0,0,1
0.021079,48,50,2958,32650,31,29,1099482.875,12143650.0,7,18,0.441532,0.420163,0.001648,0.000487,0.001161,8,2,5,1,0,0.0,0,0
3.025111,10,10,1136,1772,254,252,2705.355225,4218.026855,2,2,336.123444,327.489562,0.063073,0.040984,0.022089,1,3,4,1,1,1.0,0,1
4e-06,2,0,200,0,254,0,200000000.0,0.0,0,0,0.004,0.0,0.0,0.0,0.0,14,6,9,6,2,0.0,0,1
0.620887,10,10,814,1302,62,252,9444.552734,15100.97656,2,2,68.987444,60.766891,0.132675,0.061199,0.071476,3,1,1,1,1,0.0,0,1
0.399453,28,30,4344,3080,31,29,83894.72656,59641.55859,7,7,14.782074,13.755414,0.00066,0.000539,0.000121,11,3,3,3,0,0.0,0,0
0.66406,14,20,1850,16438,62,252,20696.92578,188139.625,4,8,51.081537,32.553158,0.124346,0.044829,0.079517,1,1,1,1,1,1.0,0,1
0.386146,10,6,868,268,254,252,16201.12598,4640.731445,2,1,36.844667,65.088801,0.129515,0.060694,0.068821,1,2,1,1,1,1.0,0,1
0.015795,46,48,2854,31142,31,29,1414118.375,15444888.0,7,17,0.344111,0.324085,0.000712,0.000559,0.000153,7,2,2,1,0,0.0,0,0
0.167946,10,6,962,268,254,252,41251.35547,10670.09668,2,1,18.660667,31.554199,0.049525,0.005771,0.043754,1,1,2,1,1,1.0,0,1
0.332522,28,28,4712,2976,31,29,109322.0859,69048.0625,7,7,12.303296,12.296,0.001523,0.000526,0.000997,10,6,4,3,0,0.0,0,0
1e-05,2,0,114,0,254,0,45600000.0,0.0,0,0,0.01,0.0,0.0,0.0,0.0,7,4,6,4,2,0.0,0,1
1.3e-05,2,0,1064,0,254,0,327384608.0,0.0,0,0,0.013,0.0,0.0,0.0,0.0,31,15,15,15,2,0.0,0,0
0.030864,72,74,4222,64070,31,29,1079315.75,16382841.0,7,30,0.430239,0.413945,0.000794,0.000635,0.000159,8,5,9,4,0,0.0,0,0
0.190142,4,4,536,304,31,29,16913.67383,9592.830078,0,0,58.340668,26.665334,0.0,0.0,0.0,12,5,4,2,0,0.0,0,0
0.000953,2,2,146,178,31,29,612801.6875,747114.375,0,0,0.006,0.005,0.0,0.0,0.0,3,3,3,1,0,0.0,0,0
4e-06,2,0,114,0,254,0,114000000.0,0.0,0,0,0.004,0.0,0.0,0.0,0.0,9,3,4,2,2,0.0,0,1
1.35937,26,20,8391,1788,62,252,47486.70313,9998.749023,10,8,54.374799,69.127734,0.059811,0.029252,0.030559,1,8,1,1,1,0.0,0,1
0.223354,8,12,424,8824,31,29,13288.32324,289728.4063,1,4,31.861429,20.252909,0.000701,0.000568,0.000133,10,2,2,2,0,0.0,0,0
0.017941,34,36,2230,14952,31,29,965386.5625,6482136.0,7,11,0.534,0.510441,0.00071,0.000575,0.000135,7,4,3,1,0,0.0,0,0
0.001075,2,2,146,178,31,29,543255.8125,662325.5625,0,0,0.01,0.008,0.0,0.0,0.0,6,3,3,2,0,0.0,0,0
0.001762,4,4,520,304,31,29,1770715.125,1035187.25,0,0,0.445333,0.232333,0.0,0.0,0.0,6,4,6,3,0,0.0,0,0
2.005213,20,78,1226,96849,62,252,4647.885254,381437.7813,2,36,105.537527,24.356961,0.316663,0.128994,0.187669,3,1,1,1,1,1.0,0,1
0.064073,60,62,3614,49342,31,29,443743.875,6061461.5,7,24,1.079966,1.030377,0.001409,0.001215,0.000194,3,2,3,2,0,0.0,0,0
0.421285,10,16,838,14200,62,252,14337.08789,252807.4844,2,6,46.809444,25.853934,0.102622,0.032797,0.069825,1,1,1,1,1,1.0,0,1
0.573024,20,38,2506,42414,62,252,33241.19141,576562.25,6,17,30.159158,15.213135,0.051215,0.006201,0.045014,1,1,1,2,1,1.0,0,1
1.057852,12,18,1580,10168,31,29,10958.05469,72630.19531,3,5,96.135726,62.05682,0.01667,0.002882,0.013788,2,2,4,1,0,1.0,0,0
0.001157,2,2,146,178,31,29,504753.6875,615384.625,0,0,0.012,0.009,0.0,0.0,0.0,3,3,1,1,0,0.0,0,0
0.526499,14,10,774,556,254,252,10924.99805,7612.550293,4,3,40.49223,52.256555,0.094298,0.056184,0.038114,5,2,8,1,1,0.0,0,1
0.007074,24,26,2062,2424,31,29,2235793.0,2636132.25,6,7,0.279739,0.25828,0.000739,0.000606,0.000133,5,2,5,1,0,0.0,0,0
1.1e-05,2,0,180,0,254,0,65454544.0,0.0,0,0,0.011,0.0,0.0,0.0,0.0,14,14,15,14,2,0.0,0,1
0.444488,10,6,924,268,254,252,14974.5332,4031.60498,2,1,48.371556,84.432797,0.041777,0.022316,0.019461,1,1,1,1,1,1.0,0,1
0.002368,2,2,130,162,31,29,219594.5781,273648.625,0,0,0.008,0.005,0.0,0.0,0.0,4,1,1,1,0,0.0,0,0
0.001923,4,4,512,304,31,29,1597503.875,948517.9375,0,0,0.492333,0.234,0.0,0.0,0.0,11,5,5,3,0,0.0,0,0
0.003817,8,10,1038,820,31,29,1905161.125,1546764.5,2,2,0.497429,0.368667,0.000631,0.000493,0.000138,1,2,8,1,0,1.0,0,0
2.355873,16,14,1402,1270,254,252,4465.435547,4007.00708,5,4,152.40834,174.583469,0.211771,0.086287,0.125484,4,1,2,1,1,0.0,0,1
1.013076,14,18,1684,10168,31,29,12350.50586,75840.3125,3,5,77.903613,67.505668,0.0006,0.000486,0.000114,3,1,3,2,0,1.0,0,0
0.005595,6,8,320,1962,31,29,381769.4375,2455049.25,1,2,1.055,0.361286,0.00324,0.003059,0.000181,12,8,7,4,0,0.0,0,0
0.472551,10,8,790,1550,254,252,12036.7959,22973.18164,2,2,52.505667,58.37043,0.108858,0.063179,0.045679,1,1,2,1,1,1.0,0,1
2.199432,10,8,508,354,254,252,1665.884766,1127.563843,2,1,237.512889,301.269437,0.183043,0.090538,0.092505,1,1,2,1,1,1.0,0,1
5e-06,2,0,264,0,60,0,211200000.0,0.0,0,0,0.005,0.0,0.0,0.0,0.0,8,2,2,2,0,0.0,0,0
0.001001,2,2,130,162,31,29,519480.5,647352.625,0,0,0.011,0.001,0.0,0.0,0.0,6,2,5,1,0,0.0,0,0
1.008046,14,18,1684,10168,31,29,12412.13184,76218.74219,3,5,77.512079,59.263825,0.000693,0.000557,0.000136,3,1,4,1,0,1.0,0,0
0.043982,46,48,2854,31360,31,29,507844.125,5585376.0,7,17,0.970422,0.922085,0.000792,0.000633,0.000159,8,6,3,1,0,0.0,0,0
0.4192,10,8,962,354,254,252,16526.7168,5916.030273,2,1,46.577778,53.908855,0.055637,0.041083,0.014554,2,1,1,1,1,1.0,0,1
0.299911,22,14,1470,1728,31,29,37451.11328,42812.70313,5,4,14.281476,23.014309,0.000713,0.000587,0.000126,4,19,4,4,0,0.0,0,0
0.004802,8,12,424,8824,31,29,618075.8125,13476052.0,1,4,0.641,0.391273,0.000612,0.000491,0.000121,3,7,6,4,0,0.0,0,0
0.912862,16,10,1056,556,254,252,8676.009766,4390.586914,5,3,60.857465,94.386555,0.124297,0.062779,0.061518,5,3,3,3,1,0.0,0,1
0.232756,10,10,826,3994,62,252,25571.84375,123562.8672,2,3,25.861778,22.940667,0.061145,0.012627,0.048518,1,1,1,1,1,1.0,0,1
0.004318,12,12,1036,2262,31,29,1760074.125,3842519.75,4,4,0.360909,0.333727,0.000799,0.000636,0.000163,22,2,5,2,0,0.0,0,0
0.330337,10,8,1116,1130,62,252,24338.78125,23951.29883,2,2,36.704111,35.142285,0.086554,0.062668,0.023886,2,1,2,1,1,1.0,0,1
0.070916,48,50,2958,33044,31,29,326809.1875,3653223.75,7,18,1.50183,1.436898,0.000644,0.000504,0.00014,9,3,3,1,0,0.0,0,0
0.243172,10,8,880,1422,62,252,26055.63086,40958.66406,2,2,27.019111,32.762143,0.056943,0.007457,0.049486,1,1,1,1,1,1.0,0,1
0.197552,10,6,758,268,254,252,27658.54102,9071.029297,2,1,20.485667,33.139398,0.060979,0.031846,0.029133,12,4,5,12,1,1.0,0,1
1.1e-05,2,0,200,0,254,0,72727272.0,0.0,0,0,0.011,0.0,0.0,0.0,0.0,23,4,6,4,2,0.0,0,1
0.004939,18,18,3824,2456,31,29,5850577.0,3757845.5,7,7,0.271765,0.257118,0.000703,0.000562,0.000141,20,4,6,3,0,0.0,0,0
0.039984,56,58,3390,40986,31,29,666266.5,8059224.0,7,22,0.721,0.692877,0.00061,0.000487,0.000123,9,6,4,1,0,0.0,0,0
8e-06,2,0,200,0,254,0,80000000.0,0.0,0,0,0.01,0.0,0.0,0.0,0.0,15,7,9,7,2,0.0,0,1
1.374152,10,10,776,4234,62,252,4069.418945,22186.77539,2,3,152.683556,140.403556,0.190729,0.109765,0.080964,1,1,2,1,1,1.0,0,1
0.001105,2,2,146,178,31,29,528506.75,644343.875,0,0,0.01,0.008,0.0,0.0,0.0,2,3,1,1,0,0.0,0,0
0.243521,10,6,984,268,254,252,29106.31836,7358.708008,2,1,24.216667,43.125199,0.053838,0.027886,0.025952,1,1,2,1,1,1.0,0,1
1.715813,18,18,1030,3876,62,252,4536.625,17069.45898,6,7,100.876471,98.210586,0.121695,0.046232,0.075463,5,1,1,1,1,0.0,0,1
0.77876,228,438,13142,548216,31,29,134418.8125,5618830.0,21,197,3.444372,1.77805,0.001905,0.001748,0.000157,10,4,5,3,0,0.0,0,0
0.711039,10,6,504,268,254,252,5108.018066,2520.255615,2,1,78.907333,113.747203,0.26045,0.142301,0.118149,5,3,4,3,1,0.0,0,1
0.675335,8,8,964,484,31,29,26743.55859,13435.15234,2,3,36.067427,35.953857,0.000772,0.00061,0.000162,12,7,6,2,0,0.0,0,0
0.364635,10,8,828,1676,62,252,16367.05273,32185.61133,2,2,40.515,43.291715,0.084553,0.060953,0.0236,1,1,4,1,1,1.0,0,1
0.001094,2,2,130,162,31,29,475319.9375,592321.8125,0,0,0.01,0.006,0.0,0.0,0.0,4,4,1,1,0,0.0,0,0
1.302325,10,8,814,1080,62,252,4502.716309,5805.002441,2,2,144.702778,167.216859,0.221135,0.130936,0.090199,2,17,2,2,1,1.0,0,1
0.014018,42,44,2646,24694,31,29,1474104.75,13772578.0,7,15,0.333927,0.311814,0.000725,0.000605,0.00012,5,1,2,1,0,0.0,0,0
1.005263,12,18,1580,10168,31,29,11531.31152,76429.75,3,5,91.354815,59.101884,0.000657,0.000526,0.000131,1,2,1,1,0,1.0,0,0
1.1e-05,2,0,114,0,254,0,41454544.0,0.0,0,0,0.011,0.0,0.0,0.0,0.0,7,4,4,4,2,0.0,0,1
3e-06,2,0,200,0,254,0,114285712.0,0.0,0,0,0.007,0.0,0.0,0.0,0.0,13,7,10,7,2,0.0,0,1
0.323549,12,10,1276,2068,62,252,28929.1582,46039.39453,3,3,29.413545,34.795332,0.052494,0.006759,0.045735,1,1,1,1,1,1.0,0,1
0.001067,2,2,146,178,31,29,547329.0,667291.5,0,0,0.01,0.011,0.0,0.0,0.0,2,2,5,1,0,0.0,0,0
0.692985,12,8,890,1156,62,252,9420.117188,11682.79297,2,2,62.998638,92.196859,0.070383,0.046925,0.023458,1,1,1,1,1,1.0,0,1
1.880834,122,126,7818,16448,31,29,32981.11328,69407.50781,30,32,15.539215,15.042904,0.00059,0.000467,0.000123,8,2,3,1,0,0.0,0,0
0.004676,4,4,568,304,31,29,728828.0,390076.9688,0,0,1.262,1.053,0.0,0.0,0.0,7,5,5,4,0,0.0,0,0
2e-06,2,0,200,0,254,0,400000000.0,0.0,0,0,0.002,0.0,0.0,0.0,0.0,12,2,2,2,2,0.0,0,1
0.021977,46,48,2854,31354,31,29,1016335.25,11175684.0,7,17,0.480978,0.46587,0.000679,0.000536,0.000143,3,4,3,2,0,0.0,0,0
0.020289,15,13,872,5596,31,30,320962.0938,2036965.875,0,3,1.449214,1.450333,0.0,0.0,0.0,2,2,2,1,0,0.0,0,0
7e-06,2,0,200,0,254,0,72727272.0,0.0,0,0,0.011,0.0,0.0,0.0,0.0,8,4,4,4,2,0.0,0,1
0.017605,42,44,2646,25684,31,29,1173757.5,11406306.0,7,15,0.421732,0.384349,0.001229,0.001064,0.000165,8,2,4,1,0,0.0,0,0
2e-06,2,0,114,0,254,0,228000000.0,0.0,0,0,0.002,0.0,0.0,0.0,0.0,12,4,4,4,2,0.0,0,1
1.085019,122,126,7806,15310,31,29,57090.24609,111990.6641,30,32,8.963918,8.675696,0.000688,0.000552,0.000136,6,2,2,1,0,0.0,0,0
0.179563,10,6,1896,268,254,252,76051.30469,9979.78418,2,1,18.614889,34.601398,0.052119,0.006553,0.045566,1,1,1,1,1,1.0,0,1
0.03284,54,56,3302,40832,31,29,789525.0,9769306.0,7,21,0.613585,0.586364,0.000734,0.000589,0.000145,6,2,3,1,0,0.0,0,0
2.244097,24,22,1252,1632,62,252,4277.890137,5554.126953,7,9,97.564606,105.133141,0.095029,0.036291,0.058738,1,3,2,2,1,0.0,0,1
1.745502,10,8,564,354,254,252,2328.27002,1420.794678,2,1,193.944667,236.242719,0.131854,0.090552,0.041302,1,1,1,1,1,0.0,0,1
1.2e-05,2,0,114,0,254,0,38000000.0,0.0,0,0,0.012,0.0,0.0,0.0,0.0,14,4,4,4,2,0.0,0,1
5e-06,2,0,200,0,254,0,160000000.0,0.0,0,0,0.005,0.0,0.0,0.0,0.0,1,1,1,1,2,0.0,0,1
1.005721,12,18,1580,10168,31,29,11526.05957,76394.94531,3,5,91.398909,59.127881,0.000684,0.000544,0.00014,1,2,4,1,0,1.0,0,0
1.530518,10,8,564,354,254,252,2655.310059,1620.366333,2,1,165.135333,195.504141,0.33255,0.161988,0.170562,1,2,1,1,1,0.0,0,1
0.377738,12,8,1058,758,254,252,20543.33984,14062.65723,3,2,33.441001,46.857715,0.09788,0.049729,0.048151,11,1,1,1,1,0.0,0,1
0.014933,46,48,2854,29168,31,29,1495747.625,15300877.0,7,17,0.324756,0.311435,0.00074,0.000595,0.000145,6,4,7,1,0,0.0,0,0
0.025948,40,40,2542,20116,31,29,764297.875,6047171.5,7,13,0.65741,0.652795,0.000817,0.000485,0.000332,5,2,2,1,0,0.0,0,0
1.1e-05,2,0,200,0,254,0,72727272.0,0.0,0,0,0.011,0.0,0.0,0.0,0.0,14,6,5,5,2,0.0,0,1
4e-06,2,0,126,0,254,0,126000000.0,0.0,0,0,0.004,0.0,0.0,0.0,0.0,1,1,1,1,2,0.0,0,1
0.029372,60,62,3598,49642,31,29,963911.25,13303010.0,7,24,0.500845,0.473525,0.000577,0.000476,0.000101,3,2,5,1,0,0.0,0,0
0.006464,32,24,3728,5474,31,29,4470297.0,6492574.5,7,7,0.208516,0.24813,0.000768,0.000622,0.000146,3,3,2,1,0,0.0,0,0
1.1e-05,2,0,180,0,254,0,65454544.0,0.0,0,0,0.011,0.0,0.0,0.0,0.0,14,14,15,14,2,0.0,0,1
4e-06,2,0,114,0,254,0,114000000.0,0.0,0,0,0.004,0.0,0.0,0.0,0.0,7,4,4,4,2,0.0,0,1
1.1e-05,2,0,114,0,254,0,41454544.0,0.0,0,0,0.011,0.0,0.0,0.0,0.0,13,4,4,4,2,0.0,0,1
1.011993,12,18,1580,10168,31,29,11454.62402,75921.46875,3,5,91.966365,59.495942,0.00069,0.000558,0.000132,2,5,2,1,0,1.0,0,0
4e-06,2,0,114,0,254,0,114000000.0,0.0,0,0,0.004,0.0,0.0,0.0,0.0,7,4,4,4,2,0.0,0,1
6.884792,106,116,9400,12402,31,29,10820.37109,14287.72363,26,31,65.565839,59.863261,0.000633,0.00051,0.000123,2,1,7,1,0,0.0,0,0
1.053656,10,10,796,3000,62,252,5443.901855,20500.04883,2,2,117.072889,110.888664,0.127128,0.054845,0.072283,1,1,1,13,1,1.0,0,1
0.486034,10,8,820,354,254,252,12147.29785,5102.523438,2,1,52.731111,64.89357,0.082082,0.03177,0.050312,1,1,1,1,1,1.0,0,1
0.024665,52,54,2934,3742,31,29,933468.5,1191323.75,11,15,0.477471,0.454792,0.000715,0.000557,0.000158,1,4,7,4,0,0.0,0,0
0.36511,12,16,1320,12250,62,252,26512.55664,251650.1875,3,6,33.19182,23.155067,0.032674,0.017009,0.015665,1,1,1,1,1,1.0,0,1
0.023969,56,58,3390,41228,31,29,1111435.625,13523468.0,7,22,0.4292,0.409298,0.000751,0.000628,0.000123,11,3,6,1,0,0.0,0,0
0.004774,4,4,568,320,31,29,713866.75,402178.4688,0,0,1.228333,1.098667,0.0,0.0,0.0,12,8,3,3,0,0.0,0,0
0.010885,36,38,2334,16734,31,29,1668350.875,11975379.0,7,12,0.302114,0.276514,0.000791,0.000644,0.000147,8,1,1,1,0,0.0,0,0
0.250643,10,6,932,268,254,252,26779.125,7149.611816,2,1,27.849222,43.210398,0.084528,0.033886,0.050642,1,1,17,1,1,1.0,0,1
7e-06,2,0,200,0,254,0,72727272.0,0.0,0,0,0.011,0.0,0.0,0.0,0.0,14,5,5,5,2,0.0,0,1
0.393196,10,8,798,1014,62,252,14628.83691,18067.32617,2,2,43.688444,51.37257,0.083456,0.032779,0.050677,1,2,2,4,1,1.0,0,1
0.001763,4,4,528,304,31,29,1796937.0,1034600.063,0,0,0.447,0.231,0.0,0.0,0.0,8,4,7,2,0,0.0,0,0
1.2e-05,2,0,630,0,254,0,210000000.0,0.0,0,0,0.012,0.0,0.0,0.0,0.0,3,2,1,1,2,0.0,0,1
1.068143,10,10,832,1186,62,252,5609.73584,7998.928711,2,2,118.682556,106.601109,0.170353,0.091431,0.078922,4,1,3,2,1,1.0,0,1
0.862566,52,54,2934,3742,31,29,26692.45117,34065.80078,11,15,16.906725,16.264585,0.00067,0.000538,0.000132,1,7,9,5,0,0.0,0,0
0.142021,40,42,2542,21848,31,29,139641.3125,1201399.75,7,14,3.632744,3.44722,0.000858,0.000684,0.000174,9,3,5,2,0,0.0,0,0
8e-06,2,0,120,0,254,0,60000000.0,0.0,0,0,0.008,0.0,0.0,0.0,0.0,1,1,1,1,2,0.0,0,1
0.648466,10,6,854,268,254,252,9487.004883,2763.444824,2,1,71.979333,112.095797,0.223215,0.087978,0.135237,2,1,1,5,1,1.0,0,1
1.320591,10,8,702,2930,62,252,3828.588867,15532.44043,2,2,146.657333,175.110281,0.202256,0.094818,0.107438,1,1,1,1,1,1.0,0,1
0.224693,10,6,946,268,254,252,30334.72266,7975.326172,2,1,24.965889,43.173199,0.053663,0.00813,0.045533,1,1,1,1,1,1.0,0,1
9e-06,2,0,114,0,254,0,50666664.0,0.0,0,0,0.009,0.0,0.0,0.0,0.0,15,1,1,1,2,0.0,0,1
6e-06,2,0,200,0,254,0,72727272.0,0.0,0,0,0.011,0.0,0.0,0.0,0.0,12,6,6,6,2,0.0,0,1
0.004318,14,6,8928,320,31,29,15360816.0,494673.4688,4,1,0.332154,0.7418,0.000604,0.000473,0.000131,3,6,8,4,0,0.0,0,0
0.00292,6,8,320,1884,31,29,731506.8125,4517808.0,1,2,0.519,0.343714,0.000648,0.00051,0.000138,3,5,9,4,0,0.0,0,0
0.013561,16,18,1540,1644,31,29,851854.5625,916156.625,4,4,0.8832,0.770294,0.000584,0.000462,0.000122,6,6,6,5,0,0.0,0,0
0.563685,10,6,826,268,254,252,10559.08887,3179.080566,2,1,57.670111,96.527797,0.155024,0.081043,0.073981,2,2,2,2,1,1.0,0,1
0.420255,12,12,586,682,254,252,10241.40137,11916.57422,3,4,38.205001,35.838637,0.057473,0.019909,0.037564,1,1,1,1,1,0.0,0,1
1.118185,14,18,1684,10168,31,29,11189.56152,68711.34375,3,5,85.977075,65.743765,0.000671,0.000536,0.000135,2,2,2,1,0,1.0,0,0
0.019988,44,46,2750,27730,31,29,1075845.5,10857714.0,7,16,0.457326,0.440977,0.000739,0.000575,0.000164,9,3,2,1,0,0.0,0,0
0.022152,8,10,1040,824,31,29,328638.5,267966.7813,2,2,3.103,2.402889,0.000656,0.00052,0.000136,2,3,4,2,0,1.0,0,0
1.034087,60,14,68189,612,254,252,518741.6875,4401.951172,27,1,17.216712,78.029461,0.061186,0.019701,0.041485,1,19,4,1,1,1.0,0,1
0.394921,10,16,818,13516,62,252,14929.56836,256699.4375,2,6,43.880111,22.8932,0.097635,0.050799,0.046836,2,2,3,1,1,1.0,0,1
1.006717,12,18,1580,10168,31,29,11514.65625,76319.36719,3,5,91.487365,59.18782,0.000654,0.000519,0.000135,2,2,2,2,0,1.0,0,0
1.01192,10,8,786,1160,62,252,5597.280762,8024.350098,2,2,112.318333,133.910281,0.142377,0.074532,0.067845,1,2,1,1,1,1.0,0,1
0.802953,10,6,790,268,254,252,7083.851562,2231.761963,2,1,86.934889,138.926406,0.168521,0.108312,0.060209,1,34,34,35,1,1.0,0,1
1.171119,14,18,1684,10168,31,29,10683.79883,65605.63281,3,5,90.059233,68.858294,0.000669,0.000524,0.000145,1,4,1,1,0,1.0,0,0
0.0,6,0,384,0,1,0,51.194534,0.0,0,0,10001.037,0.0,0.0,0.0,0.0,2,4,2,2,0,0.0,0,0
0.494905,52,40,37472,3276,31,29,594085.75,51646.27734,18,8,9.696432,12.67618,0.000676,0.00053,0.000146,1,6,1,1,0,0.0,0,0
0.17691,8,6,770,1290,62,252,30478.77539,48612.28906,2,2,25.156571,29.757801,0.061398,0.02811,0.033288,1,1,1,1,1,1.0,0,1
2.581236,28,84,2954,105167,62,252,8829.878906,322065.875,6,40,95.601334,29.790963,0.259258,0.107588,0.15167,1,1,1,1,1,1.0,0,1
1.247961,10,8,532,354,254,252,3070.608643,1987.241577,2,1,135.553556,168.487141,0.14797,0.068544,0.079426,4,1,2,1,1,0.0,0,1
4.583012,134,132,136692,136632,254,252,236825.9063,236694.9844,55,56,34.458738,32.948855,0.208106,0.102047,0.106059,1,1,1,1,1,0.0,0,1
0.001321,2,2,146,178,31,29,442089.3125,538985.625,0,0,0.011,0.005,0.0,0.0,0.0,2,3,1,1,0,0.0,0,0
1e-05,2,0,168,0,254,0,67200000.0,0.0,0,0,0.01,0.0,0.0,0.0,0.0,1,1,1,1,2,0.0,0,1
0.286111,230,438,13246,548216,31,29,368779.9375,15293785.0,21,197,1.247969,0.653492,0.000666,0.000531,0.000135,9,7,8,6,0,0.0,0,0
1.224916,10,8,906,354,254,252,5329.345215,2024.628662,2,1,130.687667,156.904422,0.252911,0.126581,0.12633,1,2,1,1,1,1.0,0,1
0.24408,10,8,648,1794,254,252,19141.26367,51458.53516,2,2,27.12,32.974145,0.053826,0.006902,0.046924,2,1,1,1,1,1.0,0,1
0.001135,2,2,146,178,31,29,514537.4375,627312.75,0,0,0.011,0.008,0.0,0.0,0.0,2,5,3,2,0,0.0,0,0
0.012985,38,40,2438,20718,31,29,1462610.625,12445745.0,7,13,0.349778,0.316949,0.000755,0.000613,0.000142,12,2,4,1,0,0.0,0,0
0.001051,2,2,130,162,31,29,494766.9063,616555.6875,0,0,0.01,0.008,0.0,0.0,0.0,5,3,14,2,0,0.0,0,0
0.091274,22,24,2054,2478,31,29,171878.0781,208164.4219,6,6,4.329238,3.941348,0.000745,0.000612,0.000133,4,3,2,1,0,0.0,0,0
4.920326,230,438,13246,548216,31,29,21444.10742,889315.0,21,197,21.484707,11.256693,0.001352,0.00115,0.000202,9,3,3,2,0,0.0,0,0
0.000972,2,2,146,178,31,29,600823.0625,732510.3125,0,0,0.001,0.004,0.0,0.0,0.0,3,4,4,2,0,0.0,0,0
1e-05,2,0,200,0,254,0,200000000.0,0.0,0,0,0.004,0.0,0.0,0.0,0.0,10,4,6,4,2,0.0,0,1
0.014148,16,18,1540,1644,31,29,816511.1875,878145.3125,4,4,0.922133,0.803471,0.000619,0.000485,0.000134,12,9,10,6,0,0.0,0,0
0.350018,12,10,1300,2092,62,252,27244.31445,43037.78906,3,3,31.819817,37.444891,0.054307,0.007353,0.046954,1,2,1,1,1,1.0,0,1
0.004022,8,10,1052,824,31,29,1831924.5,1475882.625,2,2,0.519857,0.385778,0.000678,0.000546,0.000132,2,11,9,8,0,1.0,0,0
6.245806,14,12,1156,896,254,252,1375.643066,1052.866455,3,2,480.446615,556.368187,0.213492,0.124832,0.08866,1,2,1,1,1,0.0,0,1
0.180944,10,6,982,268,254,252,39083.91797,9903.617188,2,1,18.486889,34.965199,0.052598,0.006109,0.046489,1,1,1,1,1,1.0,0,1
0.02997,56,58,3390,42716,31,29,888888.875,11205873.0,7,22,0.538727,0.51593,0.000687,0.000551,0.000136,10,2,2,1,0,0.0,0,0
0.024146,48,48,2958,29218,31,29,959827.6875,9479003.0,7,17,0.505872,0.494319,0.001048,0.000909,0.000139,7,4,7,4,0,0.0,0,0
4e-06,2,0,200,0,254,0,88888888.0,0.0,0,0,0.009,0.0,0.0,0.0,0.0,23,8,8,8,2,0.0,0,1
0.186056,10,6,634,268,254,252,24551.74805,9631.508789,2,1,18.845111,35.353,0.056565,0.009288,0.047277,2,1,1,1,1,0.0,0,1
0.002861,6,8,320,1938,31,29,746592.125,4742398.0,1,2,0.5058,0.330143,0.000694,0.000546,0.000148,3,8,6,5,0,0.0,0,0
4e-06,2,0,114,0,254,0,114000000.0,0.0,0,0,0.004,0.0,0.0,0.0,0.0,7,5,5,5,2,0.0,0,1
0.001213,2,2,146,178,31,29,481450.9375,586974.4375,0,0,0.011,0.009,0.0,0.0,0.0,3,5,4,1,0,0.0,0,0
0.025858,40,38,2542,19138,31,29,766958.0,5765334.0,7,13,0.653872,0.685324,0.000629,0.000499,0.00013,14,1,3,1,0,0.0,0,0
4e-06,2,0,114,0,254,0,114000000.0,0.0,0,0,0.004,0.0,0.0,0.0,0.0,14,7,7,7,2,0.0,0,1
0.028664,44,46,2750,27886,31,29,750209.3125,7613731.5,7,16,0.658116,0.624956,0.000682,0.000537,0.000145,3,2,2,1,0,0.0,0,0
1.009479,14,18,1684,10168,31,29,12394.51172,76110.54688,3,5,77.625077,59.351765,0.001294,0.000492,0.000802,1,2,1,1,0,1.0,0,0
0.00181,4,4,536,304,31,29,1776795.5,1007734.813,0,0,0.459333,0.235667,0.0,0.0,0.0,8,3,11,3,0,0.0,0,0
1.004978,12,18,1580,10168,31,29,11534.58106,76451.42969,3,5,91.32927,59.083881,0.000684,0.000548,0.000136,9,7,4,4,0,0.0,0,0
0.319989,14,38,978,43948,62,252,22725.78125,1069836.75,2,17,24.614538,8.069189,0.068687,0.016183,0.052504,2,1,1,1,1,1.0,0,1
3.355881,226,438,13038,548216,31,29,30945.07813,1303896.125,21,197,14.913631,7.678062,0.000681,0.000557,0.000124,11,4,4,3,0,0.0,0,0
2.397913,14,6,2422,268,254,252,7503.191406,747.316528,6,1,183.674615,478.272187,0.051328,0.006548,0.04478,2,1,1,1,1,1.0,0,1
1.224787,10,12,844,3488,62,252,4964.128418,20888.5293,2,3,136.087444,102.042635,0.168888,0.101624,0.067264,1,2,3,4,1,1.0,0,1
1.006947,14,18,1684,10168,31,29,12425.67871,76301.92969,3,5,77.429541,59.200529,0.000687,0.000533,0.000154,1,3,2,1,0,1.0,0,0
0.018744,16,18,1540,1644,31,29,616303.9375,662825.4375,4,4,1.228933,1.075529,0.000577,0.000456,0.000121,15,8,18,7,0,0.0,0,0
0.237886,16,18,1540,1644,31,29,48561.07422,52226.69922,4,4,15.837534,13.963529,0.000628,0.000505,0.000123,13,6,9,6,0,0.0,0,0
3e-06,2,0,200,0,254,0,23529412.0,0.0,0,0,0.034,0.0,0.0,0.0,0.0,14,6,8,6,2,0.0,0,1
1.2e-05,2,0,200,0,254,0,160000000.0,0.0,0,0,0.005,0.0,0.0,0.0,0.0,19,6,6,6,2,0.0,0,1
1.138639,14,18,1684,10168,31,29,10988.55762,67477.05469,3,5,87.561613,66.951235,0.000576,0.000462,0.000114,4,1,4,1,0,1.0,0,0
0.890645,52,54,2934,3740,31,29,25850.92773,32973.85547,11,15,17.457196,16.794416,0.00069,0.000537,0.000153,10,7,2,2,0,0.0,0,0
3e-06,2,0,200,0,254,0,266666656.0,0.0,0,0,0.003,0.0,0.0,0.0,0.0,10,4,8,4,2,0.0,0,1
1.1e-05,2,0,200,0,254,0,80000000.0,0.0,0,0,0.01,0.0,0.0,0.0,0.0,10,4,4,4,2,0.0,0,1
0.887417,10,8,798,1074,62,252,6481.73291,8474.032227,2,2,98.601889,106.505,0.211801,0.125321,0.08648,5,2,3,5,1,4.0,0,1
7e-06,2,0,114,0,254,0,65142856.0,0.0,0,0,0.007,0.0,0.0,0.0,0.0,9,3,5,3,2,0.0,0,1
0.046614,52,42,37178,3380,31,29,6258034.0,566353.5,18,8,0.906941,1.122366,0.000747,0.000595,0.000152,1,6,2,1,0,0.0,0,0
4.108486,68,404,3332,523363,62,252,6392.62207,1016565.188,2,200,61.320687,10.095772,0.070953,0.039124,0.031829,1,1,1,1,1,1.0,0,1
6e-06,2,0,114,0,254,0,76000000.0,0.0,0,0,0.006,0.0,0.0,0.0,0.0,7,4,4,4,2,0.0,0,1
0.024869,40,42,2542,22592,31,29,797458.6875,7094776.5,7,14,0.629179,0.594366,0.000606,0.000483,0.000123,3,1,3,1,0,0.0,0,0
0.001687,4,4,520,304,31,29,1849436.875,1081209.25,0,0,0.431,0.226333,0.0,0.0,0.0,12,4,6,3,0,0.0,0,0
1.101462,10,8,534,354,254,252,3493.538574,2251.552979,2,1,122.384667,147.550141,0.139729,0.067897,0.071832,5,1,4,1,1,0.0,0,1
0.001013,2,2,130,162,31,29,513326.75,639684.0625,0,0,0.011,0.003,0.0,0.0,0.0,1,18,1,1,0,0.0,0,0
0.001059,2,2,146,178,31,29,551463.625,672332.375,0,0,0.011,0.01,0.0,0.0,0.0,2,4,1,1,0,0.0,0,0
1e-05,2,0,200,0,254,0,80000000.0,0.0,0,0,0.01,0.0,0.0,0.0,0.0,15,4,9,4,2,0.0,0,1
0.259722,10,8,1296,2622,254,252,35946.12891,70690.96875,2,2,28.858,35.98243,0.052313,0.007037,0.045276,1,1,1,1,1,1.0,0,1
0.004761,4,4,568,312,31,29,715816.0,393194.6875,0,0,1.233667,1.092,0.0,0.0,0.0,5,3,4,3,0,0.0,0,0
0.18769,10,6,988,268,254,252,37934.89063,9547.658203,2,1,19.066111,36.152398,0.051274,0.006922,0.044352,1,1,1,1,1,1.0,0,1
9e-06,2,0,114,0,254,0,50666664.0,0.0,0,0,0.009,0.0,0.0,0.0,0.0,10,4,5,4,2,0.0,0,1
1.760997,92,102,9518,15742,31,29,42771.22266,70814.42969,25,32,19.347923,17.413931,0.002468,0.002182,0.000286,13,7,7,1,0,0.0,0,0
1.156854,14,18,1684,10168,31,29,10815.53906,66414.60156,3,5,88.961618,68.016824,0.000699,0.000565,0.000134,1,5,1,2,0,1.0,0,0
2.94238,12,2,1240,96,254,252,3091.375,130.506592,6,1,267.489102,0.01,0.131816,0.070827,0.060989,1,1,6,1,1,1.0,0,1
0.719596,10,6,546,268,254,252,5469.735352,2490.286133,2,0,7700.4794,12829.268,0.078762,0.050996,0.027766,15,3,4,3,1,0.0,0,1
0.186462,10,6,954,268,254,252,36854.69531,9610.537109,2,1,19.097222,35.940398,0.051599,0.006757,0.044842,1,1,1,2,1,1.0,0,1
1.005856,14,18,1684,10168,31,29,12439.15625,76384.6875,3,5,77.344077,59.136471,0.000667,0.000531,0.000136,1,2,2,1,0,1.0,0,0
0.018851,48,50,2958,32374,31,29,1229430.75,13464325.0,7,18,0.394298,0.371959,0.000769,0.000615,0.000154,19,3,4,2,0,0.0,0,0
0.030669,52,42,37644,3380,31,29,9630832.0,860804.0625,18,8,0.594451,0.735049,0.000662,0.000527,0.000135,1,2,2,1,0,0.0,0,0
0.09174,122,126,7806,15444,31,29,675212.5625,1336123.875,30,32,0.77439,0.729576,0.000674,0.000539,0.000135,3,1,4,1,0,0.0,0,0
7e-06,2,0,114,0,254,0,65142856.0,0.0,0,0,0.007,0.0,0.0,0.0,0.0,7,7,7,7,2,0.0,0,1
0.267667,52,40,37368,3276,31,29,1095390.875,95491.78906,18,8,5.241686,6.845769,0.000839,0.000677,0.000162,1,3,1,1,0,0.0,0,0
0.022909,52,42,37262,3380,31,29,12762146.0,1152385.5,18,8,0.442353,0.545219,0.000687,0.000552,0.000135,1,2,3,1,0,0.0,0,0
1.219141,14,18,1684,10168,31,29,10262.96387,63021.42188,3,5,93.754002,71.681412,0.000693,0.000554,0.000139,1,6,1,1,0,1.0,0,0
0.518723,16,10,918,556,254,252,13278.7627,7726.666992,5,3,33.685333,54.085109,0.064052,0.031954,0.032098,5,2,2,2,1,0.0,0,1
0.487908,60,14,68469,612,254,252,1103945.875,9329.62793,27,1,8.018966,35.861383,0.06632,0.021699,0.044621,1,1,1,1,1,0.0,0,1
1.193948,16,14,860,800,254,252,5407.270508,4978.440918,4,5,79.596536,84.371,0.153508,0.07825,0.075258,6,1,2,1,1,0.0,0,1
0.004864,18,18,4016,2456,31,29,6238487.0,3815789.75,7,7,0.267294,0.255941,0.000642,0.000507,0.000135,4,3,4,3,0,0.0,0,0
0.717166,10,12,820,7002,62,252,8232.40332,71604.0625,2,4,79.685111,56.758728,0.186819,0.09205,0.094769,2,1,1,1,1,0.0,0,1
1.004906,12,18,1580,10168,31,29,11535.40625,76456.89844,3,4,91.32118,59.080352,0.000683,0.000536,0.000147,1,8,1,1,0,1.0,0,0
1.005021,12,18,1580,10168,31,29,11534.08789,76448.15625,3,5,91.330548,59.087762,0.000643,0.000525,0.000118,1,4,1,1,0,1.0,0,0
6.367305,14,12,1336,3028,62,252,1559.215454,3487.817871,3,3,489.621404,568.070187,0.236889,0.118524,0.118365,1,1,1,1,1,1.0,0,1
4e-06,2,0,104,0,254,0,104000000.0,0.0,0,0,0.004,0.0,0.0,0.0,0.0,21,2,6,2,2,0.0,0,1
0.228999,84,86,4862,78556,31,29,167861.0,2712431.0,7,36,2.755169,2.680694,0.001264,0.001136,0.000128,11,2,5,1,0,0.0,0,0
0.222498,8,12,424,8824,31,29,13339.44531,290843.0625,1,4,31.740715,20.171272,0.000781,0.00061,0.000171,2,4,3,3,0,0.0,0,0
4e-06,2,0,200,0,254,0,72727272.0,0.0,0,0,0.011,0.0,0.0,0.0,0.0,14,4,8,4,2,0.0,0,1
0.746085,4,2,632,496,254,60,5082.530762,2659.214355,0,0,248.695,0.006,0.0,0.0,0.0,3,3,2,2,3,0.0,0,1
0.88323,48,52,3744,19084,31,29,33205.39453,169532.2969,11,15,18.784297,17.295706,0.001271,0.001142,0.000129,6,5,9,3,0,0.0,0,0
4.669465,436,858,24536,1094788,31,29,41940.5625,1873470.25,38,390,10.733637,5.448073,0.000605,0.000463,0.000142,12,2,4,1,0,0.0,0,0
0.001714,4,4,512,304,31,29,1792298.75,1064177.375,0,0,0.447667,0.207,0.0,0.0,0.0,10,3,5,2,0,0.0,0,0
0.096959,52,42,37268,3380,31,29,3015872.5,272280.0313,18,8,1.894,2.351439,0.000685,0.000545,0.00014,3,5,4,1,0,0.0,0,0
0.001079,2,2,146,178,31,29,541241.9375,659870.25,0,0,0.011,0.005,0.0,0.0,0.0,9,9,3,2,0,0.0,0,0
0.001074,2,2,146,178,31,29,543761.625,662942.25,0,0,0.011,0.009,0.0,0.0,0.0,5,4,2,2,0,0.0,0,0
1.759149,10,8,564,354,254,252,2310.208008,1409.772583,2,1,192.856222,232.318281,0.174702,0.132917,0.041785,3,1,1,1,1,0.0,0,1
0.014604,40,40,2542,21730,31,29,1357984.125,11606135.0,7,14,0.366359,0.358564,0.000742,0.00061,0.000132,6,7,5,1,0,0.0,0,0
0.881669,52,54,2934,3742,31,29,26114.10938,33327.69922,11,15,17.281392,16.620227,0.000945,0.000793,0.000152,2,2,4,2,0,0.0,0,0
0.043933,72,74,4238,63618,31,29,761159.0,11428129.0,7,30,0.613704,0.594123,0.00068,0.000558,0.000122,5,3,2,1,0,0.0,0,0
0.005044,18,18,4112,2456,31,29,6160190.0,3679619.25,7,7,0.277412,0.264412,0.000706,0.000545,0.000161,8,3,3,2,0,0.0,0,0
1.246546,368,744,19618,1084890,31,29,125562.9531,6953177.5,2,369,3.395708,1.677038,0.00065,0.000502,0.000148,4,14,5,5,0,0.0,0,0
0.001105,2,2,146,178,31,29,528506.75,644343.875,0,0,0.004,0.003,0.0,0.0,0.0,1,3,5,2,0,0.0,0,0
1e-05,2,0,168,0,254,0,67200000.0,0.0,0,0,0.01,0.0,0.0,0.0,0.0,1,1,2,1,2,0.0,0,1
4e-06,2,0,200,0,254,0,200000000.0,0.0,0,0,0.004,0.0,0.0,0.0,0.0,10,2,2,2,2,0.0,0,1
0.459557,16,54,1788,65145,62,252,29193.33203,1113054.5,2,25,30.637135,7.949471,0.071459,0.019614,0.051845,1,1,1,1,1,0.0,0,1
2.966544,12,10,986,814,254,252,2437.85376,1976.71106,4,1,7831.487094,9386.534,0.189738,0.110752,0.078986,6,3,4,3,1,0.0,0,1
0.656561,12,8,1044,762,254,252,11660.75977,8127.195801,4,2,3265.878585,4896.51,0.151623,0.05116,0.100463,6,3,3,3,1,0.0,0,1
0.009339,4,4,544,304,31,29,349502.0938,195309.9844,0,0,0.450333,2.754667,0.0,0.0,0.0,4,5,10,3,0,0.0,0,0
0.027411,52,40,37508,3276,31,29,10736419.0,932472.3125,18,8,0.530627,0.689282,0.000669,0.000522,0.000147,1,3,3,1,0,0.0,0,0
1.1e-05,2,0,114,0,254,0,41454544.0,0.0,0,0,0.011,0.0,0.0,0.0,0.0,14,4,4,4,2,0.0,0,1
0.197591,10,6,1018,268,254,252,37127.19531,9069.238281,2,1,20.128444,37.684602,0.055673,0.009159,0.046514,1,1,1,1,1,1.0,0,1
0.684679,10,8,994,354,254,252,10457.45606,3622.135498,2,1,68.570111,87.108711,0.143661,0.074911,0.06875,5,1,1,1,1,0.0,0,1
1.464868,236,438,13558,548216,31,29,73732.24219,2987108.75,21,197,6.23211,3.35103,0.000584,0.000464,0.00012,7,2,3,1,0,0.0,0,0
1.015778,10,8,564,354,254,252,4000.874512,2441.478516,2,1,110.333889,133.209578,0.157879,0.083292,0.074587,1,1,1,1,1,0.0,0,1
0.016977,48,50,2974,32564,31,29,1372680.75,15038229.0,7,18,0.361978,0.333224,0.000803,0.000638,0.000165,15,1,9,1,0,0.0,0,0
1.004793,12,18,1580,10168,31,29,11536.7041,76465.5,3,5,91.314179,59.073003,0.000707,0.000549,0.000158,2,3,2,2,0,2.0,0,0
0.006427,32,24,3728,5474,31,29,4496032.5,6529952.0,7,7,0.207323,0.246783,0.000805,0.00062,0.000185,1,2,1,1,0,0.0,0,0
0.528126,24,8,21972,354,254,252,318969.3438,4695.849121,9,1,22.646434,73.607859,0.066453,0.012866,0.053587,1,1,1,1,1,1.0,0,1
0.286252,10,8,818,1326,62,252,20597.23633,32446.93555,2,2,31.805778,38.572145,0.07109,0.015514,0.055576,1,1,1,1,1,1.0,0,1
7e-06,2,0,200,0,254,0,100000000.0,0.0,0,0,0.008,0.0,0.0,0.0,0.0,11,5,5,5,2,0.0,0,1
0.001159,2,2,146,178,31,29,503882.6563,614322.6875,0,0,0.011,0.009,0.0,0.0,0.0,3,2,5,1,0,0.0,0,0
0.019145,12,14,1064,2364,31,29,407834.9375,917628.5625,4,4,1.631455,1.382615,0.001338,0.001154,0.000184,1,8,2,1,0,0.0,0,0
0.530217,12,8,1068,736,254,252,14771.31055,9716.776367,3,2,48.201545,63.88657,0.146265,0.082384,0.063881,5,1,1,1,1,0.0,0,1
1.010815,14,18,1684,10168,31,29,12378.12988,76009.95313,3,5,77.728308,59.431412,0.000605,0.000476,0.000129,2,1,4,1,0,1.0,0,0
1.2e-05,2,0,114,0,254,0,38000000.0,0.0,0,0,0.012,0.0,0.0,0.0,0.0,18,4,4,4,2,0.0,0,1
1.1e-05,2,0,114,0,254,0,41454544.0,0.0,0,0,0.011,0.0,0.0,0.0,0.0,15,7,8,7,2,0.0,0,1
0.1906,10,6,844,268,254,252,31899.26758,9401.888672,2,1,18.573778,36.845602,0.050675,0.006354,0.044321,3,1,1,1,1,1.0,0,1
0.029528,52,40,37190,3276,31,29,9882146.0,865619.0625,18,8,0.572118,0.743205,0.000688,0.000535,0.000153,1,2,2,1,0,0.0,0,0
0.632327,10,6,508,268,254,252,5794.470215,2833.976562,2,1,69.792333,115.486797,0.202593,0.054889,0.147704,2,1,2,2,1,1.0,0,1
0.506385,10,6,534,268,254,252,7598.960938,3538.809326,2,1,56.265,74.779398,0.250576,0.131819,0.118757,5,1,1,1,1,0.0,0,1
0.241964,10,6,852,268,254,252,25359.14453,7406.060547,2,1,25.394778,37.667199,0.082581,0.053625,0.028956,1,1,1,1,1,1.0,0,1
5e-06,2,0,168,0,254,0,134400000.0,0.0,0,0,0.005,0.0,0.0,0.0,0.0,1,1,2,1,2,0.0,0,1
1.036446,10,8,790,1354,62,252,5487.984863,9146.641602,2,2,115.050222,138.285422,0.152546,0.068445,0.084101,5,2,3,5,1,4.0,0,1
0.971504,10,10,796,2814,62,252,5904.247559,20858.38086,2,2,107.944889,100.586336,0.146129,0.065454,0.080675,5,1,2,1,1,0.0,0,1
0.018249,16,18,1540,1644,31,29,633021.0,680804.4375,4,4,1.1942,1.047294,0.000566,0.000441,0.000125,10,8,9,7,0,0.0,0,0
0.489909,14,20,686,6868,62,252,10401.93164,106550.3984,6,10,32.698768,24.216316,0.044065,0.029792,0.014273,1,1,1,1,3,0.0,0,1
0.004812,4,4,568,304,31,29,708229.4375,379052.375,0,0,1.236667,1.077,0.0,0.0,0.0,5,4,4,3,0,0.0,0,0
1.1e-05,2,0,168,0,254,0,61090908.0,0.0,0,0,0.011,0.0,0.0,0.0,0.0,3,1,1,1,2,0.0,0,1
1.33828,152,148,12456,27312,31,29,73975.55469,162166.375,39,45,8.860457,9.099483,0.000826,0.000645,0.000181,5,4,1,1,0,0.0,0,0
0.026998,46,48,2854,31360,31,29,827320.5625,9099044.0,7,17,0.592778,0.56066,0.00077,0.000637,0.000133,9,3,5,1,0,0.0,0,0
1.144665,14,18,1684,10168,31,29,10930.70898,67121.82031,3,5,88.021156,67.302353,0.000641,0.000523,0.000118,1,1,2,1,0,1.0,0,0
0.005007,4,4,568,304,31,29,680647.0625,364289.9688,0,0,1.340667,1.192,0.0,0.0,0.0,9,5,4,3,0,0.0,0,0
0.035174,56,58,3390,40254,31,29,757377.5625,8997555.0,7,22,0.645074,0.608351,0.000637,0.000495,0.000142,12,4,3,1,0,0.0,0,0
1e-05,2,0,114,0,254,0,45600000.0,0.0,0,0,0.01,0.0,0.0,0.0,0.0,3,4,3,3,2,0.0,0,1
0.562512,12,6,3654,268,254,252,47643.42969,3185.709961,3,1,51.137454,90.809602,0.196121,0.0853,0.110821,2,1,1,2,1,1.0,0,1
1.875867,10,6,1138,268,254,252,4371.312012,955.291626,2,1,206.332333,355.238406,0.168068,0.099672,0.068396,1,1,1,1,1,1.0,0,1
1.005624,12,18,1580,10168,31,29,11527.1709,76402.3125,3,5,91.389547,59.123708,0.000648,0.000517,0.000131,1,1,1,2,0,1.0,0,0
0.233355,10,8,2554,476,254,252,78815.53906,14295.81543,2,2,24.326556,32.245,0.053275,0.007629,0.045646,2,1,1,1,1,0.0,0,1
2e-06,2,0,114,0,254,0,228000000.0,0.0,0,0,0.002,0.0,0.0,0.0,0.0,11,4,4,4,2,0.0,0,1
0.10089,84,86,4862,78556,31,29,381009.0,6156645.5,7,36,1.211843,1.178353,0.000883,0.00072,0.000163,5,2,5,1,0,0.0,0,0
0.01653,16,18,1540,1644,31,29,698850.5625,751603.1875,4,4,1.081267,0.944765,0.000586,0.000466,0.00012,6,12,6,6,0,0.0,0,0
0.001835,4,4,552,304,31,29,1804904.625,994005.4375,0,0,0.467667,0.238667,0.0,0.0,0.0,4,6,3,2,0,0.0,0,0
0.533541,10,10,608,646,254,252,8216.799805,8726.601562,2,3,59.282333,45.231555,0.155522,0.125714,0.029808,3,1,1,1,1,0.0,0,1
0.021619,46,46,2870,24114,31,29,1039086.0,8729359.0,7,16,0.473311,0.4696,0.00062,0.000484,0.000136,4,4,4,1,0,0.0,0,0
7e-06,2,0,114,0,254,0,65142856.0,0.0,0,0,0.007,0.0,0.0,0.0,0.0,7,7,7,7,2,0.0,0,1
0.660325,14,36,1370,37948,62,252,15422.70898,446979.9063,2,15,50.79423,16.807571,0.089362,0.034921,0.054441,1,1,1,1,1,1.0,0,1
1e-05,2,0,200,0,254,0,114285712.0,0.0,0,0,0.007,0.0,0.0,0.0,0.0,12,4,11,4,2,0.0,0,1
0.496927,48,10,52659,440,254,252,830093.75,6375.182129,21,1,10.477213,52.085,0.060081,0.028155,0.031926,1,1,1,1,1,1.0,0,1
1.671706,10,10,760,1526,62,252,3273.302979,6575.318848,2,2,185.745111,176.753,0.174302,0.080276,0.094026,1,18,1,1,1,1.0,0,1
8e-06,2,0,114,0,254,0,57000000.0,0.0,0,0,0.008,0.0,0.0,0.0,0.0,16,7,8,7,2,0.0,0,1
1.454963,52,54,2934,3742,31,29,15824.45801,20195.70313,11,15,28.519393,27.442906,0.000616,0.000486,0.00013,1,4,5,3,0,0.0,0,0
0.413853,16,18,1540,1644,31,29,27913.29297,30020.32227,4,4,27.567999,24.313941,0.000872,0.000506,0.000366,12,8,9,6,0,0.0,0,0
0.008489,22,24,1920,4312,31,29,1727412.0,3894923.0,6,6,0.385619,0.341652,0.000781,0.000622,0.000159,7,2,1,1,0,0.0,0,0
0.649819,10,8,816,1120,62,252,9048.672852,12064.89746,2,2,72.202111,78.58343,0.142018,0.09871,0.043308,4,19,2,4,1,4.0,0,1
0.871134,10,8,1244,354,254,252,10285.44434,2846.864014,2,1,96.792667,106.857711,0.171813,0.093898,0.077915,3,1,1,1,1,0.0,0,1
0.117796,66,68,3926,58386,31,29,262623.5313,3906958.0,7,27,1.807231,1.750672,0.00063,0.000497,0.000133,4,1,2,1,0,0.0,0,0
1.509915,10,8,964,354,254,252,4598.93457,1642.476562,2,1,167.768333,192.713141,0.290159,0.160411,0.129748,1,3,3,5,1,1.0,0,1
1.189913,14,18,1684,10168,31,29,10515.05371,64569.42578,3,5,91.502998,69.961176,0.000711,0.000569,0.000142,2,2,1,1,0,1.0,0,0
1.601243,12,8,1040,728,254,252,4766.297363,3182.527588,3,2,138.19227,208.855281,0.238474,0.139249,0.099225,6,1,2,1,1,0.0,0,1
1.1e-05,2,0,1498,0,254,0,544727296.0,0.0,0,0,0.011,0.0,0.0,0.0,0.0,1,1,1,1,2,0.0,0,1
7.003002,460,858,25784,1094788,31,29,29390.82422,1249193.375,38,390,15.256351,8.170891,0.000685,0.000537,0.000148,16,9,8,8,0,0.0,0,0
0.004997,18,18,4368,2456,31,29,6605563.0,3714228.5,7,7,0.275412,0.261118,0.000734,0.000555,0.000179,8,5,3,3,0,0.0,0,0
2.184577,10,10,1140,892,254,252,3757.249023,2940.61499,2,2,242.730778,230.218328,0.15793,0.080953,0.076977,1,1,1,2,1,1.0,0,1
5e-06,2,0,114,0,254,0,91200000.0,0.0,0,0,0.005,0.0,0.0,0.0,0.0,9,2,2,2,2,0.0,0,1
1.00804,14,18,1684,10168,31,29,12412.20606,76219.20313,3,5,77.51031,59.263824,0.000729,0.00055,0.000179,15,1,2,1,0,0.0,0,0
6e-06,2,0,114,0,254,0,76000000.0,0.0,0,0,0.006,0.0,0.0,0.0,0.0,7,4,4,4,2,0.0,0,1
0.86987,10,8,934,902,62,252,7734.48877,7265.453613,2,2,96.540667,109.71457,0.225253,0.101856,0.123397,1,1,7,1,1,1.0,0,1
1.1e-05,2,0,200,0,254,0,72727272.0,0.0,0,0,0.011,0.0,0.0,0.0,0.0,10,3,7,3,2,0.0,0,1
4e-06,2,0,200,0,254,0,200000000.0,0.0,0,0,0.004,0.0,0.0,0.0,0.0,22,4,6,4,2,0.0,0,1
0.08924,2,2,168,152,254,60,7530.255371,6813.088379,0,0,0.011,0.011,0.0,0.0,0.0,2,1,1,1,3,0.0,0,1
0.438444,10,6,2544,268,254,252,41784.12891,4087.181152,2,1,47.818667,86.119797,0.045287,0.007835,0.037452,3,1,1,1,1,0.0,0,1
0.568308,10,6,2580,268,254,252,32686.50195,3153.219727,2,1,61.725778,102.756797,0.121193,0.054505,0.066688,1,1,1,1,1,1.0,0,1
7e-06,2,0,114,0,254,0,65142856.0,0.0,0,0,0.007,0.0,0.0,0.0,0.0,10,7,7,7,2,0.0,0,1
0.003917,8,10,1064,824,31,29,1901455.25,1515445.625,2,2,0.510857,0.377778,0.000635,0.00051,0.000125,2,10,10,8,0,1.0,0,0
0.153826,52,40,37206,3276,31,29,1897780.625,166161.7656,18,8,3.009372,3.931179,0.000639,0.000506,0.000133,2,2,3,1,0,0.0,0,0
0.02698,48,50,2974,32564,31,29,863750.9375,9462713.0,7,18,0.567021,0.538082,0.000739,0.000604,0.000135,6,1,3,1,0,0.0,0,0
0.033987,122,126,7818,15382,31,29,1825168.375,3591961.5,30,32,0.284788,0.267416,0.000747,0.000554,0.000193,4,2,4,1,0,0.0,0,0
0.171221,4,4,568,312,31,29,19904.09961,10933.23828,0,0,52.013668,42.275332,0.0,0.0,0.0,4,9,11,7,0,0.0,0,0
0.472055,10,6,912,268,254,252,13913.63281,3796.167969,2,1,52.34,86.901797,0.09348,0.037538,0.055942,1,1,2,1,1,1.0,0,1
0.192969,10,6,1086,268,254,252,40545.375,9286.46582,2,1,20.125667,37.108398,0.054763,0.00742,0.047343,1,1,1,1,1,1.0,0,1
0.264791,16,18,1540,1644,31,29,43626.85938,46920.02344,4,4,17.631401,15.544765,0.000666,0.000522,0.000144,9,4,8,4,0,0.0,0,0
0.001109,2,2,146,178,31,29,526600.5625,642019.875,0,0,0.011,0.008,0.0,0.0,0.0,2,1,5,1,0,0.0,0,0
9e-06,2,0,200,0,254,0,88888888.0,0.0,0,0,0.009,0.0,0.0,0.0,0.0,15,2,3,2,2,0.0,0,1
0.119041,50,52,3848,19084,31,29,253492.4844,1257852.25,11,15,2.422225,2.322098,0.00076,0.000605,0.000155,5,3,3,1,0,0.0,0,0
7e-06,2,0,200,0,254,0,133333328.0,0.0,0,0,0.006,0.0,0.0,0.0,0.0,14,5,5,5,2,0.0,0,1
0.420799,14,10,800,518,254,252,14125.50977,8878.348633,4,3,30.710617,45.828891,0.051855,0.008334,0.043521,1,1,1,1,1,0.0,0,1
0.004133,12,12,1064,2260,31,29,1889184.625,4010646.0,4,4,0.337545,0.325818,0.000658,0.000539,0.000119,6,3,4,1,0,0.0,0,0
0.095632,78,80,4550,70820,31,29,375773.7813,5850343.0,7,33,1.236532,1.203443,0.000694,0.000551,0.000143,4,2,2,1,0,0.0,0,0
0.001059,2,2,146,178,31,29,551463.625,672332.375,0,0,0.011,0.008,0.0,0.0,0.0,3,4,6,2,0,0.0,0,0
0.953599,12,10,1290,2126,62,252,9924.506836,16057.06445,3,3,86.690821,96.543891,0.132411,0.062124,0.070287,1,1,1,1,1,1.0,0,1
1e-05,2,0,134,0,62,0,53600000.0,0.0,0,0,0.01,0.0,0.0,0.0,0.0,10,2,2,2,2,0.0,0,1
0.246827,12,20,916,20956,62,252,27225.54688,645277.875,2,8,22.438819,11.235422,0.052574,0.032219,0.020355,1,1,9,1,1,1.0,0,1
0.060117,4,4,544,304,31,29,54294.12891,30340.83594,0,0,14.664667,13.334333,0.0,0.0,0.0,8,7,4,2,0,0.0,0,0
1e-06,2,0,114,0,254,0,456000000.0,0.0,0,0,0.001,0.0,0.0,0.0,0.0,7,4,4,4,2,0.0,0,1
3.822777,240,438,13766,548216,31,29,28689.0918,1144644.375,21,197,15.993435,8.746572,0.000647,0.000514,0.000133,12,3,2,1,0,0.0,0,0
0.019833,56,58,3390,40254,31,29,1343215.875,15957243.0,7,22,0.354945,0.339789,0.000592,0.000461,0.000131,10,3,7,2,0,0.0,0,0
1.046837,12,18,1580,10168,31,29,11073.35742,73394.42969,3,5,95.13527,61.546411,0.000676,0.000543,0.000133,2,4,1,1,0,1.0,0,0
0.001296,2,2,146,178,31,29,450617.2813,549382.75,0,0,0.001,0.003,0.0,0.0,0.0,2,24,3,3,0,0.0,0,0
0.128935,72,74,4238,63618,31,29,259355.5,3893993.25,7,30,1.81138,1.759685,0.000598,0.000475,0.000123,10,3,7,1,0,0.0,0,0
0.27757,10,8,820,1342,62,252,21270.30859,33865.33203,2,2,30.841111,38.335715,0.058014,0.008468,0.049546,1,1,1,1,1,1.0,0,1
3.498377,10,8,944,354,254,252,1943.758423,708.900146,2,1,388.708556,486.965281,0.102707,0.070072,0.032635,1,1,1,1,1,1.0,0,1
0.032918,58,58,3494,42312,31,29,834558.625,10105839.0,7,22,0.571702,0.567404,0.000693,0.000564,0.000129,4,3,3,1,0,0.0,0,0
0.731686,10,8,898,354,254,252,8845.324219,3389.432129,2,1,81.194444,95.63143,0.126061,0.062257,0.063804,2,1,2,1,1,1.0,0,1
0.024332,48,48,2974,32296,31,29,957751.125,10397501.0,7,18,0.509553,0.503809,0.000785,0.000642,0.000143,6,2,5,2,0,0.0,0,0
0.530907,10,8,824,3068,62,252,11180.86621,40459.06641,2,2,58.881556,67.478,0.159588,0.058554,0.101034,3,2,1,1,1,0.0,0,1
1.005838,12,18,1580,10168,31,29,11524.71875,76386.05469,3,5,91.408729,59.135118,0.000679,0.000536,0.000143,1,3,1,1,0,1.0,0,0
0.001711,4,4,520,304,31,29,1823495.0,1066043.25,0,0,0.429667,0.222,0.0,0.0,0.0,3,5,5,3,0,0.0,0,0
1.1e-05,2,0,200,0,254,0,72727272.0,0.0,0,0,0.011,0.0,0.0,0.0,0.0,23,4,6,4,2,0.0,0,1
1.641879,40,158,1800,186388,62,252,8551.178711,902424.625,7,77,42.099463,10.034,0.108257,0.057402,0.050855,1,1,1,1,1,0.0,0,1
0.001779,4,4,536,304,31,29,1807757.125,1025295.063,0,0,0.474,0.219,0.0,0.0,0.0,8,5,3,2,0,0.0,0,0
0.811974,10,10,808,1018,62,252,7172.643555,9034.772461,2,2,90.219333,82.037664,0.106212,0.072962,0.03325,1,1,35,1,1,1.0,0,1
0.342602,10,6,910,268,254,252,19124.23047,5230.559082,2,1,38.066889,59.975199,0.072295,0.042069,0.030226,2,1,1,1,1,0.0,0,1
0.001088,2,2,146,178,31,29,536764.6875,654411.75,0,0,0.011,0.008,0.0,0.0,0.0,3,1,2,1,0,0.0,0,0
0.00113,2,2,146,178,31,29,516814.1563,630088.5,0,0,0.012,0.008,0.0,0.0,0.0,4,2,5,1,0,0.0,0,0
0.268314,10,8,1278,1832,62,252,34318.0,47794.74609,2,2,29.812667,35.62243,0.062944,0.01786,0.045084,2,1,1,1,1,1.0,0,1
0.211756,10,6,524,268,254,252,17831.84375,8462.570312,2,1,22.149,35.000398,0.078921,0.036747,0.042174,11,1,1,1,1,0.0,0,1
0.468223,10,8,664,354,254,252,10217.35352,5296.621582,2,1,52.024778,55.62057,0.117313,0.062159,0.055154,5,2,2,2,1,0.0,0,1
1.87769,10,8,834,354,254,252,3199.67627,1320.771851,2,1,205.161778,253.105281,0.161094,0.105943,0.055151,1,1,2,1,1,1.0,0,1
7.936738,10,8,902,354,254,252,818.47229,312.470947,2,1,881.859778,1119.356375,0.174054,0.100482,0.073572,2,1,2,1,1,1.0,0,1
0.013313,40,42,2542,22128,31,29,1489671.75,12980996.0,7,14,0.33159,0.30978,0.000739,0.000601,0.000138,6,1,4,1,0,0.0,0,0
0.364246,14,6,8928,320,31,29,182096.7031,5864.168457,4,1,28.018923,72.726602,0.001454,0.000444,0.00101,1,4,3,2,0,0.0,0,0
1.8e-05,2,0,114,0,254,0,25333332.0,0.0,0,0,0.018,0.0,0.0,0.0,0.0,20,7,8,7,2,0.0,0,1
0.712153,12,14,1258,9396,62,252,12963.50586,98012.64063,3,5,64.741183,50.947229,0.098826,0.049004,0.049822,2,1,1,1,1,1.0,0,1
0.01594,48,50,2958,32330,31,29,1453952.375,15901632.0,7,18,0.330979,0.313939,0.000685,0.000553,0.000132,12,3,3,1,0,0.0,0,0
0.924761,12,12,1088,2934,254,252,8633.582031,23270.87695,3,3,83.994638,77.833094,0.182299,0.068587,0.113712,2,1,3,1,1,0.0,0,1
1.1e-05,2,0,114,0,254,0,41454544.0,0.0,0,0,0.011,0.0,0.0,0.0,0.0,6,4,4,4,2,0.0,0,1
0.802448,10,8,794,1246,62,252,7128.187988,10876.71777,2,2,89.145889,106.396711,0.131542,0.057668,0.073874,1,1,1,1,1,1.0,0,1
1.929165,10,10,1086,1160,254,252,4055.640625,4329.333984,2,2,214.351667,205.453438,0.201176,0.078972,0.122204,1,1,1,1,1,1.0,0,1
1.526841,10,10,802,1142,62,252,3782.974121,5386.28418,2,2,169.496889,162.607219,0.177507,0.063367,0.11414,4,1,2,1,1,1.0,0,1
1.005971,14,18,1684,10168,31,29,12437.73438,76375.96094,3,5,77.353921,59.143059,0.000679,0.000531,0.000148,2,2,3,1,0,1.0,0,0
0.001347,2,2,130,162,31,29,386043.0625,481069.0313,0,0,0.011,0.005,0.0,0.0,0.0,2,3,1,1,0,0.0,0,0
0.002911,6,8,320,1844,31,29,733768.4375,4435589.0,1,2,0.5156,0.339571,0.000665,0.000531,0.000134,14,27,26,20,0,0.0,0,0
11.724643,26,28,3034,19242,62,252,1991.020142,12660.51367,8,10,468.98572,426.828714,0.313966,0.199903,0.114063,2,1,2,1,1,0.0,0,1
5e-06,2,0,114,0,254,0,91200000.0,0.0,0,0,0.005,0.0,0.0,0.0,0.0,7,3,3,3,2,0.0,0,1
0.229025,10,8,796,1820,62,252,25045.30078,55644.57813,2,2,25.447222,30.613715,0.05476,0.008793,0.045967,1,1,1,1,1,1.0,0,1
0.169131,10,4,866,182,254,252,36894.48047,6480.184082,2,1,18.792333,50.764332,0.053411,0.009149,0.044262,1,1,1,1,1,1.0,0,1
0.008229,34,36,2230,12896,31,29,2104751.5,12189088.0,7,11,0.238,0.2196,0.000693,0.000538,0.000155,7,2,3,1,0,0.0,0,0
0.229025,10,8,796,1820,62,252,25045.30078,55644.57813,2,2,25.447222,30.613715,0.05476,0.008793,0.045967,1,1,1,1,1,1.0,0,1
1.1e-05,2,0,114,0,254,0,41454544.0,0.0,0,0,0.011,0.0,0.0,0.0,0.0,16,7,13,7,2,0.0,0,1
4e-06,2,0,114,0,254,0,114000000.0,0.0,0,0,0.004,0.0,0.0,0.0,0.0,16,6,6,6,2,0.0,0,1
1.1e-05,2,0,114,0,254,0,41454544.0,0.0,0,0,0.011,0.0,0.0,0.0,0.0,13,3,3,3,2,0.0,0,1
0.001044,2,2,130,162,31,29,498084.2813,620689.625,0,0,0.01,0.003,0.0,0.0,0.0,1,4,2,1,0,0.0,0,0
1.1e-05,2,0,114,0,254,0,41454544.0,0.0,0,0,0.011,0.0,0.0,0.0,0.0,7,3,3,3,2,0.0,0,1
1e-06,2,0,114,0,254,0,456000000.0,0.0,0,0,0.001,0.0,0.0,0.0,0.0,10,7,7,7,2,0.0,0,1
0.883255,12,10,1490,842,254,252,12372.41797,6865.514648,3,2,80.209911,91.844891,0.113025,0.056648,0.056377,7,1,2,1,1,0.0,0,1
0.001735,4,4,528,304,31,29,1825936.5,1051296.75,0,0,0.459333,0.216667,0.0,0.0,0.0,9,3,3,3,0,0.0,0,0
0.002715,4,4,528,304,31,29,1166850.875,671823.1875,0,0,0.751667,0.544,0.0,0.0,0.0,8,7,8,4,0,0.0,0,0
3.4e-05,2,0,114,0,254,0,13411764.0,0.0,0,0,0.034,0.0,0.0,0.0,0.0,14,4,5,4,2,0.0,0,1
1.1e-05,2,0,104,0,254,0,37818180.0,0.0,0,0,0.011,0.0,0.0,0.0,0.0,3,1,1,1,2,0.0,0,1
0.0,1,0,46,0,0,0,0.0,0.0,0,0,60000.596,0.0,0.0,0.0,0.0,2,2,2,2,2,0.0,1,0
0.020962,54,56,3302,40690,31,29,1236904.875,15251980.0,7,21,0.389038,0.369945,0.000738,0.000605,0.000133,4,3,3,1,0,0.0,0,0
1.157351,12,10,2026,822,254,252,12843.12207,5115.129395,3,2,101.064906,115.385445,0.235945,0.118876,0.117069,4,1,1,1,1,0.0,0,1
0.4646,10,6,1008,268,254,252,15634.95508,3857.081299,2,1,51.531333,74.163398,0.14677,0.093773,0.052997,7,2,2,2,1,0.0,0,0
0.865221,22,24,1920,4312,31,29,16948.27148,38214.51172,6,6,41.18419,37.590912,0.000776,0.000619,0.000157,4,4,1,1,0,0.0,0,0
1.671582,62,368,2982,474427,62,252,14041.78809,2264384.25,2,182,27.402985,4.532635,0.051227,0.007447,0.04378,1,1,1,1,1,1.0,0,1
0.661674,10,6,1140,268,254,252,12404.89941,2708.282227,2,1,69.308111,113.870203,0.19054,0.092314,0.098226,1,1,2,1,1,1.0,0,1
1e-05,2,0,200,0,254,0,80000000.0,0.0,0,0,0.01,0.0,0.0,0.0,0.0,4,2,6,2,2,0.0,0,1
1.906436,60,16,68197,698,254,252,281408.875,2748.584229,27,1,31.687102,119.777133,0.199243,0.109775,0.089468,1,1,1,1,1,0.0,0,1
0.001,2,2,146,178,31,29,584000.0,711999.9375,0,0,0.011,0.006,0.0,0.0,0.0,2,3,4,1,0,0.0,0,0
0.925167,10,20,826,15870,254,252,6433.433105,130372.1328,2,7,102.689444,43.712315,0.17206,0.094629,0.077431,3,1,3,1,1,1.0,0,1
0.498003,6,6,268,268,254,252,3598.371826,3598.371826,0,1,79.786203,99.600602,0.0,0.0,0.0,6,1,2,1,1,0.0,0,1
0.103101,64,66,3806,51422,31,29,290744.0313,3929583.5,7,26,1.631571,1.576862,0.000753,0.000598,0.000155,17,2,6,2,0,0.0,0,0
0.23012,10,6,836,268,254,252,26177.64648,7787.241211,2,1,22.468667,40.861199,0.051931,0.025806,0.026125,2,1,1,1,1,1.0,0,1
0.004088,8,10,1038,820,31,29,1778865.0,1444227.0,2,2,0.533143,0.392,0.000686,0.000556,0.00013,1,2,6,1,0,1.0,0,0
0.515369,10,10,798,1324,62,252,11160.93555,18503.24805,2,2,57.263222,45.933891,0.120412,0.084738,0.035674,1,1,10,1,1,1.0,0,1
0.28697,10,10,1120,3396,62,252,28100.5,85221.45313,2,2,31.885556,30.039777,0.06691,0.015974,0.050936,1,1,2,1,1,1.0,0,1
0.979277,10,8,2656,354,254,252,19532.77734,2532.480469,2,1,108.808556,133.635578,0.1294,0.043065,0.086335,1,1,1,1,1,1.0,0,1
0.021016,44,42,2750,25314,31,29,1023220.438,9406928.0,7,15,0.481326,0.498122,0.000704,0.000581,0.000123,8,4,7,4,0,0.0,0,0
0.113,56,58,3390,42510,31,29,235752.2188,2957734.5,7,22,2.0484,1.972754,0.000678,0.000543,0.000135,3,2,1,1,0,0.0,0,0
1.751819,100,102,14512,17238,31,29,65609.51563,77948.69531,22,32,17.695141,17.337316,0.000744,0.000611,0.000133,1,4,10,2,0,0.0,0,0
0.014081,42,44,2646,26176,31,29,1467509.375,14534195.0,7,15,0.334317,0.313744,0.000718,0.00058,0.000138,7,2,5,1,0,0.0,0,0
3e-06,2,0,114,0,254,0,152000000.0,0.0,0,0,0.003,0.0,0.0,0.0,0.0,7,4,7,3,2,0.0,0,1
0.005725,24,26,2048,2410,31,29,2743056.75,3239126.5,6,7,0.232261,0.20736,0.000674,0.000537,0.000137,4,2,6,1,0,0.0,0,0
0.003971,8,12,424,8824,31,29,747418.75,16296146.0,1,4,0.521571,0.314636,0.000647,0.000507,0.00014,3,7,8,4,0,0.0,0,0
0.001057,2,2,146,178,31,29,552507.0625,673604.5,0,0,0.001,0.003,0.0,0.0,0.0,1,3,3,1,0,0.0,0,0
1.129971,10,10,788,1264,62,252,5026.677734,8056.84375,2,2,122.070111,116.211336,0.158735,0.08406,0.074675,2,2,1,1,1,1.0,0,1
4e-06,2,0,114,0,254,0,114000000.0,0.0,0,0,0.004,0.0,0.0,0.0,0.0,15,8,8,7,2,0.0,0,1
1.033808,12,18,1580,10168,31,29,11212.91406,74319.40625,3,5,93.952729,60.77994,0.000703,0.000545,0.000158,1,9,3,1,0,1.0,0,0
7e-06,2,0,114,0,254,0,65142856.0,0.0,0,0,0.007,0.0,0.0,0.0,0.0,9,4,5,4,2,0.0,0,1
0.430062,10,10,814,4576,62,252,13635.24316,76621.50781,2,3,47.784667,40.769889,0.091378,0.062365,0.029013,1,1,1,1,1,1.0,0,1
6e-06,2,0,114,0,254,0,76000000.0,0.0,0,0,0.006,0.0,0.0,0.0,0.0,18,7,7,7,2,0.0,0,1
0.010837,36,38,2334,16920,31,29,1675740.5,12162038.0,7,12,0.301114,0.280486,0.000582,0.000455,0.000127,9,7,5,3,0,0.0,0,0
3.6e-05,2,0,216,0,62,0,24000000.0,0.0,0,0,0.036,0.0,0.0,0.0,0.0,1,1,1,1,2,0.0,0,1
1.070962,10,8,564,354,254,252,3794.719238,2315.675049,2,1,118.995778,140.451,0.149725,0.053643,0.096082,4,1,1,1,1,0.0,0,1
0.208982,10,6,1056,268,254,252,36405.04688,8574.901367,2,1,23.220222,39.546398,0.058096,0.010422,0.047674,1,1,1,1,1,1.0,0,1
0.579752,10,6,964,268,254,252,11977.53418,3090.976562,2,1,58.054222,103.993,0.143876,0.059778,0.084098,1,3,4,5,1,1.0,0,1
0.182894,10,8,744,1276,62,252,29306.5918,48858.89844,2,2,20.321556,23.108428,0.028983,0.016857,0.012126,1,1,1,1,1,1.0,0,1
0.00455,4,4,568,304,31,29,749010.9375,400879.0938,0,0,1.188333,1.031333,0.0,0.0,0.0,11,8,8,4,0,0.0,0,0
1.168401,10,8,1652,354,254,252,10181.43555,2122.558838,2,1,122.275,152.363141,0.147882,0.101849,0.046033,7,1,2,1,1,0.0,0,1
0.00434,8,12,424,8824,31,29,683871.0,14910599.0,1,4,0.574286,0.351818,0.000586,0.000464,0.000122,3,7,6,5,0,0.0,0,0
0.04291,66,68,3926,57202,31,29,720950.875,10507761.0,7,27,0.655154,0.631388,0.000721,0.000597,0.000124,8,5,4,2,0,0.0,0,0
0.006467,32,24,3728,5474,31,29,4468223.0,6489562.5,7,7,0.208613,0.250261,0.000728,0.000574,0.000154,1,4,6,1,0,0.0,0,0
2.046885,24,58,1272,57090,62,252,4764.3125,219283.4531,6,27,88.994999,34.810667,0.148777,0.062024,0.086753,1,2,1,1,1,0.0,0,1
0.018552,16,18,1540,1644,31,29,622682.1875,669685.25,4,4,1.2162,1.062941,0.000612,0.000479,0.000133,10,13,12,7,0,0.0,0,0
0.075134,48,50,2958,31788,31,29,308462.2188,3317060.0,7,18,1.591192,1.521735,0.000731,0.000566,0.000165,14,5,6,1,0,0.0,0,0
0.509711,10,6,952,268,254,252,13450.75879,3515.717529,2,1,56.634556,96.484,0.09853,0.026596,0.071934,1,1,1,1,1,1.0,0,1
11.210023,10,8,924,354,254,252,593.754333,221.230591,2,1,1245.558111,1579.15525,0.162126,0.088494,0.073632,6,2,3,2,1,0.0,0,1
1e-05,2,0,114,0,254,0,45600000.0,0.0,0,0,0.01,0.0,0.0,0.0,0.0,7,4,4,4,2,0.0,0,1
0.018891,16,18,1540,1644,31,29,611508.125,657667.6875,4,4,1.238667,1.081882,0.000638,0.000491,0.000147,20,9,11,6,0,0.0,0,0
0.705415,10,8,960,354,254,252,9798.487305,3515.660889,2,1,73.949111,92.93543,0.126521,0.054858,0.071663,1,1,9,1,1,1.0,0,1
0.472696,52,54,2934,3742,31,29,48707.83594,62162.57422,11,15,9.262314,8.909,0.000641,0.000506,0.000135,1,7,3,1,0,0.0,0,0
3.601815,48,248,3168,332677,62,252,6889.859863,735931.1875,2,122,76.63436,14.236304,0.145798,0.084806,0.060992,2,1,2,1,1,0.0,0,1
8e-06,2,0,200,0,254,0,100000000.0,0.0,0,0,0.008,0.0,0.0,0.0,0.0,10,6,10,6,2,0.0,0,1
0.025273,54,56,3302,40478,31,29,1025916.938,12584497.0,7,21,0.470509,0.449382,0.000895,0.00054,0.000355,3,8,5,1,0,0.0,0,0
1.109143,10,8,986,354,254,252,6404.944824,2235.960449,2,1,121.415556,139.068,0.217847,0.135659,0.082188,1,2,1,1,1,1.0,0,1
1.33106,14,18,1684,10168,31,29,9400.026367,57722.41406,3,5,102.362077,78.269,0.000612,0.000481,0.000131,1,4,4,1,0,1.0,0,0
24.149729,2066,324,2751924,13942,254,252,911179.4375,4604.275391,1030,1,11.705243,74.339875,0.31013,0.21229,0.09784,1,18,2,1,1,1.0,0,1
0.116471,86,86,4966,82278,31,29,337182.6563,5585734.0,7,36,1.382821,1.361882,0.000882,0.000707,0.000175,4,1,1,1,0,0.0,0,0
0.001005,2,2,146,178,31,29,581094.5625,708457.75,0,0,0.002,0.004,0.0,0.0,0.0,4,7,7,5,0,0.0,0,0
0.600657,10,8,850,3158,62,252,10188.84375,36813.02344,2,2,66.739667,73.729859,0.187281,0.083873,0.103408,1,1,1,1,1,1.0,0,1
0.295888,10,8,834,1304,62,252,20304.98047,30849.50977,2,2,32.876444,31.224715,0.039909,0.02586,0.014049,1,1,1,1,1,1.0,0,1
0.028867,54,56,3302,40932,31,29,898188.25,11141303.0,7,21,0.538396,0.514764,0.000672,0.000551,0.000121,3,2,2,1,0,0.0,0,0
0.196108,24,26,2062,2424,31,29,80649.4375,95090.46094,6,7,8.471044,7.82276,0.000667,0.000528,0.000139,2,3,1,1,0,0.0,0,0
3.2e-05,2,0,114,0,254,0,14250000.0,0.0,0,0,0.032,0.0,0.0,0.0,0.0,11,3,4,3,2,0.0,0,1
0.018608,48,50,2974,33374,31,29,1252364.625,14061479.0,7,18,0.388787,0.366898,0.000781,0.000619,0.000162,5,2,2,2,0,0.0,0,0
0.001033,2,2,146,178,31,29,565343.6875,689254.625,0,0,0.017,0.008,0.0,0.0,0.0,3,1,5,1,0,0.0,0,0
0.001023,2,2,146,178,31,29,570870.0,695992.1875,0,0,0.006,0.005,0.0,0.0,0.0,3,3,2,1,0,0.0,0,0
1.1e-05,2,0,114,0,254,0,41454544.0,0.0,0,0,0.011,0.0,0.0,0.0,0.0,7,4,5,4,2,0.0,0,1
0.001073,2,2,146,178,31,29,544268.375,663560.125,0,0,0.012,0.008,0.0,0.0,0.0,3,7,2,1,0,0.0,0,0
0.322884,28,30,4192,3080,31,29,100172.2031,73785.01563,7,7,11.946741,11.115379,0.000683,0.000531,0.000152,11,6,4,4,0,0.0,0,0
0.021385,52,54,3182,35916,31,29,1167547.375,13187188.0,7,20,0.411863,0.392264,0.000734,0.000584,0.00015,7,2,4,1,0,0.0,0,0
0.715996,10,6,756,268,254,252,7608.980957,2502.807129,2,1,76.145222,128.151,0.160316,0.075231,0.085085,3,2,1,1,1,0.0,0,1
0.386963,10,12,822,8456,62,252,15298.62012,160263.375,2,4,42.995889,31.868547,0.097916,0.035634,0.062282,1,1,2,1,1,1.0,0,1
8.886424,10,10,822,1330,62,252,666.184753,1077.598755,2,2,987.380444,970.676687,0.265862,0.149598,0.116264,9,2,4,1,1,0.0,0,1
0.375188,10,8,826,1426,62,252,15864.04688,26610.66016,2,2,41.687556,48.608715,0.074979,0.034233,0.040746,1,1,1,1,1,1.0,0,1
0.267007,10,6,518,268,254,252,13992.14258,6711.43457,2,1,27.205667,46.814801,0.102757,0.032926,0.069831,6,2,5,2,1,0.0,0,1
0.000964,2,2,146,178,31,29,605809.125,738589.1875,0,0,0.012,0.003,0.0,0.0,0.0,4,2,2,2,0,0.0,0,0
1.193675,22,22,1174,1658,62,252,7512.932617,10609.25293,7,9,56.841666,56.238143,0.056502,0.012018,0.044484,1,2,2,2,1,0.0,0,1
0.050087,4,2,228,91,254,60,27312.47656,7347.21582,0,0,1.116667,0.003,0.0,0.0,0.0,2,5,1,1,3,0.0,0,1
0.429011,10,6,854,268,62,252,14339.95898,4177.049316,2,1,45.192,68.652203,0.180458,0.085741,0.094717,1,1,1,1,1,1.0,0,1
0.001039,2,2,146,178,31,29,562078.9375,685274.3125,0,0,0.011,0.008,0.0,0.0,0.0,2,2,3,1,0,0.0,0,0
0.652209,10,8,830,1024,62,252,9162.707031,10990.34277,2,2,72.467667,75.42357,0.189729,0.094548,0.095181,1,1,1,1,1,1.0,0,1
1.1e-05,4,0,1032,0,29,0,562909056.0,0.0,0,0,0.003667,0.0,0.0,0.0,0.0,1,1,1,1,0,0.0,0,0
0.722596,8,6,364,268,62,252,3531.710693,2479.947266,1,1,103.092143,121.541203,0.159375,0.114889,0.044486,1,2,2,2,1,0.0,0,1
1.659935,10,8,2516,354,254,252,10916.08984,1494.034424,2,1,182.681667,228.027281,0.152934,0.063733,0.089201,3,1,1,1,1,0.0,0,1
1.1e-05,2,0,114,0,254,0,41454544.0,0.0,0,0,0.011,0.0,0.0,0.0,0.0,4,5,5,5,2,0.0,0,1
0.603618,10,6,952,268,254,252,11358.17676,2968.764893,2,1,66.957444,99.853797,0.212829,0.104339,0.10849,2,1,2,1,1,1.0,0,1
0.046511,6,8,320,1874,31,29,45924.62109,282083.8125,1,2,9.2342,6.569429,0.00066,0.000521,0.000139,13,3,4,2,0,0.0,0,0
0.015856,46,48,2854,30622,31,29,1408678.125,15128658.0,7,17,0.344533,0.326298,0.00066,0.000517,0.000143,12,4,15,1,0,0.0,0,0
0.381393,10,6,848,268,254,252,16025.46484,4698.565918,2,1,35.448,62.333801,0.098817,0.069717,0.0291,1,1,1,1,1,1.0,0,1
0.629098,10,8,564,354,254,252,6460.042969,3942.1521,2,1,68.390222,88.779141,0.053843,0.007633,0.04621,2,1,1,1,1,0.0,0,1
0.399253,8,10,364,3754,62,252,6391.937012,67706.4375,1,3,57.036145,37.549,0.113767,0.060416,0.053351,1,2,2,2,1,0.0,0,1
0.004634,4,4,568,312,31,29,735433.75,403970.6563,0,0,1.244667,1.023667,0.0,0.0,0.0,15,3,5,3,0,0.0,0,0
1.215765,10,18,798,13478,62,252,4731.177734,83766.1875,2,6,135.085,64.463939,0.143273,0.0909,0.052373,1,1,16,1,1,1.0,0,1
0.255447,8,12,424,8824,31,29,11618.84863,253328.4844,1,4,36.442,23.177728,0.00062,0.000488,0.000132,3,4,7,2,0,0.0,0,0
0.035926,48,50,2974,30516,31,29,648666.6875,6659467.0,7,18,0.757808,0.721041,0.000732,0.000587,0.000145,16,2,5,1,0,0.0,0,0
2e-06,2,0,200,0,254,0,400000000.0,0.0,0,0,0.002,0.0,0.0,0.0,0.0,12,2,2,2,2,0.0,0,1
0.224527,8,12,424,8824,31,29,13218.90039,288214.7813,1,4,32.015858,20.357273,0.000752,0.000593,0.000159,6,6,11,3,0,0.0,0,0
2.404835,40,34,2918,17186,31,29,9467.59375,55491.54297,8,11,61.662438,72.852636,0.000672,0.000545,0.000127,9,8,6,1,0,0.0,0,0
0.221526,10,8,878,1264,62,252,28565.49609,39941.13672,2,2,24.614,28.850428,0.061221,0.015576,0.045645,1,1,1,1,1,1.0,0,1
7e-06,2,0,114,0,254,0,65142856.0,0.0,0,0,0.007,0.0,0.0,0.0,0.0,7,7,8,7,2,0.0,0,1
0.198703,10,6,612,268,254,252,22183.86133,9018.484375,2,1,20.252889,38.377398,0.052129,0.006813,0.045316,1,1,1,1,1,0.0,0,1
0.203983,10,6,786,268,254,252,27767.02148,8785.045898,2,1,21.288667,39.269602,0.055173,0.007623,0.04755,1,1,1,1,1,0.0,0,1
2.167042,10,8,532,354,254,252,1768.309082,1144.417114,2,1,240.782444,298.715719,0.138872,0.075362,0.06351,7,1,3,1,1,0.0,0,1
0.024679,54,56,3302,35712,31,29,1050609.875,11369991.0,7,21,0.459245,0.436891,0.000769,0.000642,0.000127,4,1,6,1,0,0.0,0,0
7e-06,2,0,114,0,254,0,65142856.0,0.0,0,0,0.007,0.0,0.0,0.0,0.0,9,3,5,3,2,0.0,0,1
0.510958,10,8,2164,354,254,252,30499.57031,4853.62793,2,1,54.130889,67.92557,0.078245,0.035469,0.042776,7,2,2,2,1,0.0,0,1
2.028164,12,28,788,29468,62,252,2851.840576,112085.6172,2,11,184.378543,71.119518,0.234384,0.107187,0.127197,1,1,1,1,1,1.0,0,1
0.010847,62,58,5928,8010,31,29,4302019.0,5805844.5,14,17,0.17782,0.187704,0.000712,0.000578,0.000134,1,2,2,1,0,0.0,0,0
1.005998,12,18,1580,10168,31,29,11522.88574,76373.90625,3,5,91.418452,59.147237,0.000622,0.00049,0.000132,3,3,2,1,0,1.0,0,0
1.005596,12,18,1580,10168,31,29,11527.49121,76404.4375,3,5,91.385179,59.122411,0.000646,0.000511,0.000135,1,1,1,1,0,1.0,0,0
3e-06,2,0,104,0,254,0,138666656.0,0.0,0,0,0.003,0.0,0.0,0.0,0.0,4,2,1,1,2,0.0,0,1
0.0232,52,54,3182,35916,31,29,1076206.875,12155517.0,7,20,0.445529,0.426566,0.000723,0.000584,0.000139,9,7,5,3,0,0.0,0,0
0.000967,2,2,146,178,31,29,603929.6875,736297.8125,0,0,0.01,0.008,0.0,0.0,0.0,2,4,3,1,0,0.0,0,0
8e-06,2,0,114,0,254,0,57000000.0,0.0,0,0,0.008,0.0,0.0,0.0,0.0,7,4,4,4,2,0.0,0,1
7.67445,238,1502,11042,2067975,62,252,11462.4502,2154264.0,3,749,32.381646,5.110077,0.059517,0.0086,0.050917,1,1,1,1,1,1.0,0,1
2.46052,14,14,1726,2900,62,252,5211.90625,8755.873047,4,4,189.270774,180.891844,0.122175,0.079607,0.042568,2,1,1,1,1,1.0,0,1
0.02363,48,50,2958,32368,31,29,980787.125,10739229.0,7,18,0.495596,0.480042,0.000717,0.000581,0.000136,4,2,5,1,0,0.0,0,0
2.099509,18,20,1020,4102,62,252,3673.239746,14849.18652,6,8,123.500529,106.828841,0.179739,0.069006,0.110733,2,1,2,1,1,0.0,0,1
7e-06,2,0,114,0,254,0,65142856.0,0.0,0,0,0.007,0.0,0.0,0.0,0.0,14,7,7,7,2,0.0,0,1
4e-06,2,0,114,0,254,0,114000000.0,0.0,0,0,0.004,0.0,0.0,0.0,0.0,11,7,7,7,2,0.0,0,1
1e-05,2,0,114,0,254,0,45600000.0,0.0,0,0,0.01,0.0,0.0,0.0,0.0,13,4,4,4,2,0.0,0,1
2.871103,10,10,854,1302,62,252,2142.730469,3265.643799,2,2,319.011444,301.302875,0.261233,0.158752,0.102481,3,2,2,4,1,4.0,0,1
8e-06,2,0,226,0,254,0,113000000.0,0.0,0,0,0.008,0.0,0.0,0.0,0.0,11,4,5,4,2,0.0,0,1
0.496327,10,16,1202,15268,62,252,17440.11523,230718.8594,2,6,55.147444,27.186932,0.132146,0.087808,0.044338,1,3,1,1,1,1.0,0,1
0.755223,10,6,590,268,254,252,5624.829102,2372.809082,2,1,82.499889,122.729203,0.220005,0.141567,0.078438,6,1,2,1,1,0.0,0,1
0.295783,10,14,798,10804,62,252,19446.6875,271361.0938,2,5,32.754444,20.226462,0.0601,0.032836,0.027264,1,1,1,1,1,1.0,0,1
13.226394,646,1278,36034,1641360,31,29,21761.94141,992001.9375,55,583,20.505536,10.356986,0.000873,0.000512,0.000361,9,3,2,2,0,0.0,0,0
0.912511,12,8,1044,720,254,252,8390.036133,5523.221191,3,2,82.955547,123.713711,0.099636,0.045755,0.053881,3,2,1,1,1,0.0,0,1
0.014742,8,10,1044,822,31,29,495997.8438,401573.7188,2,2,2.013571,1.58,0.000684,0.000519,0.000165,2,4,7,1,0,1.0,0,0
1.1e-05,2,0,114,0,254,0,91200000.0,0.0,0,0,0.005,0.0,0.0,0.0,0.0,18,11,11,11,2,0.0,0,1
3e-06,2,0,200,0,254,0,160000000.0,0.0,0,0,0.005,0.0,0.0,0.0,0.0,12,4,4,4,2,0.0,0,1
0.018891,16,18,1540,1644,31,29,611508.125,657667.6875,4,4,1.237,1.082823,0.000604,0.000479,0.000125,16,9,8,7,0,0.0,0,0
0.919302,10,12,1190,3672,62,252,9320.114258,29291.78906,2,3,102.144667,75.448817,0.166037,0.088679,0.077358,1,2,3,1,1,1.0,0,1
0.005029,4,4,568,312,31,29,677669.5625,372241.0,0,0,1.299333,1.191333,0.0,0.0,0.0,7,5,8,3,0,0.0,0,0
0.059862,78,80,4550,72242,31,29,600314.0625,9533795.0,7,33,0.773299,0.751038,0.000658,0.00052,0.000138,9,4,4,1,0,0.0,0,0
0.004151,8,10,1040,824,31,29,1753794.25,1430016.75,2,2,0.535714,0.397778,0.000742,0.000567,0.000175,4,3,6,2,0,1.0,0,0
0.947273,14,6,8928,320,31,29,70019.9375,2254.893799,4,1,72.867156,189.311203,0.00076,0.000587,0.000173,6,3,1,1,0,0.0,0,0
4e-06,2,0,114,0,254,0,114000000.0,0.0,0,0,0.004,0.0,0.0,0.0,0.0,4,5,4,4,2,0.0,0,1
0.637465,14,6,8928,320,31,29,104049.6328,3350.772217,4,1,49.03577,127.369203,0.000613,0.000482,0.000131,3,2,4,2,0,0.0,0,0
0.001078,2,2,146,178,31,29,541744.0,660482.4375,0,0,0.004,0.002,0.0,0.0,0.0,2,8,5,1,0,0.0,0,0
0.006707,14,6,8928,320,31,29,9889369.0,318473.2188,4,1,0.515923,1.2236,0.000577,0.000457,0.00012,6,11,10,8,0,0.0,0,0
4e-06,2,0,114,0,254,0,114000000.0,0.0,0,0,0.004,0.0,0.0,0.0,0.0,7,4,4,4,2,0.0,0,1
0.918178,10,8,810,1212,62,252,6351.709473,9244.394531,2,2,102.019778,110.080859,0.183027,0.121751,0.061276,1,17,5,1,1,1.0,0,1
0.251465,10,14,834,10236,62,252,23891.99414,302388.0,2,5,27.940556,17.963462,0.061127,0.017215,0.043912,1,1,1,1,1,1.0,0,1
0.261658,10,8,918,1534,62,252,25284.91211,41061.23047,2,2,29.073111,36.394285,0.050627,0.006307,0.04432,5,1,1,4,1,1.0,0,1
0.816222,22,32,1038,19038,62,252,9713.043945,180774.3438,7,14,38.867714,25.55113,0.052206,0.006106,0.0461,1,1,1,1,1,0.0,0,1
7e-06,2,0,114,0,254,0,65142856.0,0.0,0,0,0.007,0.0,0.0,0.0,0.0,7,7,7,7,2,0.0,0,1
0.169553,20,8,18034,354,254,252,808384.4375,14626.69531,7,1,8.76179,22.175,0.025772,0.014319,0.011453,1,1,2,1,1,1.0,0,1
1.042587,18,22,972,1622,62,252,7044.016113,11885.81836,6,9,61.328647,49.018001,0.057732,0.012588,0.045144,1,2,2,2,1,0.0,0,1
1e-05,2,0,114,0,254,0,45600000.0,0.0,0,0,0.01,0.0,0.0,0.0,0.0,16,4,4,4,2,0.0,0,1
1.11084,28,26,5882,3354,254,252,40848.36719,23225.66797,11,11,41.142222,43.424398,0.054962,0.00857,0.046392,1,1,1,1,1,0.0,0,1
0.657476,10,6,2522,268,62,252,27620.7793,2725.574707,2,1,73.052889,119.483,0.280432,0.059384,0.221048,2,1,1,1,1,1.0,0,1
0.000978,2,2,130,162,31,29,531697.3125,662576.6875,0,0,0.007,0.006,0.0,0.0,0.0,2,2,4,1,0,0.0,0,0
0.427399,12,14,1962,9144,62,252,33673.45313,158933.4531,3,5,38.854456,26.355923,0.099527,0.073168,0.026359,1,1,1,1,1,1.0,0,1
0.63726,10,6,2404,268,254,252,27166.30469,2812.039062,2,1,69.441778,114.930797,0.118058,0.062598,0.05546,2,1,1,3,1,1.0,0,1
0.00103,2,2,130,162,31,29,504854.3438,629126.1875,0,0,0.01,0.008,0.0,0.0,0.0,2,4,2,1,0,0.0,0,0
1.146983,12,18,1580,10168,31,29,10106.51367,66986.17188,3,5,104.239639,67.42794,0.000844,0.000704,0.00014,1,1,3,1,0,1.0,0,0
0.266851,12,6,5506,268,254,252,151335.3906,6715.35791,3,1,21.071182,43.725398,0.107884,0.048221,0.059663,1,1,1,1,1,0.0,0,1
0.048034,56,58,3390,42312,31,29,554607.125,6925594.0,7,22,0.867527,0.831035,0.000837,0.000654,0.000183,16,3,8,1,0,0.0,0,0
0.059088,72,74,4238,62840,31,29,565935.5625,8393041.0,7,30,0.827549,0.801205,0.000769,0.000589,0.00018,8,1,3,1,0,0.0,0,0
0.230333,4,4,568,304,31,29,14795.96973,7918.969238,0,0,72.002664,71.657,0.0,0.0,0.0,12,3,4,3,0,0.0,0,0
1.10417,12,18,1580,10168,31,29,10498.38379,69583.49219,3,5,100.342452,64.91835,0.000706,0.000554,0.000152,5,3,3,1,0,1.0,0,0
0.022025,48,50,2974,32564,31,29,1058070.375,11591555.0,7,18,0.459234,0.436469,0.000814,0.000628,0.000186,2,2,2,1,0,0.0,0,0
1.1e-05,2,0,114,0,254,0,41454544.0,0.0,0,0,0.011,0.0,0.0,0.0,0.0,16,7,7,7,2,0.0,0,1
0.0049,18,18,3640,2456,31,29,5613061.0,3787755.0,7,7,0.269471,0.256471,0.000682,0.000536,0.000146,8,3,4,3,0,0.0,0,0
1.1e-05,2,0,114,0,254,0,41454544.0,0.0,0,0,0.011,0.0,0.0,0.0,0.0,18,7,7,7,2,0.0,0,1
0.350548,8,12,424,8824,31,29,8466.743164,184602.3906,1,4,50.028427,31.819271,0.000674,0.000529,0.000145,14,2,4,1,0,0.0,0,0
0.698053,10,6,844,268,254,252,8709.94043,2567.140381,2,1,75.665111,128.575797,0.148956,0.055171,0.093785,3,1,1,1,1,1.0,0,1
0.223451,14,6,8928,320,31,29,296834.6563,9559.142578,4,1,17.188538,44.552199,0.000726,0.000556,0.00017,4,3,3,3,0,0.0,0,0
0.069228,24,26,2048,2410,31,29,226844.625,267868.5,6,7,2.994478,2.7424,0.000803,0.000658,0.000145,13,4,1,1,0,0.0,0,0
1.664562,60,16,68195,698,254,252,322290.1875,3147.975342,27,1,28.196186,103.27193,0.19096,0.115479,0.075481,1,1,1,1,1,1.0,0,1
1.1e-05,2,0,114,0,254,0,41454544.0,0.0,0,0,0.011,0.0,0.0,0.0,0.0,4,5,5,5,2,0.0,0,1
0.04934,38,66,2752,64718,31,29,434535.875,10334496.0,6,26,1.323676,0.751785,0.000628,0.000471,0.000157,12,8,8,7,0,0.0,0,0
1.637166,20,80,1264,100030,62,252,5868.677734,482687.75,2,38,86.166632,19.362443,0.214232,0.106774,0.107458,1,1,1,1,1,1.0,0,1
0.211264,10,6,1344,268,254,252,45819.44922,8482.27832,2,1,20.942444,31.9656,0.079178,0.051425,0.027753,2,1,1,1,1,0.0,0,1
0.001026,2,2,130,162,31,29,506822.5938,631578.9375,0,0,0.009,0.008,0.0,0.0,0.0,1,1,1,1,0,0.0,0,0
0.243687,10,12,770,7274,62,252,22750.49609,218903.75,2,4,27.076333,19.561273,0.075504,0.017272,0.058232,1,1,1,1,1,1.0,0,1
4e-06,2,0,200,0,254,0,72727272.0,0.0,0,0,0.011,0.0,0.0,0.0,0.0,11,4,8,4,2,0.0,0,1
1.483388,10,8,2516,354,254,252,12215.28027,1671.848511,2,1,164.707778,202.978141,0.143171,0.062531,0.08064,10,5,3,1,1,0.0,0,1
0.229351,10,6,1040,268,254,252,32648.64844,7813.351562,2,1,24.520111,41.433801,0.049741,0.022177,0.027564,1,1,4,1,1,1.0,0,1
0.662084,12,22,920,22566,62,252,10198.10156,260281.1719,2,9,60.096547,27.243524,0.187303,0.089964,0.097339,2,1,1,1,1,1.0,0,1
0.244451,8,12,424,8824,31,29,12141.49219,264723.8125,1,4,34.875,22.175001,0.000658,0.000523,0.000135,3,7,9,5,0,0.0,0,0
3e-06,2,0,200,0,254,0,200000000.0,0.0,0,0,0.004,0.0,0.0,0.0,0.0,13,7,10,7,2,0.0,0,1
0.665788,52,42,37242,3380,31,29,438890.4688,39652.26172,18,8,13.047784,16.224658,0.00073,0.000572,0.000158,1,2,2,1,0,0.0,0,0
1.3e-05,2,0,824,0,254,0,253538464.0,0.0,0,0,0.013,0.0,0.0,0.0,0.0,7,3,3,3,2,0.0,0,1
1.133013,14,18,1684,10168,31,29,11043.12109,67812.10938,3,5,87.127998,66.619706,0.000587,0.000475,0.000112,2,2,2,1,0,1.0,0,0
0.376288,28,30,4376,3080,31,29,89718.51563,63313.20703,7,7,13.924852,12.955827,0.000691,0.000565,0.000126,17,4,7,4,0,0.0,0,0
0.38505,4,4,544,304,31,29,8476.821289,4737.047363,0,0,50.669668,79.995,0.0,0.0,0.0,8,3,5,3,0,0.0,0,0
0.388215,12,16,2286,13372,254,252,43192.55859,258351.6875,3,6,33.466999,23.632266,0.078167,0.033728,0.044439,1,1,2,1,1,1.0,0,1
1.007894,14,18,1684,10168,31,29,12414.00293,76230.23438,3,5,77.502849,59.256176,0.000668,0.000535,0.000133,2,4,2,1,0,1.0,0,0
1.1e-05,2,0,114,0,254,0,41454544.0,0.0,0,0,0.011,0.0,0.0,0.0,0.0,15,7,7,7,2,0.0,0,1
0.006206,18,18,4304,2456,31,29,5240090.0,2990654.0,7,7,0.346294,0.332235,0.000675,0.000553,0.000122,9,5,5,3,0,0.0,0,0
1.073252,12,10,1396,4238,62,252,9541.095703,28436.9375,3,3,97.568365,110.310336,0.167533,0.079699,0.087834,1,1,2,1,1,1.0,0,1
1.072119,10,8,564,354,254,252,3790.624023,2313.176025,2,1,119.124333,142.991859,0.13837,0.070868,0.067502,4,1,1,1,1,0.0,0,1
0.40946,10,8,828,1214,62,252,14575.29395,20768.81641,2,2,45.495556,49.774145,0.096266,0.060335,0.035931,4,19,2,4,1,1.0,0,1
0.001027,2,2,146,178,31,29,568646.5625,693281.375,0,0,0.011,0.005,0.0,0.0,0.0,3,2,2,1,0,0.0,0,0
1.1e-05,2,0,114,0,254,0,41454544.0,0.0,0,0,0.011,0.0,0.0,0.0,0.0,6,4,4,4,2,0.0,0,1
0.024948,60,62,3614,44706,31,29,1139650.375,14104537.0,7,24,0.417322,0.400098,0.000658,0.000531,0.000127,3,1,3,1,0,0.0,0,0
4e-06,2,0,200,0,254,0,88888888.0,0.0,0,0,0.009,0.0,0.0,0.0,0.0,23,8,8,8,2,0.0,0,1
0.188533,16,18,1244,2574,31,29,49519.18359,103154.3594,4,4,12.531667,11.053117,0.00078,0.000619,0.000161,5,2,2,2,0,0.0,0,0
1e-05,2,0,114,0,254,0,45600000.0,0.0,0,0,0.01,0.0,0.0,0.0,0.0,10,7,7,7,2,0.0,0,1
0.275548,10,8,846,1378,62,252,22123.18555,35013.86328,2,2,30.616444,38.117715,0.055242,0.008013,0.047229,1,1,1,1,1,1.0,0,1
0.784383,10,8,858,354,254,252,7883.903809,3161.720703,2,1,83.550556,101.94457,0.170707,0.070762,0.099945,2,1,1,1,1,1.0,0,1
1.093785,50,38,37068,3000,31,29,265697.5313,21371.6582,18,7,22.314327,29.548379,0.000613,0.000491,0.000122,11,6,5,1,0,0.0,0,0
1.061875,14,18,1684,10168,31,29,11782.93164,72355.03125,3,5,81.654538,62.428294,0.000727,0.00059,0.000137,2,2,2,1,0,1.0,0,0
0.001004,2,2,146,178,31,29,581673.3125,709163.375,0,0,0.004,0.009,0.0,0.0,0.0,4,2,3,1,0,0.0,0,0
0.008082,14,6,8928,320,31,29,8206880.0,264291.0313,4,1,0.621692,1.5004,0.000577,0.000449,0.000128,3,6,5,4,0,0.0,0,0
0.001029,2,2,146,178,31,29,567541.3125,691933.875,0,0,0.011,0.008,0.0,0.0,0.0,2,1,2,1,0,0.0,0,0
0.046704,40,42,2542,21294,31,29,424631.7188,3560637.0,7,14,1.189385,1.127342,0.000601,0.000479,0.000122,5,2,2,1,0,0.0,0,0
1.099856,24,112,1432,136343,62,252,9986.761719,982863.1875,2,53,47.819827,9.381018,0.116662,0.057889,0.058773,1,1,1,1,1,1.0,0,1
0.040467,60,62,3598,49642,31,29,699631.75,9655670.0,7,24,0.67922,0.654574,0.000667,0.000534,0.000133,3,3,4,1,0,0.0,0,0
0.004764,4,4,568,312,31,29,715365.25,392947.0938,0,0,1.220333,1.1,0.0,0.0,0.0,6,6,3,3,0,0.0,0,0
0.418396,10,8,834,920,62,252,14359.60156,15392.11719,2,2,46.488444,45.53957,0.133809,0.082609,0.0512,1,2,1,1,1,1.0,0,1
3e-06,2,0,200,0,254,0,266666656.0,0.0,0,0,0.003,0.0,0.0,0.0,0.0,15,8,8,8,2,0.0,0,1
0.33506,10,10,842,4380,62,252,18098.25195,94120.45313,2,3,37.228889,35.241222,0.0719,0.017117,0.054783,2,1,1,1,1,1.0,0,1
0.01734,38,40,2438,19860,31,29,1095271.0,8933794.0,7,13,0.459135,0.432026,0.000608,0.000485,0.000123,6,2,2,1,0,0.0,0,0
0.000987,2,2,146,178,31,29,591692.0,721377.9375,0,0,0.008,0.006,0.0,0.0,0.0,4,2,4,1,0,0.0,0,0
0.010879,38,40,2438,20116,31,29,1745748.75,14423385.0,7,13,0.285027,0.272026,0.000669,0.000538,0.000131,4,2,6,1,0,0.0,0,0
4.726764,346,746,18474,1087890,31,29,31177.35352,1838775.0,2,370,13.69987,6.343344,0.001112,0.00097,0.000142,1,4,1,1,0,1.0,0,0
0.001064,2,2,146,178,31,29,548872.1875,669172.9375,0,0,0.011,0.009,0.0,0.0,0.0,4,6,2,2,0,0.0,0,0
1.317366,22,38,2440,43724,62,252,14149.44629,258540.1406,6,17,62.731713,33.495216,0.14564,0.077371,0.068269,2,16,1,1,1,1.0,0,1
0.045865,60,62,3598,47460,31,29,617289.875,8144773.0,7,24,0.785724,0.742574,0.000704,0.000557,0.000147,11,1,3,1,0,0.0,0,0
0.498808,10,6,842,268,254,252,12156.98242,3592.564697,2,1,53.555111,94.770203,0.087683,0.024949,0.062734,1,1,1,1,1,1.0,0,1
0.170327,22,24,1958,2308,31,29,87784.08594,103894.2813,6,6,8.091857,7.7165,0.000674,0.000557,0.000117,13,1,2,1,0,0.0,0,0
0.001107,2,2,130,162,31,29,469738.0,585365.8125,0,0,0.01,0.008,0.0,0.0,0.0,4,3,4,1,0,0.0,0,0
1.008274,14,18,1684,10168,31,29,12409.32617,76201.51563,3,5,77.510233,59.276353,0.000738,0.000572,0.000166,1,2,5,1,0,1.0,0,0
0.870694,10,8,694,354,254,252,5742.545898,2848.302734,2,1,96.641,114.303,0.09899,0.070564,0.028426,2,2,2,3,1,1.0,0,1
7e-06,2,0,114,0,254,0,65142856.0,0.0,0,0,0.007,0.0,0.0,0.0,0.0,7,4,4,4,2,0.0,0,1
0.949751,10,8,742,1996,62,252,5626.737793,14715.43555,2,2,105.527889,107.821711,0.224019,0.155028,0.068991,1,1,3,1,1,1.0,0,1
0.000971,2,2,130,162,31,29,535530.375,667353.25,0,0,0.011,0.003,0.0,0.0,0.0,4,14,4,2,0,0.0,0,0
0.220012,78,80,4550,69850,31,29,163336.5469,2508117.75,7,33,2.852312,2.777215,0.000764,0.000604,0.00016,2,2,2,1,0,0.0,0,0
1.005881,14,18,1684,10168,31,29,12438.84766,76382.79688,3,5,77.349305,59.140471,0.000618,0.000491,0.000127,1,2,1,3,0,1.0,0,0
1.296913,22,22,1190,1622,62,252,7007.40918,9554.99707,7,9,61.75776,61.412191,0.05119,0.00657,0.04462,1,2,2,2,1,0.0,0,1
1.063998,14,18,1684,10168,31,29,11759.4209,72210.66406,3,5,81.819618,62.556,0.001632,0.000542,0.00109,2,2,4,1,0,1.0,0,0
0.729012,10,8,824,1098,62,252,8142.526855,10545.7793,2,2,81.001333,91.898,0.149368,0.085103,0.064265,3,1,1,3,1,1.0,0,1
3e-06,2,0,114,0,254,0,152000000.0,0.0,0,0,0.003,0.0,0.0,0.0,0.0,8,3,3,3,2,0.0,0,1
3e-06,2,0,200,0,254,0,266666656.0,0.0,0,0,0.003,0.0,0.0,0.0,0.0,2,2,6,2,2,0.0,0,1
1.31628,12,10,1314,1774,62,252,7323.669922,9706.141602,3,2,119.661824,135.519672,0.171971,0.095961,0.07601,1,2,3,1,1,1.0,0,1
1.021154,14,18,1684,10168,31,29,12252.80371,75240.35938,3,5,78.523382,60.039057,0.000629,0.000483,0.000146,3,2,4,1,0,1.0,0,0
0.003865,8,10,1036,824,31,29,1877360.875,1535834.375,2,2,0.503714,0.372,0.00064,0.000514,0.000126,5,4,5,5,0,1.0,0,0
1.099378,10,8,1126,1508,62,252,7378.717773,9605.431641,2,2,122.153111,145.553859,0.090399,0.049376,0.041023,2,2,3,2,1,1.0,0,1
0.001054,2,2,146,178,31,29,554079.6875,675521.8125,0,0,0.01,0.009,0.0,0.0,0.0,3,2,3,1,0,0.0,0,0
0.140951,72,74,4238,66608,31,29,237245.5781,3729409.75,7,30,1.981042,1.92337,0.000663,0.000534,0.000129,4,2,2,1,0,0.0,0,0
8e-06,2,0,200,0,254,0,100000000.0,0.0,0,0,0.008,0.0,0.0,0.0,0.0,15,7,9,7,2,0.0,0,1
0.821005,10,8,854,1714,62,252,7493.255371,14616.23242,2,2,91.113111,105.530859,0.179277,0.082286,0.096991,1,1,1,1,1,1.0,0,1
0.040038,48,50,2974,34222,31,29,582047.0625,6701233.5,7,18,0.844745,0.805347,0.000724,0.000572,0.000152,13,3,6,1,0,0.0,0,0
0.32902,47,48,2576,50628,31,29,61321.5,1205373.5,0,18,7.136283,6.988702,0.0,0.0,0.0,17,5,2,1,0,0.0,0,0
2.521359,20,46,3046,49365,62,252,9182.349609,153225.3125,5,20,132.7031,53.141091,0.198817,0.090669,0.108148,3,2,2,3,1,1.0,0,1
1.1e-05,2,0,114,0,254,0,41454544.0,0.0,0,0,0.011,0.0,0.0,0.0,0.0,7,4,4,4,2,0.0,0,1
1.006774,12,18,1580,10168,31,29,11514.00488,76315.04688,3,5,91.408726,59.190057,0.000687,0.000536,0.000151,3,3,7,2,0,1.0,0,0
9e-06,2,0,264,0,60,0,117333328.0,0.0,0,0,0.009,0.0,0.0,0.0,0.0,9,3,3,3,0,0.0,0,0
2e-06,2,0,200,0,254,0,400000000.0,0.0,0,0,0.002,0.0,0.0,0.0,0.0,10,2,6,2,2,0.0,0,1
1.1e-05,2,0,114,0,254,0,41454544.0,0.0,0,0,0.011,0.0,0.0,0.0,0.0,10,1,1,1,2,0.0,0,1
1.0532,14,18,1684,10168,31,29,11879.98438,72951.00781,3,5,80.97369,61.924235,0.000614,0.000481,0.000133,13,2,5,1,0,0.0,0,0
0.212358,10,8,792,1246,62,252,26860.30273,41100.40625,2,2,23.595333,26.521,0.031048,0.017828,0.01322,1,1,1,1,1,1.0,0,1
1e-05,2,0,200,0,254,0,80000000.0,0.0,0,0,0.01,0.0,0.0,0.0,0.0,13,2,7,2,2,0.0,0,1
1.24669,10,8,756,354,254,252,4369.97168,1989.267578,2,1,132.850889,165.584141,0.246388,0.0876,0.158788,2,1,1,1,1,0.0,0,1
0.780063,60,14,68189,612,254,252,687667.5625,5835.42627,27,1,12.987576,54.872539,0.092079,0.066712,0.025367,5,1,1,1,1,0.0,0,1
20.310085,22,0,5984,0,254,0,2249.916748,0.0,0,0,1074.6845,0.0,0.0,0.0,0.0,7,2,4,2,6,0.0,0,1
0.410945,10,8,764,1164,62,252,13393.51953,19837.20508,2,2,45.660556,42.99443,0.11103,0.069119,0.041911,1,1,17,1,1,1.0,0,1
0.004207,10,12,528,8824,31,29,905158.0625,15381982.0,1,4,0.433222,0.332727,0.000698,0.000543,0.000155,3,4,5,4,0,0.0,0,0
0.328504,10,6,924,268,254,252,20261.54883,5455.032715,2,1,32.076,60.385602,0.078624,0.026575,0.052049,1,1,15,1,1,1.0,0,1
58.003418,110,0,29920,0,254,0,4089.138428,0.0,0,0,547.563813,0.0,0.0,0.0,0.0,5,2,3,2,6,0.0,0,1
1.1e-05,2,0,114,0,254,0,41454544.0,0.0,0,0,0.011,0.0,0.0,0.0,0.0,9,3,4,3,2,0.0,0,1
0.027991,52,42,37190,3380,31,29,10424779.0,943160.3125,18,8,0.541412,0.669488,0.001652,0.000535,0.001117,1,3,5,1,0,0.0,0,0
0.027874,44,46,2750,27294,31,29,771471.625,7663342.0,7,16,0.640767,0.607667,0.000672,0.000524,0.000148,14,1,11,1,0,0.0,0,0
1.68625,26,62,1228,61084,62,252,5602.965332,285125.0,7,29,67.449997,25.969409,0.130584,0.080073,0.050511,1,1,2,1,1,0.0,0,1
0.772283,10,8,872,1178,62,252,8131.733887,10680.02246,2,2,85.793667,98.279289,0.197051,0.084323,0.112728,1,1,1,1,1,1.0,0,1
0.198832,10,10,806,5690,62,252,29210.58984,206043.2813,2,3,22.092444,19.690444,0.033322,0.020837,0.012485,1,1,1,1,1,1.0,0,1
0.001205,2,2,130,162,31,29,431535.2813,537759.375,0,0,0.01,0.008,0.0,0.0,0.0,4,3,6,3,0,0.0,0,0
0.628707,10,10,964,3708,62,252,11044.89063,42474.47656,2,3,69.856333,57.513333,0.15658,0.066051,0.090529,4,2,2,2,1,1.0,0,1
2.250986,90,30,98466,2238,62,252,346059.875,7690.851562,42,8,25.291977,73.046555,0.185753,0.103404,0.082349,1,1,1,1,1,0.0,0,1
1.547115,10,8,564,354,254,252,2626.824707,1602.983643,2,1,158.077556,209.619281,0.150328,0.079776,0.070552,3,1,2,1,1,0.0,0,1
1e-05,2,0,200,0,254,0,72727272.0,0.0,0,0,0.011,0.0,0.0,0.0,0.0,12,2,2,2,2,0.0,0,1
1.1e-05,2,0,114,0,254,0,41454544.0,0.0,0,0,0.011,0.0,0.0,0.0,0.0,4,4,4,4,2,0.0,0,1
0.062408,14,16,1140,2470,31,29,135751.8281,296885.0,4,4,4.772846,4.117667,0.000778,0.000632,0.000146,11,19,10,10,0,0.0,0,0
2.637752,10,8,926,354,254,252,2529.426514,940.194519,2,1,293.015889,366.695438,0.18543,0.070883,0.114547,2,1,2,1,1,1.0,0,1
0.195062,22,24,1958,2308,31,29,76652.55469,90719.875,6,6,9.270048,8.456392,0.000699,0.000555,0.000144,7,3,3,1,0,0.0,0,0
0.473459,10,6,840,268,254,252,12774.07324,3784.910645,2,1,49.221444,79.821,0.154958,0.074351,0.080607,4,1,2,1,1,0.0,0,1
0.501781,28,30,4512,3080,31,29,69368.90625,47478.88281,7,7,18.572297,17.283518,0.000667,0.000554,0.000113,8,4,1,1,0,0.0,0,0
0.00102,2,2,146,178,31,29,572549.0625,698039.25,0,0,0.004,0.028,0.0,0.0,0.0,3,2,8,2,0,0.0,0,0
0.434861,228,438,13142,548216,31,29,240720.5938,10062342.0,21,197,1.914278,0.993849,0.000682,0.000545,0.000137,16,6,6,6,0,0.0,0,0
1.010034,14,18,1684,10168,31,29,12387.70215,76068.72656,3,5,84.060667,59.383765,0.000648,0.000507,0.000141,2,9,4,1,0,1.0,0,0
0.00114,2,2,146,178,31,29,512280.7188,624561.4375,0,0,0.011,0.009,0.0,0.0,0.0,2,3,1,1,0,0.0,0,0
2e-06,2,0,200,0,254,0,400000000.0,0.0,0,0,0.002,0.0,0.0,0.0,0.0,15,4,8,3,2,0.0,0,1
0.095369,62,62,3718,49036,31,29,306934.0938,4047101.0,7,24,1.54818,1.555738,0.000598,0.000464,0.000134,7,2,4,1,0,0.0,0,0
1.144414,14,18,1684,10168,31,29,10933.10645,67136.54688,3,5,87.999002,67.286647,0.000668,0.000536,0.000132,1,3,2,1,0,1.0,0,0
0.44469,10,10,756,4216,62,252,12251.23145,68272.28125,2,2,49.41,45.655778,0.079264,0.033159,0.046105,1,1,1,1,1,1.0,0,1
1.893706,16,52,1096,59681,62,252,4342.807129,247278.0938,2,23,126.247073,35.99852,0.124809,0.046043,0.078766,1,1,2,1,1,1.0,0,1
3e-06,2,0,200,0,254,0,114285712.0,0.0,0,0,0.007,0.0,0.0,0.0,0.0,15,8,8,8,2,0.0,0,1
4e-06,2,0,114,0,254,0,114000000.0,0.0,0,0,0.004,0.0,0.0,0.0,0.0,3,3,3,3,2,0.0,0,1
0.013997,44,46,2750,26406,31,29,1536329.25,14764307.0,7,16,0.317116,0.299111,0.000645,0.000527,0.000118,12,2,1,1,0,0.0,0,0
0.166219,10,6,780,268,254,252,33786.75391,10780.95801,2,1,17.389333,29.05,0.033791,0.020968,0.012823,1,1,1,1,1,1.0,0,1
7.638595,626,102,840061,4396,254,252,878402.375,4558.953613,310,1,12.15696,74.699844,0.174347,0.093909,0.080438,1,1,4,1,1,0.0,0,1
7e-06,2,0,114,0,254,0,65142856.0,0.0,0,0,0.007,0.0,0.0,0.0,0.0,8,3,4,3,2,0.0,0,1
1.190888,14,18,1684,10168,31,29,10506.44531,64516.55859,3,5,91.580844,70.024059,0.000594,0.000477,0.000117,1,5,1,1,0,1.0,0,0
0.005451,22,14,1470,1728,31,29,2060539.375,2355531.25,5,4,0.259571,0.357308,0.000779,0.000642,0.000137,6,3,3,1,0,0.0,0,0
1.156553,342,746,18266,1087890,31,29,125981.25,7514965.5,2,370,3.390695,1.551561,0.000787,0.000635,0.000152,3,2,2,1,0,1.0,0,0
0.001148,2,2,146,178,31,29,508710.7813,620209.0625,0,0,0.011,0.008,0.0,0.0,0.0,2,3,1,1,0,0.0,0,0
0.013399,16,18,1540,1644,31,29,862153.875,927233.375,4,4,0.871667,0.760412,0.00061,0.000468,0.000142,10,15,12,7,0,0.0,0,0
0.256649,188,360,10960,447154,31,29,339826.0,13899513.0,18,161,1.370749,0.713616,0.000591,0.000457,0.000134,9,8,10,8,0,0.0,0,0
0.017104,46,48,2854,31354,31,29,1305893.375,14359682.0,7,17,0.372111,0.350383,0.00078,0.000625,0.000155,6,4,3,1,0,0.0,0,0
4e-06,2,0,114,0,254,0,114000000.0,0.0,0,0,0.004,0.0,0.0,0.0,0.0,9,3,3,3,2,0.0,0,1
0.0,6,0,384,0,1,0,51.195518,0.0,0,0,10000.871,0.0,0.0,0.0,0.0,2,4,2,2,0,0.0,0,0
0.558833,32,24,3728,5474,31,29,51707.75391,75099.35938,7,7,18.026871,24.263262,0.000796,0.000638,0.000158,2,4,2,2,0,0.0,0,0
1e-05,2,0,114,0,254,0,45600000.0,0.0,0,0,0.01,0.0,0.0,0.0,0.0,8,4,5,4,2,0.0,0,1
0.77898,10,12,528,8824,31,29,4888.443848,83072.73438,1,4,86.517111,70.774724,0.000599,0.000454,0.000145,1,30,31,12,0,0.0,0,0
0.021319,52,40,37454,3276,31,29,13784511.0,1198930.5,18,8,0.41098,0.531923,0.000728,0.00057,0.000158,1,1,2,1,0,0.0,0,0
0.001121,2,2,146,178,31,29,520963.4063,635147.1875,0,0,0.01,0.008,0.0,0.0,0.0,2,2,2,2,0,0.0,0,0
0.042633,48,50,2974,32564,31,29,546618.8125,5988412.5,7,18,0.89983,0.858714,0.000973,0.000548,0.000425,10,2,4,1,0,0.0,0,0
0.0,6,0,384,0,1,0,51.195534,0.0,0,0,10000.872,0.0,0.0,0.0,0.0,2,4,2,2,0,0.0,0,0
0.736386,10,8,872,1132,62,252,8528.135742,10766.09277,2,2,81.807778,89.05543,0.20822,0.112995,0.095225,1,1,2,1,1,1.0,0,1
0.004891,18,18,3800,2456,31,29,5870374.0,3794724.75,7,7,0.269353,0.255176,0.0007,0.000545,0.000155,4,5,3,3,0,0.0,0,0
0.43516,10,6,822,268,254,252,13604.19141,4118.025391,2,1,46.917667,80.957797,0.04824,0.030362,0.017878,1,1,24,1,1,1.0,0,1
1.462504,10,10,792,1138,62,252,3900.160156,5606.822266,2,2,162.388333,155.806781,0.163855,0.060234,0.103621,2,1,1,2,1,4.0,0,0
1.006664,14,18,1684,10168,31,29,12429.17188,76323.375,3,5,77.408998,59.185529,0.000663,0.000506,0.000157,2,5,3,1,0,1.0,0,0
6e-06,2,0,114,0,254,0,76000000.0,0.0,0,0,0.006,0.0,0.0,0.0,0.0,2,2,3,2,2,0.0,0,1
0.001117,2,2,146,178,31,29,522829.0,637421.6875,0,0,0.005,0.008,0.0,0.0,0.0,2,2,1,1,0,0.0,0,0
1.50386,52,54,2934,3738,31,29,15309.93555,19517.77344,11,15,29.481078,28.36468,0.000644,0.000507,0.000137,1,5,3,3,0,0.0,0,0
59.922993,752,382,315088,16426,254,252,42009.78516,2187.207275,375,0,79.977383,157.480141,0.072579,0.028824,0.043755,3,1,2,1,4,0.0,0,1
0.016347,42,46,2646,25522,31,29,1264085.125,12219000.0,7,15,0.389634,0.351689,0.000638,0.000513,0.000125,7,4,4,1,0,0.0,0,0
0.001053,2,2,132,164,31,29,501424.5,622981.9375,0,0,0.012,0.008,0.0,0.0,0.0,2,4,9,1,0,0.0,0,0
0.231606,12,22,926,23166,62,252,29325.66406,763814.375,2,9,20.972909,10.274905,0.02988,0.01583,0.01405,1,1,1,1,1,1.0,0,1
1.0909,14,18,1684,10168,31,29,11469.42969,70429.92188,3,5,83.888233,64.143882,0.000579,0.00045,0.000129,2,2,5,2,0,1.0,0,0
0.06116,4,4,520,304,31,29,51013.73438,29823.41406,0,0,6.666667,16.005333,0.0,0.0,0.0,15,6,3,3,0,0.0,0,0
1.1e-05,2,0,168,0,254,0,61090908.0,0.0,0,0,0.011,0.0,0.0,0.0,0.0,1,1,1,1,2,0.0,0,1
1e-06,2,0,104,0,254,0,416000000.0,0.0,0,0,0.001,0.0,0.0,0.0,0.0,9,1,1,1,2,0.0,0,1
0.320174,14,40,952,46846,62,252,22087.98828,1141254.375,2,18,24.628769,7.96523,0.055096,0.008796,0.0463,1,1,1,1,1,1.0,0,1
0.466983,102,112,10582,16262,31,29,179518.3125,276104.2813,30,32,4.66633,4.239864,0.000772,0.000588,0.000184,10,2,1,1,0,0.0,0,0
0.004221,12,12,1036,2262,31,29,1800521.25,3930822.25,4,4,0.353091,0.327455,0.000753,0.000614,0.000139,14,3,1,1,0,0.0,0,0
0.001077,2,2,146,178,31,29,542246.9375,661095.625,0,0,0.008,0.003,0.0,0.0,0.0,13,4,1,1,0,0.0,0,0
0.304339,4,4,568,312,31,29,11198.03906,6151.035645,0,0,87.660664,86.003,0.0,0.0,0.0,6,4,4,2,0,0.0,0,0
39.74884,20,16,1630,2160,62,252,311.757538,407.559052,4,4,2092.044053,2643.1845,0.143559,0.100129,0.04343,5,1,1,1,1,0.0,0,1
0.24998,10,10,832,4094,62,252,23969.91797,117929.4297,2,3,27.671444,25.374778,0.066462,0.021584,0.044878,8,1,2,1,1,0.0,0,1
0.053571,42,44,2646,25364,31,29,385731.0938,3701704.25,7,15,1.298146,1.233093,0.000692,0.000541,0.000151,10,3,2,1,0,0.0,0,0
0.036237,4,4,536,304,31,29,88749.0625,50335.28906,0,0,6.687667,7.694,0.0,0.0,0.0,8,3,2,2,0,0.0,0,0
0.012704,40,42,2542,23508,31,29,1561083.125,14451511.0,7,14,0.325816,0.296805,0.000668,0.000531,0.000137,7,5,2,2,0,0.0,0,0
0.057939,42,44,2646,23604,31,29,356650.9688,3185143.0,7,15,1.405073,1.334372,0.000719,0.000558,0.000161,16,3,7,2,0,0.0,0,0
2.831795,16,2,7488,96,254,252,19831.94336,135.603043,11,1,188.786338,0.008,0.129986,0.067727,0.062259,2,1,2,1,1,0.0,0,1
1e-05,2,0,200,0,254,0,80000000.0,0.0,0,0,0.01,0.0,0.0,0.0,0.0,12,2,2,2,2,0.0,0,1
0.476159,10,8,772,1354,62,252,11676.77148,19909.31641,2,2,52.805556,60.15143,0.099904,0.055093,0.044811,1,1,5,1,1,1.0,0,1
1.103997,12,10,816,992,62,252,5420.304688,6471.032227,2,2,100.363365,109.532445,0.182299,0.090877,0.091422,2,1,1,2,1,1.0,0,1
0.641015,10,10,834,5350,62,252,9372.635742,60092.19922,2,3,71.223889,61.782778,0.170099,0.083957,0.086142,3,1,1,1,1,1.0,0,1
0.389421,24,26,3984,2872,31,29,78434.39844,56740.64844,5,7,16.914608,15.55324,0.000722,0.000585,0.000137,7,4,5,3,0,0.0,0,0
0.219882,10,6,866,268,254,252,28378.85742,8149.826172,2,1,21.156,39.933801,0.068702,0.020203,0.048499,1,1,1,1,1,1.0,0,1
0.001778,4,4,536,304,31,29,1808773.875,1025871.75,0,0,0.452,0.219667,0.0,0.0,0.0,7,4,7,3,0,0.0,0,0
0.000886,2,2,130,162,31,29,586907.4375,731377.0,0,0,0.002,0.003,0.0,0.0,0.0,5,5,5,2,0,0.0,0,0
0.001099,2,2,146,178,31,29,531392.1875,647861.6875,0,0,0.011,0.01,0.0,0.0,0.0,4,3,1,1,0,0.0,0,0
0.499901,10,10,822,986,62,252,11842.34473,14210.81348,2,2,55.544556,50.247109,0.096331,0.046974,0.049357,2,2,2,2,1,1.0,0,1
1.287698,12,12,576,682,254,252,3280.272217,3889.110596,3,4,117.054912,110.399273,0.113916,0.073304,0.040612,3,3,3,2,1,0.0,0,1
1e-05,2,0,114,0,254,0,45600000.0,0.0,0,0,0.01,0.0,0.0,0.0,0.0,15,4,4,4,2,0.0,0,1
1.1e-05,2,0,180,0,254,0,65454544.0,0.0,0,0,0.011,0.0,0.0,0.0,0.0,14,14,15,14,2,0.0,0,1
0.07235,48,52,2958,33148,31,29,320331.7188,3594858.25,7,18,1.532298,1.403275,0.000908,0.000777,0.000131,9,5,12,2,0,0.0,0,0
2.632677,28,76,1440,82276,62,252,4220.798828,246726.7969,6,36,97.471519,34.235347,0.136905,0.065015,0.07189,1,1,1,1,1,0.0,0,1
0.898335,10,8,858,354,254,252,6883.846191,2760.662842,2,1,90.040222,114.831859,0.155463,0.094502,0.060961,6,4,3,3,1,0.0,0,1
0.004624,4,4,568,320,31,29,737024.25,415224.9375,0,0,1.217333,1.022667,0.0,0.0,0.0,4,3,3,3,0,0.0,0,0
1.1e-05,2,0,114,0,254,0,41454544.0,0.0,0,0,0.011,0.0,0.0,0.0,0.0,10,3,5,3,2,0.0,0,1
0.016881,48,50,2974,33374,31,29,1380486.875,15500029.0,7,18,0.352319,0.331184,0.000783,0.000641,0.000142,4,2,3,1,0,0.0,0,0
0.002424,2,2,130,162,31,29,214521.4531,267326.7188,0,0,0.004,0.004,0.0,0.0,0.0,3,4,4,1,0,0.0,0,0
2.264569,32,22,18309,1798,62,252,62659.16406,6065.613281,13,8,73.050616,103.988187,0.14098,0.080174,0.060806,1,1,1,1,1,0.0,0,1
0.481597,10,8,768,1246,62,252,11495.08789,18123.03711,2,2,53.510778,60.606,0.105713,0.056663,0.04905,1,1,1,1,1,1.0,0,1
1.607817,114,111,7010,14480,31,29,34576.07422,71401.15625,28,29,14.225372,14.611627,0.00072,0.000531,0.000189,9,2,4,1,0,0.0,0,0
0.0,6,0,384,0,1,0,51.195564,0.0,0,0,10000.877,0.0,0.0,0.0,0.0,2,4,2,2,0,0.0,0,0
0.59221,12,10,1722,2144,254,252,21330.27148,26071.83203,3,3,53.837271,59.143777,0.154426,0.059265,0.095161,1,1,1,1,1,1.0,0,1
0.351224,10,6,1026,268,254,252,21046.39648,5102.156738,2,1,35.506556,58.265801,0.105159,0.059886,0.045273,1,1,1,1,1,1.0,0,1
0.040984,68,68,4030,51770,31,29,775131.75,9956861.0,7,27,0.606657,0.603746,0.000658,0.000525,0.000133,2,1,6,1,0,0.0,0,0
1.322029,12,28,892,29312,62,252,4949.967285,171046.1719,2,11,120.184452,43.691036,0.24452,0.140877,0.103643,2,1,4,1,1,1.0,0,1
0.001054,2,2,130,162,31,29,493358.625,614800.75,0,0,0.01,0.006,0.0,0.0,0.0,4,2,3,1,0,0.0,0,0
4e-06,2,0,200,0,254,0,160000000.0,0.0,0,0,0.005,0.0,0.0,0.0,0.0,21,6,6,6,2,0.0,0,1
0.190493,10,6,910,268,254,252,34394.96484,9407.169922,2,1,19.399111,35.654,0.059317,0.012214,0.047103,2,1,1,1,1,1.0,0,1
1.294332,10,6,1124,268,254,252,6254.963867,1384.497925,2,1,143.696889,242.636797,0.14474,0.081133,0.063607,1,2,1,1,1,1.0,0,1
0.694448,12,8,1070,714,254,252,11301.0625,7199.963379,3,2,60.839182,82.57043,0.173898,0.116454,0.057444,6,2,1,1,1,0.0,0,1
1.006064,14,18,1684,10168,31,29,12436.58398,76368.89844,3,5,77.362079,59.150706,0.000627,0.000498,0.000129,4,4,4,1,0,1.0,0,0
0.836654,20,20,3202,1832,62,252,29087.29297,16647.26367,7,8,44.034419,43.684895,0.050293,0.005991,0.044302,1,1,1,1,1,0.0,0,1
0.001153,2,2,146,178,31,29,506504.75,617519.5,0,0,0.011,0.008,0.0,0.0,0.0,3,2,10,2,0,0.0,0,0
0.370533,10,6,868,268,254,252,16883.78711,4836.276367,2,1,35.497,70.519,0.073606,0.017929,0.055677,1,1,1,1,1,1.0,0,1
0.001035,2,2,130,162,31,29,502415.4688,626087.0,0,0,0.011,0.009,0.0,0.0,0.0,3,3,2,1,0,0.0,0,0
0.809812,10,8,564,354,254,252,5018.44873,3062.439209,2,1,84.086778,109.74857,0.099202,0.04156,0.057642,1,1,1,1,1,0.0,0,1
1.008317,14,18,1684,10168,31,29,12408.7959,76198.25781,3,5,77.535921,59.282588,0.000641,0.000509,0.000132,1,4,2,1,0,1.0,0,0
0.008058,14,6,8928,320,31,29,8231322.5,265078.1563,4,1,0.619846,1.485,0.000635,0.000501,0.000134,3,5,10,4,0,0.0,0,0
0.001152,2,2,146,178,31,29,506944.4375,618055.5625,0,0,0.011,0.008,0.0,0.0,0.0,3,5,5,2,0,0.0,0,0
0.591706,10,6,588,268,254,252,7165.721191,3028.53125,2,1,65.745111,75.314203,0.297906,0.214328,0.083578,3,2,2,1,1,0.0,0,1
1.028687,28,90,1442,99358,62,252,10817.67383,764119.6875,6,43,38.099518,11.205045,0.058852,0.031023,0.027829,15,1,1,1,1,0.0,0,1
0.666828,10,8,564,354,254,252,6094.525391,3719.100098,2,1,74.092,94.060289,0.051602,0.007641,0.043961,1,1,1,1,1,0.0,0,1
0.003976,8,10,1044,824,31,29,1839034.25,1492957.75,2,2,0.517,0.383333,0.000662,0.00052,0.000142,1,6,5,2,0,1.0,0,0
0.030172,12,14,1064,2364,31,29,258782.9844,582261.6875,4,4,2.711546,2.279385,0.000691,0.000539,0.000152,12,1,3,1,0,0.0,0,0
0.083659,47,45,2922,22578,31,29,273491.1875,2111141.75,7,11,1.811891,1.888182,0.000709,0.000574,0.000135,13,21,11,4,0,0.0,0,0
0.382132,10,8,1764,354,254,252,33245.05859,6489.904297,2,1,42.459111,50.833285,0.082112,0.022398,0.059714,1,1,2,1,1,1.0,0,1
0.746356,10,6,774,268,254,252,7470.965332,2400.999023,2,1,77.751222,127.457797,0.23456,0.109058,0.125502,1,1,1,1,1,1.0,0,1
0.225203,10,6,982,268,254,252,31402.7793,7957.265625,2,1,22.982222,42.601,0.062821,0.012195,0.050626,1,1,1,1,1,1.0,0,1
0.001103,2,2,146,178,31,29,529465.0625,645512.25,0,0,0.012,0.009,0.0,0.0,0.0,2,2,7,1,0,0.0,0,0
0.049056,14,8,8928,424,31,29,1352087.375,60502.28125,4,1,3.773538,6.909143,0.000683,0.000546,0.000137,3,6,7,4,0,0.0,0,0
1.587396,10,8,876,354,254,252,3976.323486,1562.307007,2,1,171.877667,218.644859,0.104663,0.056873,0.04779,1,1,1,1,1,1.0,0,1
0.446203,24,26,2062,2424,31,29,35445.75,41792.63672,6,7,19.385174,17.822201,0.000797,0.000637,0.00016,7,2,5,1,0,0.0,0,0
0.554833,32,24,3728,5474,31,29,52080.53516,75640.78125,7,7,17.897839,24.090262,0.000778,0.000617,0.000161,2,2,1,1,0,0.0,0,0
3e-06,2,0,200,0,254,0,266666656.0,0.0,0,0,0.003,0.0,0.0,0.0,0.0,7,2,6,2,2,0.0,0,1
1.31601,14,18,1684,10168,31,29,9507.526367,58382.53516,3,5,101.19931,77.381,0.000668,0.00053,0.000138,1,3,1,1,0,1.0,0,0
2.901729,122,126,7808,15114,31,29,21350.0293,41340.86719,30,32,23.978214,23.209984,0.000598,0.000474,0.000124,14,13,16,5,0,0.0,0,0
7e-06,2,0,114,0,254,0,65142856.0,0.0,0,0,0.007,0.0,0.0,0.0,0.0,10,4,3,3,2,0.0,0,1
0.021721,52,54,2934,3742,31,29,1059988.0,1352792.25,11,15,0.419569,0.407923,0.000633,0.000504,0.000129,1,5,6,3,0,0.0,0,0
5.411455,52,54,2934,3738,31,29,4254.678223,5424.049316,11,15,106.100527,102.092602,0.000679,0.000542,0.000137,15,21,30,18,0,0.0,0,0
0.629332,10,8,2034,354,254,252,23275.47266,3940.686279,2,1,66.527778,81.001289,0.107742,0.062314,0.045428,1,1,1,1,1,1.0,0,1
0.156605,84,86,4862,82278,31,29,245458.3125,4154247.75,7,36,1.882952,1.835659,0.000723,0.000571,0.000152,6,1,7,1,0,0.0,0,0
0.77944,28,30,4832,3080,31,29,47829.21094,30565.53516,7,7,28.855963,26.856689,0.000773,0.000591,0.000182,8,2,1,1,0,0.0,0,0
0.001085,2,2,146,178,31,29,538248.875,656221.1875,0,0,0.01,0.003,0.0,0.0,0.0,5,9,4,2,0,0.0,0,0
0.001088,2,2,146,178,31,29,536764.6875,654411.75,0,0,0.011,0.008,0.0,0.0,0.0,3,6,4,4,0,0.0,0,0
8e-06,2,0,114,0,254,0,57000000.0,0.0,0,0,0.008,0.0,0.0,0.0,0.0,11,7,7,7,2,0.0,0,1
7.500908,328,746,17538,1087890,31,29,18648.41016,1158720.5,2,370,22.937569,10.067614,0.000667,0.000531,0.000136,2,7,2,1,0,1.0,0,0
0.111717,68,68,4030,56022,31,29,284361.375,3952773.5,7,27,1.662522,1.659,0.000738,0.00056,0.000178,10,4,11,4,0,0.0,0,0
0.001114,2,2,130,162,31,29,466786.375,581687.625,0,0,0.011,0.009,0.0,0.0,0.0,4,1,1,1,0,0.0,0,0
0.66286,10,10,840,4240,62,252,9124.098633,46054.97656,2,3,73.651111,60.064333,0.219165,0.121507,0.097658,1,1,1,1,1,1.0,0,1
0.357916,6,4,466,182,254,252,8694.777344,3062.171143,2,1,48.6944,97.854,0.116945,0.064343,0.052602,6,1,1,1,4,0.0,0,1
0.001131,2,2,146,178,31,29,516357.2188,629531.375,0,0,0.008,0.002,0.0,0.0,0.0,8,15,10,2,0,0.0,0,0
1.350396,8,10,364,3754,62,252,1889.815918,20017.83203,1,3,192.91371,128.196444,0.246023,0.196517,0.049506,1,1,3,1,1,0.0,0,1
1.209916,14,18,1684,10168,31,29,10341.21387,63501.92969,3,5,92.974998,71.142059,0.000644,0.000498,0.000146,2,1,3,1,0,1.0,0,0
0.640958,10,6,610,268,254,252,6852.243164,2795.814941,2,1,68.974444,116.409398,0.155365,0.058901,0.096464,7,2,2,1,1,0.0,0,1
1.1e-05,2,0,168,0,254,0,61090908.0,0.0,0,0,0.011,0.0,0.0,0.0,0.0,1,2,2,2,2,0.0,0,1
0.222779,14,6,8928,320,31,29,297730.0313,9587.977539,4,1,17.136846,44.431602,0.000593,0.000462,0.000131,15,16,21,13,0,0.0,0,0
1e-05,2,0,114,0,254,0,45600000.0,0.0,0,0,0.01,0.0,0.0,0.0,0.0,8,4,4,4,2,0.0,0,1
0.229758,10,10,748,4206,62,252,23468.17188,131825.6563,2,2,25.528667,24.666334,0.061378,0.006953,0.054425,3,1,1,1,1,0.0,0,1
1.4e-05,2,0,114,0,254,0,32571428.0,0.0,0,0,0.014,0.0,0.0,0.0,0.0,16,6,7,6,2,0.0,0,1
0.019272,54,56,3302,35742,31,29,1345371.5,14572022.0,7,21,0.356113,0.341618,0.000609,0.000479,0.00013,7,3,2,2,0,0.0,0,0
1.530033,58,14,68107,612,254,252,349968.9375,2975.099365,26,1,26.212369,111.845617,0.26054,0.076031,0.184509,4,1,3,3,1,1.0,0,1
0.031619,74,72,4342,65184,31,29,1083905.25,16263385.0,7,30,0.42874,0.437155,0.000709,0.00057,0.000139,12,1,3,1,0,0.0,0,0
0.91352,40,10,44016,440,254,252,375829.7813,3467.904541,17,1,22.828564,92.158555,0.171123,0.084085,0.087038,1,1,2,13,1,1.0,0,1
1.009854,14,18,1684,10168,31,29,12389.91016,76082.28906,3,5,77.654154,59.373062,0.00065,0.000508,0.000142,1,7,6,3,0,1.0,0,0
0.156551,16,6,10698,268,254,252,512548.625,11446.74902,5,1,9.4612,29.7966,0.053631,0.007559,0.046072,1,1,1,1,1,1.0,0,1
1e-05,2,0,114,0,254,0,45600000.0,0.0,0,0,0.01,0.0,0.0,0.0,0.0,4,3,4,3,2,0.0,0,1
0.418403,10,6,516,268,254,252,8890.949219,4282.952148,2,1,37.056,69.613203,0.165129,0.070329,0.0948,1,1,1,1,1,1.0,0,1
6.091302,94,559,4432,743594,62,252,5759.031738,974851.0625,2,262,65.488631,10.825708,0.130947,0.050556,0.080391,1,1,1,1,3,1.0,0,1
0.001031,2,2,146,178,31,29,566440.3125,690591.625,0,0,0.011,0.008,0.0,0.0,0.0,4,3,5,1,0,0.0,0,0
27.874739,460,896,25818,1148744,31,29,7393.647949,329319.5313,39,406,60.728466,31.179207,0.000664,0.000532,0.000132,5,5,5,2,0,0.0,0,0
0.001081,2,2,146,178,31,29,540240.5625,658649.4375,0,0,0.01,0.009,0.0,0.0,0.0,13,1,5,1,0,0.0,0,0
0.001042,2,2,146,178,31,29,560460.625,683301.3125,0,0,0.011,0.008,0.0,0.0,0.0,5,3,2,1,0,0.0,0,0
0.046517,6,8,320,1976,31,29,45918.69531,297353.6563,1,2,9.2364,6.577143,0.000607,0.000473,0.000134,1,5,5,4,0,0.0,0,0
0.228828,10,6,1012,268,254,252,31849.25,7831.209473,2,1,25.425333,44.165602,0.053744,0.00732,0.046424,1,1,1,1,1,1.0,0,1
0.01372,16,18,1540,1644,31,29,841982.5,905539.375,4,4,0.893,0.780412,0.000584,0.00045,0.000134,6,8,5,3,0,0.0,0,0
4e-06,2,0,168,0,254,0,168000000.0,0.0,0,0,0.004,0.0,0.0,0.0,0.0,1,1,1,1,2,0.0,0,1
0.014063,36,38,2334,16438,31,29,1291331.875,9105312.0,7,12,0.3564,0.364946,0.000645,0.000556,8.9e-05,4,4,2,1,0,0.0,0,0
1.827315,10,10,856,1450,62,252,3375.444336,5713.300781,2,2,203.035,189.124437,0.206287,0.103418,0.102869,2,1,1,1,1,1.0,0,1
1.541481,52,54,2934,3742,31,29,14936.28516,19062.1875,11,15,30.218882,29.075434,0.000604,0.000479,0.000125,2,5,7,3,0,0.0,0,0
0.008033,24,26,2062,2424,31,29,1968878.375,2321424.25,6,7,0.334391,0.296,0.000761,0.000622,0.000139,4,5,8,1,0,0.0,0,0
0.226772,14,6,8928,320,31,29,292487.625,9419.152344,4,1,17.444001,45.234398,0.000578,0.000454,0.000124,3,7,6,4,0,0.0,0,0
0.076423,52,42,37372,3380,31,29,3836960.25,345445.75,18,8,1.491804,1.851976,0.000614,0.000488,0.000126,1,3,2,1,0,0.0,0,0
0.563956,10,6,706,268,254,252,9021.980469,3177.552734,2,1,60.726778,91.132797,0.169402,0.108281,0.061121,4,1,1,1,1,0.0,0,1
1.1e-05,2,0,114,0,254,0,41454544.0,0.0,0,0,0.011,0.0,0.0,0.0,0.0,7,3,3,3,2,0.0,0,1
0.05857,78,80,4550,72242,31,29,613556.4375,9744101.0,7,33,0.756403,0.732139,0.000862,0.00072,0.000142,10,2,4,1,0,0.0,0,0
0.111538,44,46,2766,28404,31,29,193942.875,1993006.875,7,16,2.586512,2.467578,0.000641,0.000493,0.000148,16,4,6,2,0,0.0,0,0
1.208937,14,18,1684,10168,31,29,10349.58789,63553.35156,3,5,92.968769,71.081706,0.000667,0.000546,0.000121,3,2,3,2,0,1.0,0,0
0.624017,10,10,608,646,254,252,7025.449707,7461.334961,2,3,69.335222,64.022332,0.104133,0.047127,0.057006,3,1,1,1,1,0.0,0,1
0.001119,2,2,130,162,31,29,464700.625,579088.4375,0,0,0.001,0.009,0.0,0.0,0.0,2,2,7,1,0,0.0,0,0
0.48384,10,8,1526,354,254,252,22718.25391,5125.661621,2,1,51.705778,60.551285,0.112964,0.059972,0.052992,8,2,2,9,1,1.0,0,1
0.671645,52,40,37644,3276,31,29,439768.0313,38055.82031,18,8,13.162627,17.204385,0.000816,0.00067,0.000146,2,3,3,2,0,0.0,0,0
0.382151,10,8,846,1108,62,252,15951.80957,20306.10938,2,2,42.461222,45.16243,0.088925,0.051646,0.037279,6,3,4,5,1,1.0,0,1
0.27278,10,6,2050,268,254,252,54109.53906,6569.396484,2,1,26.434556,50.437,0.060341,0.020587,0.039754,2,1,1,2,1,1.0,0,1
0.001832,4,4,544,304,31,29,1781659.375,995633.1875,0,0,0.465333,0.224667,0.0,0.0,0.0,7,3,3,3,0,0.0,0,0
0.01632,46,48,2854,31354,31,29,1368627.5,15049510.0,7,17,0.362955,0.334064,0.000792,0.000609,0.000183,10,2,6,1,0,0.0,0,0
1.005688,12,18,1580,10168,31,29,11526.43848,76397.45313,3,5,91.391276,59.126117,0.000692,0.000537,0.000155,10,3,3,1,0,1.0,0,0
0.046304,38,40,2438,20826,31,29,410158.9688,3508293.0,7,13,1.242405,1.150564,0.001563,0.001428,0.000135,6,3,6,3,0,0.0,0,0
0.195924,10,6,1624,268,254,252,59696.61719,9146.40332,2,1,19.982889,37.143602,0.057302,0.010203,0.047099,1,1,1,1,1,1.0,0,1
0.377471,10,8,806,2114,62,252,15386.61231,39208.30859,2,2,41.829222,45.80057,0.103776,0.056865,0.046911,2,1,3,1,1,1.0,0,1
1.37249,368,746,19618,1087890,31,29,114040.8984,6332618.5,2,370,3.738899,1.841635,0.000582,0.000469,0.000113,1,2,2,5,0,1.0,0,0
1.42315,22,22,1146,1622,62,252,6149.738281,8707.445312,7,9,67.769051,66.29238,0.058933,0.01073,0.048203,3,2,6,2,1,0.0,0,1
0.004488,4,4,568,312,31,29,759358.25,417112.2813,0,0,1.154,1.018333,0.0,0.0,0.0,3,10,3,3,0,0.0,0,0
0.001091,2,2,146,178,31,29,535288.6875,652612.25,0,0,0.011,0.009,0.0,0.0,0.0,4,5,4,1,0,0.0,0,0
7e-06,2,0,200,0,254,0,133333328.0,0.0,0,0,0.006,0.0,0.0,0.0,0.0,10,6,9,6,2,0.0,0,1
0.008561,34,36,2230,12896,31,29,2023128.125,11716388.0,7,11,0.249303,0.230429,0.000627,0.000492,0.000135,7,4,5,1,0,0.0,0,0
1.1e-05,2,0,114,0,254,0,41454544.0,0.0,0,0,0.011,0.0,0.0,0.0,0.0,10,3,4,3,2,0.0,0,1
1.195271,8,14,1364,7056,31,29,7991.493164,43852.81641,1,2,170.699141,91.859846,0.0,0.0,0.0,6,2,1,1,0,0.0,0,0
0.003921,8,10,1052,824,31,29,1879112.5,1513899.625,2,2,0.510286,0.376333,0.000656,0.000529,0.000127,1,1,5,2,0,1.0,0,0
0.25582,10,6,930,268,254,252,26174.6543,7004.925293,2,1,28.424444,47.982801,0.061111,0.014835,0.046276,1,1,1,1,1,1.0,0,1
0.03196,122,126,7822,15396,31,29,1941927.5,3823279.25,30,32,0.261231,0.25128,0.000712,0.000543,0.000169,2,3,3,1,0,0.0,0,0
0.14206,22,24,2054,2478,31,29,110432.2109,133746.3125,6,6,6.747762,6.152174,0.00069,0.000549,0.000141,1,1,1,1,0,0.0,0,0
1.207747,14,18,1684,10168,31,29,10359.78613,63615.97266,3,5,92.877849,71.012765,0.000654,0.000526,0.000128,4,2,5,2,0,4.0,0,0
1.727578,12,10,2452,1268,254,252,10409.94922,5288.328613,3,2,147.720636,182.384781,0.171495,0.086113,0.085382,3,1,2,3,1,1.0,0,1
0.004217,12,12,1064,2260,31,29,1851553.125,3930756.25,4,4,0.350364,0.329455,0.000716,0.000582,0.000134,6,3,4,2,0,0.0,0,0
0.037304,4,4,568,304,31,29,91357.5,48895.5625,0,0,7.663,11.643,0.0,0.0,0.0,2,3,2,2,0,0.0,0,0
0.98101,20,22,1096,1626,62,252,8497.365234,12664.49902,7,9,51.632104,46.090333,0.059077,0.012676,0.046401,3,3,2,2,1,0.0,0,1
0.453973,10,8,812,1960,254,252,12881.82324,30222.0625,2,2,50.441444,58.900145,0.101965,0.04095,0.061015,1,1,1,1,1,0.0,0,1
0.000972,2,2,132,164,31,29,543209.875,674897.125,0,0,0.012,0.005,0.0,0.0,0.0,1,2,8,1,0,0.0,0,0
3e-06,2,0,200,0,254,0,266666656.0,0.0,0,0,0.003,0.0,0.0,0.0,0.0,10,4,8,4,2,0.0,0,1
0.001017,2,2,146,178,31,29,574238.0,700098.375,0,0,0.001,0.009,0.0,0.0,0.0,3,5,6,2,0,0.0,0,0
0.013618,44,46,2766,24114,31,29,1588485.875,13858129.0,7,16,0.316595,0.291511,0.000617,0.000497,0.00012,7,3,3,1,0,0.0,0,0
0.224496,10,8,1464,972,62,252,46967.42969,30325.70703,2,2,24.944,29.404572,0.060045,0.013257,0.046788,2,2,2,2,1,1.0,0,1
4.421413,244,54,301209,3134,62,252,542767.6875,5565.641602,119,8,18.195115,82.404305,0.100831,0.053584,0.047247,1,1,1,1,1,0.0,0,1
0.49869,52,54,2934,3742,31,29,46168.96094,58922.375,11,15,9.772,9.399887,0.000619,0.000489,0.00013,1,2,2,1,0,0.0,0,0
0.004914,4,4,568,320,31,29,693528.6875,390720.375,0,0,1.277667,1.118333,0.0,0.0,0.0,8,5,6,3,0,0.0,0,0
1.106728,10,10,1150,5712,254,252,7481.513184,37161.79688,2,3,122.969778,113.821222,0.141279,0.081526,0.059753,2,3,3,4,1,1.0,0,1
10.312614,24,22,1288,1622,62,252,958.049988,1201.635132,7,9,448.374516,487.264937,0.204062,0.079736,0.124326,2,1,2,1,1,0.0,0,1
4e-06,2,0,114,0,254,0,114000000.0,0.0,0,0,0.004,0.0,0.0,0.0,0.0,11,4,5,4,2,0.0,0,1
0.472677,10,8,800,2074,62,252,12185.91113,30718.65234,2,2,52.519667,55.458285,0.13166,0.083764,0.047896,1,1,1,1,1,1.0,0,1
0.015436,16,18,1540,1644,31,29,748380.375,804871.6875,4,4,1.007667,0.880529,0.000586,0.000463,0.000123,8,8,6,5,0,0.0,0,0
1.027537,12,18,1580,10168,31,29,11281.3457,74772.97656,3,5,93.376089,60.416526,0.000572,0.000453,0.000119,1,4,2,1,0,1.0,0,0
2e-06,2,0,114,0,254,0,228000000.0,0.0,0,0,0.002,0.0,0.0,0.0,0.0,12,7,7,7,2,0.0,0,1
7e-06,2,0,114,0,254,0,65142856.0,0.0,0,0,0.007,0.0,0.0,0.0,0.0,10,3,3,3,2,0.0,0,1
1.697187,12,10,994,828,254,252,4298.878418,3516.406982,3,2,151.295088,174.021,0.242069,0.13099,0.111079,4,1,1,1,1,0.0,0,1
0.001015,2,2,146,178,31,29,575369.4375,701477.8125,0,0,0.008,0.006,0.0,0.0,0.0,1,3,2,1,0,0.0,0,0
0.149023,50,46,54596,2484,29,31,2872308.25,130449.6641,21,1,3.041286,3.299511,0.0,0.0,0.0,3,2,2,2,0,0.0,0,0
0.018416,16,18,1540,1644,31,29,627280.625,674630.75,4,4,1.207067,1.055118,0.000598,0.000476,0.000122,18,15,18,13,0,0.0,0,0
1.138381,58,14,68115,612,254,252,470429.5,3998.661133,26,1,19.95314,83.769766,0.126943,0.049365,0.077578,1,18,3,1,1,1.0,0,1
0.44013,10,10,804,1420,62,252,13159.74805,23229.5,2,2,48.806444,43.313332,0.097052,0.050302,0.04675,2,1,2,1,1,1.0,0,1
1.01211,14,18,1684,10168,31,29,12362.29297,75912.69531,3,5,77.825615,59.496765,0.000794,0.000664,0.00013,4,3,2,3,0,1.0,0,0
1e-05,2,0,114,0,254,0,45600000.0,0.0,0,0,0.01,0.0,0.0,0.0,0.0,23,14,14,14,2,0.0,0,1
0.027894,54,56,3302,37226,31,29,929518.9375,10485983.0,7,21,0.520528,0.496764,0.001374,0.000569,0.000805,10,7,10,7,0,0.0,0,0
0.00168,4,4,520,304,31,29,1857142.875,1085714.25,0,0,0.433,0.208333,0.0,0.0,0.0,15,6,8,4,0,0.0,0,0
32.105835,20,14,1244,622,254,252,294.525909,144.023666,4,1,1689.780579,2464.99025,0.113236,0.048076,0.06516,7,2,2,2,1,0.0,0,1
0.001145,2,2,146,178,31,29,510043.6875,621834.0625,0,0,0.011,0.002,0.0,0.0,0.0,1,2,4,2,0,0.0,0,0
0.608866,14,40,994,43560,62,252,12127.46387,558034.125,2,17,46.835845,14.753666,0.067515,0.018501,0.049014,1,1,1,1,1,1.0,0,1
8e-06,2,0,114,0,254,0,57000000.0,0.0,0,0,0.008,0.0,0.0,0.0,0.0,13,3,3,3,2,0.0,0,1
0.005961,18,18,4256,2456,31,29,5395068.0,3113571.5,7,7,0.331765,0.316941,0.000698,0.000568,0.00013,7,6,5,3,0,0.0,0,0
0.529955,46,35,34501,2557,31,29,509492.2813,37497.51953,15,6,11.768844,15.571059,0.000647,0.000535,0.000112,1,1,3,1,0,0.0,0,0
0.001109,2,2,130,162,31,29,468890.9063,584310.1875,0,0,0.01,0.008,0.0,0.0,0.0,2,2,3,1,0,0.0,0,0
0.501772,10,8,2530,354,254,252,36303.34375,4942.483887,2,1,52.909889,66.872859,0.085831,0.033659,0.052172,9,2,2,2,1,0.0,0,1
4e-06,2,0,114,0,254,0,114000000.0,0.0,0,0,0.004,0.0,0.0,0.0,0.0,12,4,5,4,2,0.0,0,1
0.627321,10,10,828,2648,62,252,9513.470703,30402.29688,2,2,69.702333,60.987891,0.120984,0.063437,0.057547,1,1,1,1,1,1.0,0,1
1.013621,14,18,1684,10168,31,29,12343.86426,75799.53906,3,5,77.943846,59.595119,0.001634,0.000502,0.001132,1,6,1,1,0,1.0,0,0
0.207297,10,6,1084,268,254,252,37665.76563,8644.601562,2,1,21.567111,31.695,0.099255,0.048817,0.050438,2,2,2,2,1,4.0,0,1
4e-06,2,0,1286,0,254,0,1286000000.0,0.0,0,0,0.004,0.0,0.0,0.0,0.0,1,1,1,1,2,0.0,0,1
0.242808,90,92,5174,91194,31,29,168594.1094,2971994.25,7,39,2.724483,2.662923,0.000637,0.000478,0.000159,13,2,6,1,0,0.0,0,0
0.223718,8,12,424,8824,31,29,13266.70215,289257.0,1,4,31.907285,20.292182,0.000621,0.000499,0.000122,3,3,2,2,0,0.0,0,0
0.013864,38,40,2438,19420,31,29,1369878.75,10926139.0,7,13,0.365622,0.342667,0.000647,0.000496,0.000151,2,4,2,1,0,0.0,0,0
8e-06,2,0,114,0,254,0,57000000.0,0.0,0,0,0.008,0.0,0.0,0.0,0.0,17,3,4,3,2,0.0,0,1
0.026058,8,10,1044,824,31,29,280604.8125,227799.5313,2,2,3.564143,2.832556,0.000702,0.00056,0.000142,1,3,4,1,0,1.0,0,0
0.022645,44,46,2750,27602,31,29,949613.5625,9539236.0,7,16,0.531167,0.491556,0.000656,0.000522,0.000134,11,4,4,2,0,0.0,0,0
0.482753,16,10,914,556,254,252,14201.87891,8302.381836,5,3,32.127468,47.571223,0.07706,0.054602,0.022458,10,1,1,1,1,0.0,0,1
1.648723,14,12,3054,6854,62,252,13760.95313,30486.625,4,4,126.824851,138.007547,0.299421,0.089516,0.209905,1,1,1,1,1,1.0,0,1
0.0,6,0,384,0,1,0,51.195522,0.0,0,0,10000.861,0.0,0.0,0.0,0.0,2,4,2,2,0,0.0,0,0
0.190852,10,6,1118,268,254,252,42210.71875,9389.474609,2,1,21.205778,33.477801,0.056806,0.011476,0.04533,1,1,1,1,1,1.0,0,1
0.287414,10,8,818,1184,62,252,20513.96094,28836.45117,2,2,31.934889,34.110285,0.030205,0.013411,0.016794,2,1,1,1,1,1.0,0,1
1.1e-05,2,0,168,0,254,0,61090908.0,0.0,0,0,0.011,0.0,0.0,0.0,0.0,6,1,2,1,2,0.0,0,1
0.989965,10,6,1004,268,254,252,7305.308594,1810.164917,2,1,105.104,155.777,0.304209,0.211072,0.093137,3,2,2,1,1,1.0,0,1
5e-06,2,0,200,0,254,0,66666664.0,0.0,0,0,0.012,0.0,0.0,0.0,0.0,23,6,8,6,2,0.0,0,1
0.021639,52,42,37180,3380,31,29,13481214.0,1220019.375,18,8,0.41751,0.515293,0.00064,0.000507,0.000133,1,5,3,1,0,0.0,0,0
9e-06,2,0,114,0,254,0,50666664.0,0.0,0,0,0.009,0.0,0.0,0.0,0.0,6,3,3,3,2,0.0,0,1
0.457562,10,6,902,268,254,252,14196.9834,3916.40918,2,1,47.995778,80.940602,0.125271,0.052855,0.072416,1,1,1,1,1,1.0,0,1
0.488938,10,8,1156,354,254,252,17032.83398,5072.217773,2,1,50.854,65.312,0.092991,0.031735,0.061256,1,1,1,1,1,1.0,0,1
0.935944,10,8,564,354,254,252,4342.140137,2649.731201,2,1,100.770333,123.94057,0.159956,0.068349,0.091607,2,1,5,1,1,0.0,0,1
4e-06,2,0,168,0,254,0,168000000.0,0.0,0,0,0.004,0.0,0.0,0.0,0.0,1,1,1,1,2,0.0,0,1
1.1e-05,2,0,180,0,254,0,65454544.0,0.0,0,0,0.011,0.0,0.0,0.0,0.0,14,14,15,14,2,0.0,0,1
0.946357,10,12,796,6990,62,252,6061.137695,54169.83203,2,4,105.042,79.089366,0.144906,0.076365,0.068541,2,1,1,1,1,1.0,0,1
0.543599,12,8,1034,1236,62,252,13951.45996,15923.50195,2,2,49.418091,75.526,0.047649,0.014261,0.033388,3,2,3,2,1,1.0,0,1
0.561821,10,8,788,914,62,252,10109.98242,11391.5293,2,2,62.322444,60.21557,0.20447,0.140298,0.064172,1,1,1,1,1,1.0,0,1
1.103804,14,18,1684,10168,31,29,11335.3457,69606.5625,3,5,84.880844,64.898059,0.000667,0.000533,0.000134,4,4,2,1,0,1.0,0,0
0.688351,10,6,490,268,254,252,5125.29248,2603.322998,2,1,71.172111,120.406602,0.149856,0.086311,0.063545,9,2,3,2,1,0.0,0,1
1.040863,117,120,7506,14758,31,29,57198.6875,112491.2656,28,31,8.969896,8.741933,0.000705,0.000568,0.000137,25,20,24,4,0,0.0,0,0
0.04889,40,42,2542,22592,31,29,405645.3438,3608918.0,7,14,1.245539,1.179976,0.000639,0.000507,0.000132,4,1,4,1,0,0.0,0,0
1.118896,10,10,784,4242,62,252,5047.833008,27298.33594,2,3,124.321778,110.229111,0.149487,0.098594,0.050893,1,1,1,1,1,1.0,0,1
2.620766,14,12,756,682,254,252,2142.88501,1910.891724,4,4,198.76,228.822812,0.234022,0.103711,0.130311,1,1,2,1,1,0.0,0,1
0.03214,72,74,4238,66608,31,29,1040448.0,16355444.0,7,30,0.447394,0.432301,0.00072,0.000572,0.000148,8,1,2,1,0,0.0,0,0
5e-06,2,0,200,0,254,0,160000000.0,0.0,0,0,0.005,0.0,0.0,0.0,0.0,23,6,8,6,2,0.0,0,1
1.005632,12,18,1580,10168,31,29,11527.0791,76401.70313,3,5,91.389912,59.12441,0.000649,0.00051,0.000139,3,5,3,1,0,1.0,0,0
0.840732,10,8,858,1902,62,252,7355.495117,15843.33691,2,2,93.397778,108.013711,0.124386,0.084632,0.039754,1,2,2,1,1,0.0,0,1
0.807153,10,8,826,1202,62,252,7374.066895,10426.77148,2,2,89.579444,105.91243,0.134244,0.065765,0.068479,3,1,1,3,1,1.0,0,1
0.042338,4,4,568,304,31,29,80495.0625,43081.86719,0,0,9.006333,13.61,0.0,0.0,0.0,6,5,5,3,0,0.0,0,0
0.065209,38,34,2438,19142,31,29,291248.125,2279317.25,7,12,1.762405,1.951758,0.000722,0.000569,0.000153,6,4,3,1,0,0.0,0,0
4e-06,2,0,200,0,254,0,200000000.0,0.0,0,0,0.004,0.0,0.0,0.0,0.0,11,4,8,4,2,0.0,0,1
5.078512,10,18,1152,12804,254,252,1633.549316,19049.67383,2,6,564.200444,292.89936,0.2347,0.099214,0.135486,2,2,2,2,1,1.0,0,1
0.021648,16,18,1540,1644,31,29,533628.9375,573909.8125,4,4,1.423267,1.245823,0.000593,0.000461,0.000132,9,6,10,6,0,0.0,0,0
1.005776,12,18,1580,10168,31,29,11525.42871,76390.76563,3,5,91.401543,59.133707,0.000627,0.000499,0.000128,1,2,1,1,0,1.0,0,0
0.037666,122,126,7818,14990,31,29,1646896.375,3158710.75,30,32,0.308331,0.29979,0.000626,0.000488,0.000138,3,4,3,2,0,0.0,0,0
0.004545,4,4,568,320,31,29,749835.0,422442.25,0,0,1.183,1.013,0.0,0.0,0.0,5,4,3,3,0,0.0,0,0
0.00111,2,2,146,178,31,29,526126.125,641441.4375,0,0,0.01,0.003,0.0,0.0,0.0,3,3,1,1,0,0.0,0,0
0.200022,10,6,792,268,254,252,28516.86328,8959.014648,2,1,20.090444,37.548199,0.061776,0.012272,0.049504,1,1,1,1,1,1.0,0,1
0.951192,6,8,320,1910,31,29,2245.603271,14062.35547,1,2,190.1752,135.808859,0.000667,0.000525,0.000142,3,3,3,2,0,0.0,0,0
0.003899,8,10,1048,824,31,29,1881508.125,1522441.75,2,2,0.510571,0.371556,0.000692,0.000552,0.00014,1,1,6,1,0,1.0,0,0
0.321025,52,42,37220,3380,31,29,909711.0625,82236.58594,18,8,6.28698,7.817049,0.000661,0.000522,0.000139,2,4,5,2,0,0.0,0,0
4e-06,2,0,200,0,254,0,200000000.0,0.0,0,0,0.004,0.0,0.0,0.0,0.0,10,4,5,4,2,0.0,0,1
11.692659,333,687,17798,999390,31,29,12140.9502,682777.75,2,326,35.217973,17.04387,0.000684,0.00056,0.000124,6,3,1,1,0,0.0,0,0
0.001019,2,2,146,178,31,29,573110.9375,698724.25,0,0,0.01,0.007,0.0,0.0,0.0,3,4,2,1,0,0.0,0,0
1.005644,14,18,1684,10168,31,29,12441.7793,76400.79688,3,4,77.331613,59.122175,0.0007,0.000564,0.000136,2,2,3,6,0,1.0,0,0
0.088314,4,4,568,312,31,29,38589.57813,21197.09375,0,0,24.338334,24.284666,0.0,0.0,0.0,9,5,3,2,0,0.0,0,0
0.017866,40,42,2542,21874,31,29,1110041.375,9561849.0,7,14,0.450051,0.422488,0.000695,0.000541,0.000154,5,2,2,1,0,0.0,0,0
0.04635,6,8,320,1932,31,29,46084.14453,291866.25,1,2,9.2048,6.546,0.000662,0.000523,0.000139,2,3,5,2,0,0.0,0,0
0.572645,10,8,1442,354,254,252,18133.39844,4330.780762,2,1,60.984778,73.757711,0.113209,0.05633,0.056879,1,1,1,1,1,0.0,0,1
0.01275,40,42,2558,23470,31,29,1565490.25,14376157.0,7,14,0.318692,0.30505,0.000718,0.000545,0.000173,1,1,1,1,0,0.0,0,0
0.001738,4,4,536,304,31,29,1850402.75,1049482.125,0,0,0.454,0.211,0.0,0.0,0.0,5,5,4,3,0,0.0,0,0
0.001002,2,2,130,162,31,29,518962.0938,646706.625,0,0,0.002,0.004,0.0,0.0,0.0,1,4,1,1,0,0.0,0,0
1.005715,12,18,1580,10168,31,29,11526.12793,76395.39844,3,5,91.396,59.129825,0.000745,0.000502,0.000243,3,5,4,1,0,1.0,0,0
0.041519,52,42,37230,3380,31,29,7035814.5,635853.4375,18,8,0.806588,0.998976,0.000729,0.000556,0.000173,1,3,2,1,0,0.0,0,0
0.027234,52,42,37188,3380,31,29,10713961.0,969376.5625,18,8,0.527275,0.650927,0.000677,0.000542,0.000135,1,3,7,1,0,0.0,0,0
6.948377,82,0,5248,0,254,0,5968.587891,0.0,0,0,85.78243,0.0,0.0,0.0,0.0,2,2,6,2,2,0.0,0,1
1.010601,14,18,1684,10168,31,29,12380.75098,76026.04688,3,5,77.710849,59.417529,0.000625,0.000498,0.000127,1,4,4,3,0,1.0,0,0
1e-05,2,0,114,0,254,0,45600000.0,0.0,0,0,0.01,0.0,0.0,0.0,0.0,6,3,4,3,2,0.0,0,1
0.05163,48,50,2958,32648,31,29,448886.2813,4957737.5,7,18,1.069468,1.042796,0.000672,0.000529,0.000143,2,1,1,1,0,0.0,0,0
1.150954,14,18,1684,10168,31,29,10870.98145,66755.05469,3,5,88.508154,67.671824,0.000676,0.000526,0.00015,1,3,8,1,0,1.0,0,0
1.3e-05,2,0,1274,0,254,0,392000000.0,0.0,0,0,0.013,0.0,0.0,0.0,0.0,1,1,1,1,2,0.0,0,1
0.001747,4,4,520,304,31,29,1785918.625,1044075.563,0,0,0.441333,0.234333,0.0,0.0,0.0,8,7,4,3,0,0.0,0,0
0.947125,10,12,830,5736,62,252,6309.621094,44412.30078,2,3,105.236111,79.058909,0.139914,0.062456,0.077458,1,2,1,1,1,1.0,0,1
0.047039,42,44,2646,24004,31,29,439295.0625,3989710.75,7,15,1.13939,1.081186,0.00069,0.000545,0.000145,6,2,5,1,0,0.0,0,0
0.67798,10,10,794,3478,62,252,8436.827148,36945.04297,2,3,75.331111,62.891778,0.180159,0.084461,0.095698,2,1,2,1,1,1.0,0,1
0.018929,36,38,2334,15722,31,29,959374.5625,6470072.5,7,12,0.531829,0.495351,0.000728,0.000596,0.000132,4,2,2,1,0,0.0,0,0
0.025857,56,58,3390,44906,31,29,1030281.938,13654175.0,7,22,0.463982,0.452607,0.000662,0.000508,0.000154,8,3,5,1,0,0.0,0,0
0.004695,4,4,568,312,31,29,725878.5625,398722.0313,0,0,1.257,1.08,0.0,0.0,0.0,12,3,5,3,0,0.0,0,0
1.041024,14,18,1684,10168,31,29,12018.93555,73804.25781,3,5,80.048536,61.209412,0.000622,0.00046,0.000162,3,8,3,1,0,1.0,0,0
0.004218,8,10,1038,820,31,29,1724039.875,1399715.5,2,2,0.517286,0.416556,0.000578,0.000465,0.000113,2,3,17,1,0,1.0,0,0
1.184547,10,8,842,1382,62,252,5119.256836,8171.900879,2,2,131.616333,158.739,0.140147,0.072624,0.067523,1,1,1,1,1,1.0,0,1
1.088879,14,18,1684,10168,31,29,11490.7168,70560.64063,3,5,83.733923,64.020882,0.000646,0.000518,0.000128,2,5,6,1,0,1.0,0,0
0.023284,52,40,37280,3276,31,29,12562790.0,1097749.5,18,8,0.449608,0.584205,0.000666,0.000495,0.000171,1,1,1,1,0,0.0,0,0
7e-06,2,0,114,0,254,0,65142856.0,0.0,0,0,0.007,0.0,0.0,0.0,0.0,12,3,4,3,2,0.0,0,1
28.833647,28,24,1448,1702,62,252,387.602722,452.804321,7,9,1067.912963,1250.501375,0.155962,0.071212,0.08475,1,2,2,2,1,0.0,0,1
2.487748,12,12,1294,2348,62,252,3817.106934,6923.53125,3,3,226.158915,221.641094,0.150449,0.048969,0.10148,1,2,18,1,1,1.0,0,1
5e-06,2,0,200,0,254,0,160000000.0,0.0,0,0,0.005,0.0,0.0,0.0,0.0,6,7,6,6,2,0.0,0,1
0.54215,126,124,12648,13202,31,29,185159.0781,193245.4063,35,33,4.3372,4.437918,0.000757,0.000597,0.00016,4,2,1,1,0,0.0,0,0
1.645584,8,8,364,546,62,252,1550.817261,2323.795166,1,2,235.083438,217.314719,0.202152,0.094683,0.107469,1,1,1,1,1,0.0,0,1
0.786057,10,12,834,6354,62,252,7643.211426,59283.23438,2,3,87.339667,60.562636,0.155207,0.08468,0.070527,1,1,1,1,1,1.0,0,1
0.140059,66,68,3926,57202,31,29,220878.3594,3219272.0,7,27,2.149677,2.081254,0.000763,0.000604,0.000159,7,1,2,1,0,0.0,0,0
0.079678,92,92,5278,90266,31,29,524209.9375,8964583.0,7,39,0.871385,0.870385,0.000605,0.000466,0.000139,19,1,3,1,0,0.0,0,0
0.19243,10,6,848,268,254,252,31762.19922,9312.476562,2,1,21.381111,34.682602,0.064907,0.01411,0.050797,1,1,1,1,1,1.0,0,1
0.860607,10,10,836,1248,62,252,6999.710449,10448.43848,2,2,95.623,86.487109,0.1286,0.060092,0.068508,4,1,1,4,1,4.0,0,1
0.637705,10,6,798,268,254,252,9019.84375,2810.07666,2,1,62.908667,113.640398,0.126846,0.069494,0.057352,4,1,1,1,1,1.0,0,1
1.005705,12,18,1580,10168,31,29,11526.24316,76396.15625,3,5,91.39573,59.125587,0.00071,0.000554,0.000156,2,2,6,1,0,1.0,0,0
0.00358,20,18,1366,1936,31,29,2900558.75,4087150.75,5,4,0.188421,0.162353,0.000838,0.000682,0.000156,21,4,8,1,0,0.0,0,0
0.437893,16,6,11380,268,254,252,194915.1875,4092.323975,5,1,25.885599,78.964203,0.121824,0.043069,0.078755,2,1,18,1,1,1.0,0,1
6.002924,366,706,20692,897208,31,29,27501.26367,1194002.125,32,320,16.445469,8.514126,0.000582,0.000461,0.000121,4,1,3,1,0,0.0,0,0
0.376255,28,30,4368,3080,31,29,89556.28125,63318.75781,7,7,13.923593,12.956207,0.000644,0.000521,0.000123,8,4,4,3,0,0.0,0,0
7e-06,2,0,114,0,254,0,65142856.0,0.0,0,0,0.007,0.0,0.0,0.0,0.0,7,3,3,3,2,0.0,0,1
1.345634,368,746,19618,1087890,31,29,116316.9219,6459004.5,2,370,3.66573,1.805506,0.000655,0.000529,0.000126,1,4,4,1,0,1.0,0,0
4e-06,2,0,200,0,254,0,266666656.0,0.0,0,0,0.003,0.0,0.0,0.0,0.0,14,6,9,5,2,0.0,0,1
1.010974,12,18,1580,10168,31,29,11466.16992,75997.99219,3,5,91.874456,59.438415,0.000653,0.000513,0.00014,1,1,1,1,0,1.0,0,0
0.654259,14,8,7976,354,254,252,90569.63281,3790.547607,4,1,50.327614,75.773141,0.180809,0.123201,0.057608,1,2,1,1,1,1.0,0,1
5.411692,66,368,3214,482261,254,252,4680.236816,710980.5625,2,181,83.2554,14.533106,0.181316,0.09256,0.088756,5,4,3,4,1,4.0,0,1
0.540014,10,6,914,268,254,252,12192.27539,3318.432373,2,1,52.378667,89.915797,0.135495,0.090427,0.045068,1,2,1,1,1,1.0,0,1
1.866523,62,372,3506,482825,254,252,14786.85254,2063850.25,2,184,30.598737,5.022481,0.054186,0.007437,0.046749,1,1,1,1,1,1.0,0,1
1.010689,14,18,1684,10168,31,29,12379.67383,76019.42969,3,5,77.718,59.420176,0.000664,0.000543,0.000121,1,3,4,6,0,1.0,0,0
1.2e-05,2,0,114,0,254,0,38000000.0,0.0,0,0,0.012,0.0,0.0,0.0,0.0,16,7,7,7,2,0.0,0,1
0.05478,42,44,2646,25864,31,29,377217.9688,3691420.25,7,15,1.328244,1.260395,0.000729,0.000577,0.000152,17,4,12,1,0,0.0,0,0
0.041365,66,68,3926,55114,31,29,747878.625,10502405.0,7,27,0.630154,0.608731,0.000719,0.000572,0.000147,10,1,4,1,0,0.0,0,0
0.001028,2,2,146,178,31,29,568093.375,692607.0,0,0,0.007,0.009,0.0,0.0,0.0,5,2,4,1,0,0.0,0,0
0.779243,10,16,800,14990,62,252,7391.789062,144283.625,2,6,86.567556,48.096998,0.156721,0.105882,0.050839,1,1,1,1,1,1.0,0,1
2e-06,2,0,114,0,254,0,228000000.0,0.0,0,0,0.002,0.0,0.0,0.0,0.0,9,2,2,2,2,0.0,0,1
4e-06,2,0,114,0,254,0,114000000.0,0.0,0,0,0.004,0.0,0.0,0.0,0.0,10,3,3,3,2,0.0,0,1
0.005004,8,10,1044,824,31,29,1461231.0,1186251.0,2,2,0.665286,0.494222,0.000693,0.000553,0.00014,1,1,5,1,0,1.0,0,0
3e-06,2,0,114,0,254,0,152000000.0,0.0,0,0,0.003,0.0,0.0,0.0,0.0,18,7,7,7,2,0.0,0,1
1.190865,52,42,37430,3380,31,29,246617.3594,22168.75977,18,8,23.342256,29.025635,0.000946,0.00081,0.000136,3,2,2,1,0,0.0,0,0
7e-06,2,0,114,0,254,0,65142856.0,0.0,0,0,0.007,0.0,0.0,0.0,0.0,7,3,3,3,2,0.0,0,1
0.000977,2,2,146,178,31,29,597748.1875,728761.5,0,0,0.003,0.005,0.0,0.0,0.0,1,3,4,2,0,0.0,0,0
0.285939,26,26,4520,2872,31,29,121620.3438,77275.21875,7,7,11.4228,11.41836,0.000602,0.000476,0.000126,15,33,10,6,0,0.0,0,0
1.898953,10,10,936,2836,62,252,3551.430664,10755.40039,2,2,210.994778,191.192563,0.279489,0.150409,0.12908,1,1,1,1,1,1.0,0,1
0.622816,10,6,950,268,254,252,10982.37598,2877.25415,2,1,64.628333,107.713398,0.165242,0.084244,0.080998,1,1,10,1,1,1.0,0,1
0.00443,4,4,568,304,31,29,769300.1875,411738.125,0,0,1.164667,0.999,0.0,0.0,0.0,9,4,3,3,0,0.0,0,0
0.002392,2,2,146,178,31,29,244147.1563,297658.8438,0,0,0.004,0.003,0.0,0.0,0.0,1,7,3,1,0,0.0,0,0
0.215157,10,12,806,8088,62,252,26994.24023,275668.4688,2,4,23.906333,17.612636,0.05834,0.01143,0.04691,1,1,1,1,1,1.0,0,1
1.034601,12,18,1580,10168,31,29,11204.31934,74262.44531,3,5,94.024364,60.828821,0.000643,0.000508,0.000135,3,2,3,3,0,1.0,0,0
0.191985,66,68,3926,54462,31,29,161137.5938,2236091.5,7,27,2.948631,2.856,0.000787,0.000626,0.000161,9,5,4,2,0,0.0,0,0
1.1e-05,2,0,114,0,254,0,41454544.0,0.0,0,0,0.011,0.0,0.0,0.0,0.0,17,7,7,7,2,0.0,0,1
1e-05,2,0,200,0,254,0,80000000.0,0.0,0,0,0.01,0.0,0.0,0.0,0.0,11,3,6,3,2,0.0,0,1
1.005918,12,18,1580,10168,31,29,11523.80176,76379.98438,3,5,91.415634,59.139585,0.000694,0.000541,0.000153,3,2,3,1,0,1.0,0,0
0.843474,14,10,774,556,254,252,6819.416016,4751.776855,4,3,64.882613,88.638555,0.061122,0.024898,0.036224,5,2,2,2,1,0.0,0,1
0.012953,32,36,2126,14042,31,29,1272292.125,8431715.0,7,11,0.407097,0.3548,0.000929,0.000532,0.000397,5,2,4,2,0,0.0,0,0
0.001018,2,2,130,162,31,29,510805.5313,636542.25,0,0,0.002,0.01,0.0,0.0,0.0,8,2,3,2,0,0.0,0,0
0.049563,60,62,3598,46566,31,29,571232.5625,7395032.5,7,24,0.83461,0.803984,0.000648,0.000518,0.00013,8,9,4,2,0,0.0,0,0
1.005894,14,18,1684,10168,31,29,12438.6875,76381.8125,3,5,77.349156,59.140941,0.000624,0.000494,0.00013,1,3,3,1,0,1.0,0,0
1e-05,2,0,200,0,254,0,80000000.0,0.0,0,0,0.01,0.0,0.0,0.0,0.0,6,2,2,2,2,0.0,0,1
9.0756,128,124,12752,13106,31,29,11153.42285,11460.17969,35,32,71.461415,73.779661,0.000718,0.000561,0.000157,1,1,1,1,0,0.0,0,0
0.017492,48,50,2990,33818,31,29,1339126.5,15157558.0,7,18,0.365362,0.344816,0.000749,0.000585,0.000164,9,8,2,1,0,0.0,0,0
0.834435,10,8,864,3252,62,252,7458.939453,27285.5293,2,2,92.701889,106.552,0.19381,0.08857,0.10524,1,2,2,1,1,1.0,0,1
0.50538,10,8,2550,354,254,252,36329.10156,4907.19873,2,1,52.482333,64.104285,0.113123,0.056643,0.05648,9,3,2,2,1,0.0,0,1
0.036821,36,38,2334,16632,31,29,493196.8125,3518644.25,7,12,1.042857,0.980405,0.0007,0.000542,0.000158,7,2,4,2,0,0.0,0,0
0.031367,4,4,568,304,31,29,108649.2188,58150.28516,0,0,5.364,9.977333,0.0,0.0,0.0,11,15,8,4,0,0.0,0,0
4e-06,2,0,114,0,254,0,114000000.0,0.0,0,0,0.004,0.0,0.0,0.0,0.0,14,7,7,7,2,0.0,0,1
2.353488,18,20,1006,4186,62,252,3232.648682,13518.6582,6,8,138.440471,118.588208,0.176911,0.099644,0.077267,2,1,1,1,1,0.0,0,1
0.001062,2,2,146,178,31,29,549905.8125,670433.125,0,0,0.01,0.008,0.0,0.0,0.0,2,1,1,1,0,0.0,0,0
0.001067,2,2,146,178,31,29,547329.0,667291.5,0,0,0.008,0.008,0.0,0.0,0.0,1,4,4,1,0,0.0,0,0
0.011007,62,58,5928,8010,31,29,4239484.0,5721450.0,14,17,0.180443,0.179842,0.000777,0.000622,0.000155,1,2,1,1,0,0.0,0,0
0.02858,8,10,1040,824,31,29,254723.5781,207697.6875,2,2,4.024143,3.117889,0.00064,0.000514,0.000126,2,1,2,1,0,1.0,0,0
0.011949,42,40,2646,20902,31,29,1729349.75,13644657.0,7,14,0.283341,0.289949,0.000785,0.000631,0.000154,9,4,2,1,0,0.0,0,0
1.010751,12,18,1580,10168,31,29,11468.7002,76014.76563,3,5,91.855726,59.429528,0.000569,0.000445,0.000124,18,6,8,3,0,6.0,0,0
0.001076,2,2,146,178,31,29,542750.9375,661710.0,0,0,0.011,0.009,0.0,0.0,0.0,3,5,3,1,0,0.0,0,0
0.001069,2,2,130,162,31,29,486435.9375,606174.0,0,0,0.01,0.008,0.0,0.0,0.0,8,3,2,1,0,0.0,0,0
0.458455,10,6,598,268,254,252,9405.50293,3908.780518,2,1,50.801556,74.226797,0.203315,0.087318,0.115997,8,5,3,7,1,1.0,0,1
1.604911,130,122,12856,13098,31,29,63594.80469,64756.23828,35,33,12.44117,13.258008,0.000934,0.000552,0.000382,24,4,9,2,0,0.0,0,0
2.129974,14,18,1684,10168,31,29,5874.250488,36071.80469,3,5,163.815611,125.260824,0.000675,0.000536,0.000139,3,4,3,2,0,1.0,0,0
0.484773,52,42,37220,3380,31,29,602426.25,54458.47656,18,8,9.497902,11.811269,0.000645,0.000504,0.000141,20,16,16,4,0,0.0,0,0
0.001057,2,2,146,178,31,29,552507.0625,673604.5,0,0,0.011,0.008,0.0,0.0,0.0,4,3,2,1,0,0.0,0,0
0.278887,10,6,642,268,254,252,16580.19141,6425.541504,2,1,28.052,41.873398,0.106365,0.069519,0.036846,7,2,2,2,1,0.0,0,1
0.22335,14,6,8928,320,31,29,296968.875,9563.464844,4,1,17.18077,44.534199,0.000688,0.000536,0.000152,10,3,7,3,0,0.0,0,0
0.004961,18,18,3824,2456,31,29,5824632.5,3741181.25,7,7,0.273882,0.260059,0.000707,0.000537,0.00017,6,5,3,2,0,0.0,0,0
0.953494,52,54,2934,3742,31,29,24146.97852,30817.18359,11,15,18.68951,17.979547,0.000737,0.000574,0.000163,2,3,7,3,0,0.0,0,0
3e-06,2,0,168,0,254,0,224000000.0,0.0,0,0,0.003,0.0,0.0,0.0,0.0,2,1,1,1,2,0.0,0,1
0.016923,48,50,2958,32586,31,29,1369497.25,15096615.0,7,18,0.352915,0.339771,0.00076,0.000603,0.000157,10,3,5,3,0,0.0,0,0
1e-06,2,0,114,0,254,0,456000000.0,0.0,0,0,0.001,0.0,0.0,0.0,0.0,10,7,7,7,2,0.0,0,1
3.099979,28,20,15830,1834,62,252,39393.81641,4498.095215,11,8,114.814041,155.481109,0.256756,0.144979,0.111777,1,2,2,2,1,0.0,0,1
0.001095,2,2,146,178,31,29,533333.375,650228.3125,0,0,0.012,0.008,0.0,0.0,0.0,3,1,2,1,0,0.0,0,0
0.37235,10,8,788,2740,62,252,15254.46484,51521.41797,2,2,41.372222,43.000285,0.089206,0.04719,0.042016,2,1,2,2,1,1.0,0,1
0.001019,2,2,130,162,31,29,510304.25,635917.5625,0,0,0.01,0.008,0.0,0.0,0.0,5,5,4,2,0,0.0,0,0
0.001048,2,2,146,178,31,29,557251.9375,679389.375,0,0,0.006,0.006,0.0,0.0,0.0,3,4,1,1,0,0.0,0,0
0.479645,52,38,37232,3172,31,29,609050.4375,51521.4375,18,8,9.398117,12.948703,0.000685,0.000535,0.00015,1,6,5,4,0,0.0,0,0
0.627164,10,8,756,1568,62,252,8686.722656,17501.00391,2,2,69.684889,74.918711,0.111181,0.048425,0.062756,1,17,1,1,1,1.0,0,1
0.497514,52,40,37232,3276,31,29,587175.4375,51375.4375,18,8,9.746451,12.742,0.000725,0.000573,0.000152,22,9,25,6,0,0.0,0,0
0.013663,42,44,2646,24330,31,29,1512405.75,13922564.0,7,15,0.324756,0.302907,0.000784,0.000627,0.000157,11,2,2,2,0,0.0,0,0
0.52547,10,6,546,268,254,252,7490.437012,3410.280273,2,1,54.388889,88.713203,0.144288,0.081893,0.062395,7,2,3,2,1,0.0,0,1
1.207166,60,14,68189,612,254,252,444366.4063,3770.81543,27,1,20.093254,84.588766,0.207647,0.107507,0.10014,6,1,3,2,1,1.0,0,1
1.005852,12,18,1580,10168,31,29,11524.55859,76385.0,3,5,91.409547,59.138881,0.000608,0.000487,0.000121,3,2,5,5,0,1.0,0,0
0.914315,10,10,1194,4010,62,252,9405.949219,31577.73828,2,3,101.437889,89.923889,0.167958,0.104996,0.062962,1,1,2,1,1,1.0,0,1
7e-06,2,0,114,0,254,0,65142856.0,0.0,0,0,0.007,0.0,0.0,0.0,0.0,9,4,5,4,2,0.0,0,1
0.082814,54,42,38120,3380,31,29,3614364.75,318786.6875,19,8,1.555887,2.003415,0.000814,0.00067,0.000144,2,4,5,1,0,0.0,0,0
0.223447,14,6,8928,320,31,29,296839.9688,9559.314453,4,1,17.188231,44.567801,0.000597,0.000475,0.000122,6,7,5,3,0,0.0,0,0
4.865422,86,520,4152,676140,62,252,6748.027344,1109609.875,2,257,57.240261,9.24752,0.102235,0.055548,0.046687,2,1,2,1,1,1.0,0,1
0.017915,48,50,2990,33818,31,29,1307507.75,14799666.0,7,18,0.374745,0.359167,0.000822,0.000664,0.000158,4,6,2,1,0,0.0,0,0
0.004967,18,18,4456,2456,31,29,6779142.5,3736662.0,7,7,0.272471,0.259882,0.000702,0.000545,0.000157,11,6,5,3,0,0.0,0,0
0.003983,6,8,320,1864,31,29,536279.1875,3275922.75,1,2,0.7294,0.493286,0.000655,0.000526,0.000129,3,4,4,3,0,0.0,0,0
4e-06,2,0,114,0,254,0,114000000.0,0.0,0,0,0.004,0.0,0.0,0.0,0.0,11,4,4,4,2,0.0,0,1
0.046358,6,8,320,1882,31,29,46076.1875,284222.7813,1,2,9.2032,6.551714,0.000634,0.000492,0.000142,3,3,3,2,0,0.0,0,0
0.003937,10,12,528,8824,31,29,967233.9375,16436881.0,1,4,0.393667,0.312636,0.000625,0.000494,0.000131,3,4,5,4,0,0.0,0,0
8e-06,2,0,114,0,254,0,57000000.0,0.0,0,0,0.008,0.0,0.0,0.0,0.0,14,5,5,5,2,0.0,0,1
0.000482,4,2,208,104,31,29,2589211.5,863070.5625,0,0,0.160667,0.003,0.0,0.0,0.0,2,3,5,3,0,0.0,0,0
0.664599,10,6,886,268,254,252,9605.791992,2696.362793,2,1,70.987111,116.502797,0.131547,0.082076,0.049471,1,19,1,1,1,1.0,0,1
0.005536,22,24,2054,2478,31,29,2833815.25,3432081.0,6,6,0.247095,0.216913,0.000666,0.000536,0.00013,6,2,1,1,0,0.0,0,0
7e-06,2,0,200,0,254,0,114285712.0,0.0,0,0,0.007,0.0,0.0,0.0,0.0,10,3,7,3,2,0.0,0,1
0.022285,52,42,37342,3380,31,29,13147499.0,1184653.375,18,8,0.430098,0.530341,0.000669,0.000535,0.000134,1,1,5,1,0,0.0,0,0
3e-06,2,0,114,0,254,0,152000000.0,0.0,0,0,0.003,0.0,0.0,0.0,0.0,6,2,2,2,2,0.0,0,1
4e-06,2,0,114,0,254,0,114000000.0,0.0,0,0,0.004,0.0,0.0,0.0,0.0,10,7,7,7,2,0.0,0,1
1e-05,2,0,114,0,254,0,45600000.0,0.0,0,0,0.01,0.0,0.0,0.0,0.0,7,4,6,4,2,0.0,0,1
5e-06,2,0,180,0,254,0,144000000.0,0.0,0,0,0.005,0.0,0.0,0.0,0.0,4,3,3,2,2,0.0,0,1
1e-06,2,0,114,0,254,0,456000000.0,0.0,0,0,0.001,0.0,0.0,0.0,0.0,9,4,4,4,2,0.0,0,1
0.885727,52,54,2934,3742,31,29,25994.4668,33175.00781,11,15,17.360804,16.702283,0.000633,0.000501,0.000132,1,5,6,4,0,0.0,0,0
0.001764,4,4,512,304,31,29,1741496.5,1034013.563,0,0,0.450667,0.221667,0.0,0.0,0.0,8,7,2,2,0,0.0,0,0
0.001034,2,2,146,178,31,29,564796.9375,688588.0625,0,0,0.002,0.007,0.0,0.0,0.0,3,2,3,1,0,0.0,0,0
1.026992,10,8,812,1150,62,252,5694.299805,7844.267578,2,2,114.110222,132.170578,0.171375,0.066739,0.104636,1,2,2,2,1,1.0,0,1
0.027003,38,40,2438,19266,31,29,703329.25,5565307.5,7,13,0.720649,0.697237,0.000637,0.000504,0.000133,12,2,5,1,0,0.0,0,0
0.025183,64,66,3806,50952,31,29,1190326.875,15940913.0,7,26,0.39373,0.378077,0.000782,0.000601,0.000181,16,6,8,1,0,0.0,0,0
1e-05,2,0,114,0,254,0,45600000.0,0.0,0,0,0.01,0.0,0.0,0.0,0.0,7,4,4,4,2,0.0,0,1
7e-06,2,0,200,0,254,0,114285712.0,0.0,0,0,0.007,0.0,0.0,0.0,0.0,6,2,3,2,2,0.0,0,1
0.001019,2,2,132,164,31,29,518155.0625,643768.4375,0,0,0.006,0.01,0.0,0.0,0.0,4,3,5,2,0,0.0,0,0
0.707472,12,10,1454,2826,254,252,15073.3877,28767.21484,3,3,64.315635,71.726891,0.122199,0.061201,0.060998,1,3,3,4,1,1.0,0,1
0.223329,8,12,424,8824,31,29,13289.81055,289760.8438,1,4,31.858,20.252637,0.000698,0.000546,0.000152,14,2,3,2,0,0.0,0,0
0.773963,14,10,774,556,254,252,7431.879883,5178.54248,4,3,57.580694,79.967,0.126698,0.054249,0.072449,5,1,5,1,1,0.0,0,1
1.018025,10,8,934,354,254,252,6608.875,2436.089355,2,1,107.606111,134.726859,0.204644,0.074927,0.129717,5,1,1,1,1,0.0,0,1
0.014836,16,18,1540,1644,31,29,778646.5,837422.5,4,4,0.9662,0.845647,0.000583,0.000457,0.000126,13,5,7,4,0,0.0,0,0
0.645662,10,8,812,956,62,252,9057.370117,10370.75098,2,2,71.632667,85.465,0.13294,0.047398,0.085542,1,1,1,1,1,1.0,0,1
1.004991,12,18,1580,10168,31,29,11534.43066,76450.42969,3,5,91.329,59.084414,0.00068,0.000552,0.000128,6,4,6,2,0,6.0,0,0
0.485802,32,24,3728,5474,31,29,59481.02344,86389.10938,7,7,15.671033,21.090738,0.000734,0.000578,0.000156,2,3,3,2,0,0.0,0,0
1.337164,22,34,1042,23908,62,252,5952.896973,138831.1406,7,15,63.674476,38.467455,0.13315,0.067148,0.066002,1,1,3,1,1,0.0,0,1
0.016935,44,46,2766,28558,31,29,1277354.625,13197756.0,7,16,0.386116,0.362178,0.000766,0.000628,0.000138,14,2,2,1,0,0.0,0,0
0.001105,2,2,146,178,31,29,528506.75,644343.875,0,0,0.01,0.009,0.0,0.0,0.0,2,3,4,2,0,0.0,0,0
0.766203,22,36,1054,26258,62,252,10514.18555,266550.7813,7,16,36.485856,21.603343,0.051306,0.006211,0.045095,1,1,1,1,1,0.0,0,1
0.001086,2,2,146,178,31,29,537753.25,655616.9375,0,0,0.018,0.012,0.0,0.0,0.0,3,3,3,2,0,0.0,0,0
0.849153,10,8,1270,354,254,252,10768.37793,2920.557373,2,1,90.225444,111.67543,0.14377,0.06742,0.07635,4,2,14,2,1,1.0,0,1
1.1e-05,2,0,200,0,254,0,72727272.0,0.0,0,0,0.011,0.0,0.0,0.0,0.0,15,3,3,3,2,0.0,0,1
0.004018,8,10,1044,824,31,29,1819810.875,1477352.0,2,2,0.524,0.383889,0.000714,0.000559,0.000155,1,9,8,7,0,1.0,0,0
0.112411,66,68,3926,56716,31,29,275204.375,3976977.25,7,27,1.723062,1.66906,0.000717,0.000573,0.000144,10,3,11,2,0,0.0,0,0
0.267981,10,8,852,3086,62,252,22897.14648,80632.58594,2,2,29.775667,37.317855,0.052392,0.00608,0.046312,1,1,1,1,1,1.0,0,1
1.614729,12,14,1260,2232,62,252,5722.322266,10270.4541,3,3,146.793543,118.101539,0.172452,0.062301,0.110151,2,1,2,1,1,1.0,0,1
1.005657,12,18,1580,10168,31,29,11526.79297,76399.8125,3,5,91.394092,59.123825,0.00068,0.000548,0.000132,1,2,2,1,0,1.0,0,0
5e-06,2,0,534,0,254,0,427200000.0,0.0,0,0,0.005,0.0,0.0,0.0,0.0,4,1,1,1,2,0.0,0,1
4e-06,2,0,114,0,254,0,114000000.0,0.0,0,0,0.004,0.0,0.0,0.0,0.0,7,3,3,3,2,0.0,0,1
0.123136,4,4,528,304,31,29,25727.65039,14812.88965,0,0,35.671,36.657668,0.0,0.0,0.0,5,3,2,2,0,0.0,0,0
0.355933,10,8,1000,1866,254,252,20228.52539,36703.53516,2,2,39.548111,36.52257,0.086015,0.0368,0.049215,2,1,1,1,1,1.0,0,1
0.000936,2,2,146,178,31,29,623931.625,760683.75,0,0,0.008,0.003,0.0,0.0,0.0,1,4,1,1,0,0.0,0,0
0.18561,10,6,810,268,254,252,31420.7207,9654.652344,2,1,18.817556,35.554,0.053086,0.007832,0.045254,2,1,1,1,1,1.0,0,1
0.247369,4,4,568,304,31,29,13776.98828,7373.599609,0,0,77.332,77.333,0.0,0.0,0.0,3,5,2,2,0,0.0,0,0
0.022178,52,54,2934,3742,31,29,1038145.938,1324916.625,11,15,0.428627,0.408792,0.000646,0.000508,0.000138,1,6,8,5,0,0.0,0,0
1.446796,12,12,634,682,254,252,3218.145508,3461.441895,3,4,131.44854,124.24882,0.121037,0.080056,0.040981,3,3,4,3,1,0.0,0,1
0.398611,28,30,4936,3080,31,29,95531.73438,59767.54297,7,7,14.750741,13.726482,0.000663,0.000539,0.000124,8,3,4,3,0,0.0,0,0
1.1e-05,2,0,114,0,254,0,41454544.0,0.0,0,0,0.011,0.0,0.0,0.0,0.0,7,3,3,3,2,0.0,0,1
8e-06,2,0,200,0,254,0,100000000.0,0.0,0,0,0.008,0.0,0.0,0.0,0.0,10,6,10,6,2,0.0,0,1
0.242918,8,12,424,8824,31,29,12218.11523,266394.4063,1,4,34.652142,22.039363,0.000627,0.000481,0.000146,2,3,5,2,0,0.0,0,0
0.001128,2,2,146,178,31,29,517730.5,631205.6875,0,0,0.01,0.008,0.0,0.0,0.0,5,3,2,1,0,0.0,0,0
1.000474,10,8,822,354,254,252,5917.195312,2478.825195,2,1,106.801778,132.754141,0.140027,0.071187,0.06884,1,1,1,1,1,1.0,0,1
5.722731,162,1048,7466,1368815,62,252,10372.66992,1911687.25,2,522,35.544913,5.464148,0.05041,0.006487,0.043923,1,1,1,1,1,1.0,0,1
0.104508,74,74,4342,65938,31,29,327936.625,4979293.5,7,30,1.427,1.424219,0.000682,0.000534,0.000148,11,3,3,1,0,0.0,0,0
0.001017,2,2,146,178,31,29,574238.0,700098.375,0,0,0.001,0.008,0.0,0.0,0.0,2,1,2,1,0,0.0,0,0
0.093232,60,62,3614,45854,31,29,304959.6875,3871203.0,7,24,1.574576,1.518951,0.000739,0.000573,0.000166,7,3,5,1,0,0.0,0,0
0.807527,10,8,564,354,254,252,5032.648926,3071.104736,2,1,83.433,108.290289,0.148313,0.049492,0.098821,2,4,1,1,1,0.0,0,1
0.067879,48,50,2958,31788,31,29,341431.0938,3671592.25,7,18,1.435936,1.374469,0.000661,0.000526,0.000135,11,5,6,2,0,0.0,0,0
0.186051,10,6,798,268,254,252,30916.25391,9631.767578,2,1,19.154556,35.756801,0.052895,0.007256,0.045639,1,1,2,1,1,0.0,0,1
0.718675,18,58,1118,68369,62,252,11754.96582,747943.0625,2,27,42.275,12.276158,0.035173,0.018286,0.016887,1,1,1,1,1,0.0,0,1
0.355764,54,38,37892,3172,31,29,836307.1875,69461.78125,19,8,6.834847,9.600892,0.000649,0.000522,0.000127,2,3,4,1,0,0.0,0,0
0.184159,10,6,1526,268,254,252,59687.55469,9730.72168,2,1,18.655778,35.448,0.052093,0.006909,0.045184,1,1,1,1,1,1.0,0,1
1.087126,14,12,786,682,254,252,5371.962402,4606.641602,4,4,82.005536,90.045367,0.150963,0.096622,0.054341,2,2,1,1,1,0.0,0,1
1.448995,10,8,838,1140,62,252,4168.40625,5510.025879,2,2,160.999444,192.707859,0.212662,0.099385,0.113277,2,1,2,1,1,1.0,0,1
0.060043,60,62,3614,45396,31,29,473527.3125,5950935.0,7,24,1.012152,0.975213,0.000697,0.000553,0.000144,7,8,3,3,0,0.0,0,0
1.126128,10,10,912,2522,62,252,5832.374512,16126.05371,2,2,125.086222,116.062781,0.147249,0.081554,0.065695,1,1,1,1,1,1.0,0,1
1.374503,14,18,1684,10168,31,29,9102.926758,55898.02344,3,5,105.705231,80.822,0.00065,0.000526,0.000124,2,5,1,1,0,1.0,0,0
0.486605,8,10,364,3754,62,252,5244.500488,55552.24609,1,3,69.514998,51.845778,0.069605,0.019403,0.050202,3,2,6,2,1,0.0,0,1
0.184204,10,8,748,1276,62,252,29271.89453,48511.43359,2,2,20.467111,23.834857,0.024731,0.011653,0.013078,1,1,1,1,1,1.0,0,1
1e-06,2,0,114,0,254,0,456000000.0,0.0,0,0,0.001,0.0,0.0,0.0,0.0,10,7,7,7,2,0.0,0,1
5e-06,2,0,180,0,254,0,144000000.0,0.0,0,0,0.005,0.0,0.0,0.0,0.0,8,5,4,4,2,0.0,0,1
7e-06,2,0,200,0,254,0,200000000.0,0.0,0,0,0.004,0.0,0.0,0.0,0.0,10,6,9,6,2,0.0,0,1
0.005972,22,24,1920,4312,31,29,2455458.75,5536504.0,6,6,0.268429,0.231391,0.000786,0.00064,0.000146,8,1,3,1,0,0.0,0,0
0.000959,2,2,146,178,31,29,608967.6875,742440.0,0,0,0.001,0.003,0.0,0.0,0.0,2,6,1,1,0,0.0,0,0
0.679092,18,24,994,11474,62,252,11061.83008,129537.6797,6,10,39.946588,29.180391,0.060596,0.007424,0.053172,3,1,1,1,1,0.0,0,1
0.642668,10,8,780,3096,62,252,8738.571289,33721.92188,2,2,71.294111,73.934711,0.202546,0.125114,0.077432,7,1,4,1,1,0.0,0,1
1.393393,34,170,1786,217071,62,252,9955.554688,1238961.25,2,83,42.22403,7.777894,0.126857,0.059595,0.067262,2,1,1,1,1,0.0,0,1
0.039909,78,80,4550,73698,31,29,900448.5,14588589.0,7,33,0.514182,0.498785,0.000636,0.000499,0.000137,3,4,2,1,0,0.0,0,0
1.03375,12,18,1580,10168,31,29,11213.54199,74323.57813,3,5,93.943091,60.779355,0.000633,0.000497,0.000136,1,4,3,1,0,1.0,0,0
1.2e-05,2,0,114,0,254,0,38000000.0,0.0,0,0,0.012,0.0,0.0,0.0,0.0,7,4,4,4,2,0.0,0,1
1.005839,14,18,1684,10168,31,29,12439.36621,76385.98438,3,5,77.344846,59.138588,0.000608,0.000474,0.000134,5,4,3,2,0,1.0,0,0
0.743831,20,26,968,11168,62,252,9894.720703,115499.3594,7,11,39.148999,28.758759,0.066776,0.021259,0.045517,2,1,1,1,1,0.0,0,1
1.07432,8,10,364,3754,62,252,2375.456299,25161.96484,1,3,153.474286,111.513,0.189008,0.070011,0.118997,4,2,2,2,1,0.0,0,1
19.138548,328,2024,14872,2803593,62,252,6197.753418,1171335.625,2,1010,58.707217,9.419302,0.191237,0.092196,0.099041,1,1,1,1,1,1.0,0,1
0.001107,2,2,146,178,31,29,527551.9375,643179.75,0,0,0.021,0.013,0.0,0.0,0.0,1,2,3,1,0,0.0,0,0
0.270132,10,8,788,994,62,252,21026.75781,25765.18164,2,2,30.014667,35.933285,0.048172,0.017935,0.030237,1,1,17,1,1,1.0,0,1
0.683784,10,8,812,2270,62,252,8552.408203,23247.10742,2,2,75.976,89.514,0.102733,0.056551,0.046182,1,2,4,1,1,1.0,0,1
0.904129,12,8,1004,750,254,252,8149.279297,5813.32959,3,2,74.696456,116.096289,0.138626,0.091445,0.047181,6,1,1,1,1,0.0,0,1
0.18003,10,6,484,268,254,252,19374.54883,9953.896484,2,1,19.058667,28.2684,0.048531,0.038677,0.009854,13,5,5,5,1,0.0,0,1
0.004882,4,4,568,320,31,29,698074.5625,393281.4375,0,0,1.246667,1.118,0.0,0.0,0.0,10,4,7,3,0,0.0,0,0
0.438215,10,10,774,4232,62,252,12724.34766,69536.64844,2,3,48.690556,46.627667,0.048838,0.017445,0.031393,1,1,1,1,1,1.0,0,1
1.684959,10,8,850,354,254,252,3632.135742,1471.845825,2,1,184.239,226.689578,0.17745,0.098123,0.079327,1,1,1,1,1,1.0,0,1
0.019957,52,54,3182,39694,31,29,1251089.875,15617177.0,7,20,0.384784,0.365679,0.000696,0.000565,0.000131,3,1,2,1,0,0.0,0,0
0.006048,22,24,1920,4312,31,29,2424603.25,5466931.5,6,6,0.271143,0.237304,0.000747,0.000583,0.000164,11,4,1,1,0,0.0,0,0
0.521403,10,8,534,354,254,252,7380.087891,4756.397461,2,1,57.933667,68.75157,0.112186,0.039614,0.072572,3,1,1,1,1,0.0,0,1
2.198563,10,8,1096,354,254,252,3591.436523,1128.009521,2,1,237.033444,305.037719,0.14777,0.063298,0.084472,2,2,1,1,1,1.0,0,1
0.530142,14,38,984,45078,62,252,13792.53125,662343.3125,2,17,40.685232,13.815082,0.065275,0.018981,0.046294,2,2,1,2,1,1.0,0,1
0.569959,12,8,836,468,254,252,10765.68652,5754.800293,3,2,49.705547,78.274,0.064567,0.022031,0.042536,1,1,1,1,1,0.0,0,1
1.122505,10,6,826,268,254,252,5302.42627,1596.429443,2,1,124.617222,186.003,0.280853,0.192482,0.088371,2,2,4,1,1,1.0,0,1
2.613181,44,238,2260,305916,62,252,6762.638672,932598.1875,2,117,60.771653,10.846437,0.119649,0.052683,0.066966,2,2,2,1,1,1.0,0,1
0.001068,2,2,146,178,31,29,546816.5,666666.6875,0,0,0.011,0.008,0.0,0.0,0.0,4,3,2,1,0,0.0,0,0
0.018942,48,50,2958,32586,31,29,1223524.375,13487488.0,7,18,0.395809,0.374429,0.000728,0.000586,0.000142,3,3,2,1,0,0.0,0,0
0.018621,44,46,2750,27850,31,29,1154825.25,11705064.0,7,16,0.424465,0.403267,0.000593,0.00047,0.000123,10,1,3,1,0,0.0,0,0
1e-05,2,0,114,0,254,0,45600000.0,0.0,0,0,0.01,0.0,0.0,0.0,0.0,7,4,4,4,2,0.0,0,1
0.001046,2,2,146,178,31,29,558317.375,680688.3125,0,0,0.002,0.009,0.0,0.0,0.0,2,3,3,1,0,0.0,0,0
0.046033,84,86,4862,77276,31,29,835053.125,13273608.0,7,36,0.550687,0.535812,0.000618,0.000485,0.000133,13,7,4,1,0,0.0,0,0
0.033016,52,40,37198,3276,31,29,8840078.0,774170.125,18,8,0.640608,0.832462,0.000699,0.000543,0.000156,1,1,3,1,0,0.0,0,0
0.00676,8,12,424,8824,31,29,439053.2813,9572781.0,1,4,0.915429,0.561818,0.000731,0.000576,0.000155,6,7,8,4,0,0.0,0,0
0.25211,2,2,140,478,62,252,2221.252686,7583.991211,0,0,0.004,0.009,0.0,0.0,0.0,2,2,2,2,3,0.0,0,1
1.584835,14,8,7746,354,254,252,36309.14063,1564.831665,4,1,121.91038,219.979859,0.155863,0.044231,0.111632,1,2,1,1,1,1.0,0,1
0.024012,36,38,2334,16290,31,29,756288.5625,5284691.0,7,12,0.677086,0.633892,0.000716,0.000553,0.000163,5,1,2,1,0,0.0,0,0
0.223212,14,6,8928,320,31,29,297152.4688,9569.37793,4,1,17.170153,44.505199,0.000699,0.000554,0.000145,3,2,3,2,0,0.0,0,0
0.166087,4,4,528,304,31,29,19074.33984,10982.19629,0,0,32.004,26.001334,0.0,0.0,0.0,11,3,2,2,0,0.0,0,0
2e-06,2,0,168,0,254,0,336000000.0,0.0,0,0,0.002,0.0,0.0,0.0,0.0,1,1,1,1,2,0.0,0,1
0.001036,2,2,130,162,31,29,501930.5,625482.625,0,0,0.011,0.008,0.0,0.0,0.0,2,6,4,1,0,0.0,0,0
0.680938,10,6,978,268,254,252,10350.42871,2631.664062,2,1,72.031889,119.224797,0.156085,0.084804,0.071281,3,1,1,1,1,0.0,0,1
0.785012,20,20,3352,1744,62,252,32458.10156,16886.36523,7,8,41.316421,40.784,0.053882,0.00681,0.047072,1,1,1,1,1,0.0,0,1
0.036022,122,126,7814,15688,31,29,1721170.375,3456554.25,30,32,0.299748,0.283824,0.000683,0.000537,0.000146,4,3,2,1,0,0.0,0,0
0.622548,10,6,868,268,254,252,10049.02441,2878.49292,2,1,64.962889,95.279,0.217572,0.146152,0.07142,2,3,1,1,1,0.0,0,1
0.765786,122,126,7814,14804,31,29,80962.57031,153431.9063,30,32,6.325959,6.122152,0.000655,0.00051,0.000145,3,3,2,1,0,0.0,0,0
0.396674,28,30,4632,3080,31,29,90089.08594,60059.39453,7,7,14.650148,13.661586,0.000627,0.000485,0.000142,7,8,5,3,0,0.0,0,0
1.2e-05,2,0,1064,0,254,0,354666656.0,0.0,0,0,0.012,0.0,0.0,0.0,0.0,35,12,12,12,2,0.0,0,0
0.057835,44,46,2750,27174,31,29,371816.375,3677219.5,7,16,1.337558,1.274311,0.000619,0.000487,0.000132,4,5,5,2,0,0.0,0,0
1e-05,2,0,114,0,254,0,45600000.0,0.0,0,0,0.01,0.0,0.0,0.0,0.0,12,4,4,4,2,0.0,0,1
1.093548,14,18,1684,10168,31,29,11441.65527,70259.375,3,5,84.090849,64.295765,0.000639,0.000516,0.000123,1,3,1,1,0,1.0,0,0
0.228847,10,6,936,268,254,252,29469.4707,7830.55957,2,1,23.025556,40.630199,0.057235,0.02569,0.031545,1,1,1,1,1,1.0,0,1
0.446914,20,8,17310,354,254,252,294374.3125,5549.166016,7,1,23.471,52.601,0.138297,0.078696,0.059601,5,2,2,2,1,0.0,0,1
0.02185,54,56,3302,40478,31,29,1186636.25,14555973.0,7,21,0.406208,0.386091,0.000761,0.000604,0.000157,7,3,5,1,0,0.0,0,0
8e-06,2,0,114,0,254,0,57000000.0,0.0,0,0,0.008,0.0,0.0,0.0,0.0,3,1,1,1,2,0.0,0,1
1.071893,14,18,1684,10168,31,29,11672.80762,71678.79688,3,5,82.425464,63.024529,0.000589,0.000471,0.000118,2,2,2,1,0,1.0,0,0
1e-05,2,0,114,0,254,0,45600000.0,0.0,0,0,0.01,0.0,0.0,0.0,0.0,10,7,7,7,2,0.0,0,1
1.093165,10,8,764,1674,62,252,5034.921387,10721.16211,2,2,121.451,149.489281,0.156997,0.046737,0.11026,1,1,1,1,1,1.0,0,1
0.380751,10,8,860,1230,62,252,16262.59668,22628.96094,2,2,42.305667,49.424855,0.071592,0.034264,0.037328,1,1,1,1,1,1.0,0,1
0.67177,10,8,812,354,254,252,8705.360352,3691.739746,2,1,70.892667,86.32543,0.135376,0.067489,0.067887,1,1,2,1,1,1.0,0,1
0.548532,10,6,1034,268,254,252,13578.05859,3266.901367,2,1,60.889667,97.979203,0.121947,0.058628,0.063319,1,1,1,1,1,1.0,0,1
0.001737,4,4,512,304,31,29,1768566.5,1050086.375,0,0,0.459,0.220667,0.0,0.0,0.0,3,4,2,2,0,0.0,0,0
1.01192,10,8,786,1160,62,252,5597.280762,8024.350098,2,2,112.318333,133.910281,0.142377,0.074532,0.067845,1,2,1,1,1,1.0,0,1
0.026975,56,58,3390,44426,31,29,987581.0625,12948582.0,7,22,0.484182,0.46193,0.000773,0.000634,0.000139,14,1,9,1,0,0.0,0,0
0.00718,32,26,3728,5578,31,29,4024512.5,5976601.5,7,7,0.231613,0.25616,0.000768,0.000633,0.000135,2,8,2,1,0,0.0,0,0
0.001137,2,2,146,178,31,29,513632.3438,626209.3125,0,0,0.012,0.008,0.0,0.0,0.0,2,2,3,1,0,0.0,0,0
0.001148,2,2,146,178,31,29,508710.7813,620209.0625,0,0,0.011,0.008,0.0,0.0,0.0,4,1,1,1,0,0.0,0,0
1.1e-05,2,0,104,0,254,0,37818180.0,0.0,0,0,0.011,0.0,0.0,0.0,0.0,1,2,1,1,2,0.0,0,1
5e-06,2,0,1064,0,254,0,851200000.0,0.0,0,0,0.005,0.0,0.0,0.0,0.0,2,1,1,1,2,0.0,0,1
1.110904,14,18,1684,10168,31,29,11262.89941,69161.69531,3,5,85.425308,65.314882,0.000693,0.000547,0.000146,3,3,2,1,0,1.0,0,0
1e-05,2,0,114,0,254,0,45600000.0,0.0,0,0,0.01,0.0,0.0,0.0,0.0,7,3,4,3,2,0.0,0,1
7e-06,2,0,168,0,254,0,96000000.0,0.0,0,0,0.007,0.0,0.0,0.0,0.0,2,1,1,1,2,0.0,0,1
1.139104,12,18,1580,10168,31,29,10176.41895,67449.5,3,5,103.521634,66.973646,0.000688,0.000547,0.000141,1,1,3,1,0,1.0,0,0
4e-06,2,0,114,0,254,0,114000000.0,0.0,0,0,0.004,0.0,0.0,0.0,0.0,7,4,5,4,2,0.0,0,1
0.439653,12,10,1266,4988,62,252,21125.75195,81700.79688,3,3,39.968455,40.449777,0.083621,0.037843,0.045778,2,2,2,2,1,1.0,0,1
0.00115,2,2,146,178,31,29,507826.0625,619130.4375,0,0,0.011,0.008,0.0,0.0,0.0,3,5,11,1,0,0.0,0,0
1.044616,12,18,1580,10168,31,29,11096.90039,73550.47656,3,5,94.889911,61.417175,0.000637,0.000521,0.000116,3,2,2,2,0,1.0,0,0
0.217901,10,6,952,268,254,252,31463.82813,8223.917969,2,1,23.142,42.359398,0.050631,0.006095,0.044536,1,1,9,1,1,1.0,0,1
0.00098,2,2,130,162,31,29,530612.25,661224.5,0,0,0.006,0.005,0.0,0.0,0.0,2,6,3,2,0,0.0,0,0
0.001385,2,2,146,178,31,29,421660.6563,514079.4375,0,0,0.007,0.005,0.0,0.0,0.0,15,6,16,3,0,0.0,0,0
0.26731,12,10,818,562,254,252,22445.84961,15143.4668,3,3,24.030545,26.357111,0.065027,0.030095,0.034932,1,1,1,1,1,0.0,0,1
0.372445,10,14,1250,10856,62,252,24164.64258,216536.6719,2,5,41.257889,24.370001,0.143896,0.055625,0.088271,1,2,3,2,1,1.0,0,1
1.109903,62,58,5928,8010,31,29,42043.31641,56740.09375,14,17,18.195131,19.459315,0.000723,0.000566,0.000157,1,2,4,1,0,0.0,0,0
3.951648,58,292,4250,401962,62,252,8456.21875,810975.0625,3,144,69.32716,13.340952,0.136818,0.06875,0.068068,2,1,1,1,1,1.0,0,1
2.435031,150,290,8882,355808,31,29,28986.90039,1164936.375,15,129,16.340335,8.423976,0.000627,0.000498,0.000129,6,1,2,1,0,0.0,0,0
0.001665,4,4,536,304,31,29,1931531.5,1095495.5,0,0,0.432333,0.202333,0.0,0.0,0.0,4,2,4,2,0,0.0,0,0
1.00588,12,18,1580,10168,31,29,11524.23731,76382.86719,3,5,91.413091,59.138528,0.000654,0.000521,0.000133,1,5,4,1,0,1.0,0,0
0.001066,2,2,146,178,31,29,547842.4375,667917.4375,0,0,0.011,0.008,0.0,0.0,0.0,5,2,3,2,0,0.0,0,0
0.052528,54,42,37834,3380,31,29,5655498.0,502589.0938,19,8,0.979566,1.268268,0.000724,0.000524,0.0002,2,3,4,2,0,0.0,0,0
0.859072,10,8,696,354,254,252,5838.858398,2886.835938,2,1,93.160333,114.23557,0.078939,0.059412,0.019527,19,1,5,1,1,0.0,0,1
1.085847,14,18,1684,10168,31,29,11522.80176,70757.66406,3,5,83.500385,63.826,0.000958,0.000802,0.000156,2,5,3,4,0,1.0,0,0
0.004209,8,10,1044,824,31,29,1737229.625,1410311.125,2,2,0.551714,0.403111,0.000751,0.000577,0.000174,1,2,5,1,0,1.0,0,0
1.23075,20,22,1096,1660,62,252,6773.105957,10302.66113,7,9,64.725944,55.495144,0.13041,0.065341,0.065069,1,2,3,2,1,0.0,0,1
1.075895,12,18,1580,10168,31,29,10774.28613,71412.17969,3,5,97.777365,63.255293,0.000708,0.00055,0.000158,4,4,5,2,0,1.0,0,0
1.977331,24,22,1248,1654,62,252,4838.845703,6388.40918,7,9,85.97091,91.02267,0.136368,0.065359,0.071009,1,2,2,2,1,0.0,0,1
0.001009,2,2,130,162,31,29,515361.75,642220.0,0,0,0.011,0.008,0.0,0.0,0.0,11,2,4,2,0,0.0,0,0
58.894917,50,0,5400,0,254,0,718.8396,0.0,0,0,1251.720125,0.0,0.0,0.0,0.0,7,4,4,4,6,0.0,0,1
6.009985,10,10,858,2118,62,252,1028.954346,2538.442383,2,2,667.776111,653.128125,0.194871,0.130865,0.064006,1,1,1,1,1,1.0,0,1
1.1e-05,2,0,168,0,254,0,61090908.0,0.0,0,0,0.011,0.0,0.0,0.0,0.0,2,1,1,1,2,0.0,0,1
0.040547,60,62,3614,48098,31,29,701210.9375,9336918.0,7,24,0.681712,0.656115,0.000649,0.000508,0.000141,10,4,3,1,0,0.0,0,0
0.496927,48,10,52659,440,254,252,830093.75,6375.182129,21,1,10.477213,52.085,0.060081,0.028155,0.031926,1,1,1,1,1,1.0,0,1
0.001023,2,2,146,178,31,29,570870.0,695992.1875,0,0,0.01,0.008,0.0,0.0,0.0,4,3,8,1,0,0.0,0,0
0.001771,4,4,512,304,31,29,1734613.25,1029926.625,0,0,0.445667,0.232,0.0,0.0,0.0,14,4,7,3,0,0.0,0,0
0.071015,40,42,2558,23268,31,29,281067.375,2558783.25,7,14,1.812769,1.716658,0.000767,0.000628,0.000139,9,1,2,1,0,0.0,0,0
2.645876,10,10,892,2392,62,252,2427.929443,6509.753418,2,2,330.7345,282.268875,0.157307,0.078149,0.079158,1,1,1,2,1,1.0,0,1
0.001054,2,2,146,178,31,29,554079.6875,675521.8125,0,0,0.011,0.008,0.0,0.0,0.0,2,4,1,1,0,0.0,0,0
1.1e-05,2,0,200,0,254,0,72727272.0,0.0,0,0,0.011,0.0,0.0,0.0,0.0,9,7,13,6,2,0.0,0,1
1.510987,50,278,2566,357553,62,252,13315.79883,1886274.25,2,137,30.817327,5.391766,0.032988,0.017461,0.015527,1,1,1,1,1,1.0,0,1
1.85206,14,18,1684,10168,31,29,6755.720703,41484.61719,3,5,142.435923,108.912412,0.000688,0.000545,0.000143,3,6,2,1,0,1.0,0,0
0.907115,10,8,804,1156,62,252,6385.078125,8924.999023,2,2,100.790556,116.73457,0.183849,0.089251,0.094598,1,2,1,1,1,1.0,0,1
0.001005,2,2,132,164,31,29,525373.125,652736.3125,0,0,0.012,0.008,0.0,0.0,0.0,8,3,5,1,0,0.0,0,0
0.798433,20,20,2784,1908,62,252,26501.91016,18165.58203,7,8,42.022788,41.650949,0.051307,0.006364,0.044943,2,1,1,1,1,0.0,0,1
0.819153,10,6,910,268,254,252,7998.505859,2187.625488,2,1,85.467556,153.384594,0.139545,0.052226,0.087319,6,2,2,1,1,0.0,0,1
6e-06,2,0,200,0,254,0,133333328.0,0.0,0,0,0.006,0.0,0.0,0.0,0.0,10,3,4,3,2,0.0,0,1
0.807998,10,16,842,9758,62,252,7504.969238,90584.38281,2,5,89.662333,48.101468,0.17327,0.086467,0.086803,1,1,2,1,1,1.0,0,1
1.262357,12,8,1046,706,254,252,6077.52002,3916.483154,3,2,110.632271,165.698578,0.197344,0.102456,0.094888,5,1,3,1,1,0.0,0,1
0.69459,10,18,782,16886,62,252,8108.380859,183682.4688,2,7,77.102667,38.742881,0.095632,0.035958,0.059674,2,1,3,2,1,1.0,0,1
0.003312,6,8,320,1844,31,29,644927.5,3898550.75,1,2,0.5312,0.395714,0.000708,0.000538,0.00017,13,28,26,22,0,0.0,0,0
1.106043,12,18,1580,10168,31,29,10480.60547,69465.65625,3,5,100.515729,65.014708,0.001652,0.000786,0.000866,2,1,4,1,0,1.0,0,0
0.570448,10,10,810,1178,62,252,10223.54395,14879.53418,2,2,63.383111,55.673109,0.099713,0.053092,0.046621,5,3,2,2,1,0.0,0,1
0.005455,12,12,1036,2262,31,29,1393217.25,3041613.25,4,4,0.451909,0.439273,0.000756,0.000612,0.000144,2,1,2,1,0,0.0,0,0
0.001772,4,4,512,304,31,29,1733634.375,1029345.375,0,0,0.455,0.227333,0.0,0.0,0.0,10,7,6,3,0,0.0,0,0
2e-06,2,0,114,0,254,0,228000000.0,0.0,0,0,0.002,0.0,0.0,0.0,0.0,5,3,3,3,2,0.0,0,1
0.182125,12,6,3810,268,254,252,153433.0781,9839.395508,3,1,14.958546,33.853801,0.061462,0.01285,0.048612,2,3,1,1,1,1.0,0,1
0.237964,10,6,1612,268,254,252,48780.48828,7530.550781,2,1,26.440444,33.890398,0.112111,0.05083,0.061281,12,2,2,2,1,0.0,0,1
0.200454,10,8,758,3192,62,252,27258.125,111466.9688,2,2,22.272667,25.557,0.054553,0.008206,0.046347,1,1,1,1,1,1.0,0,1
0.248325,4,4,568,312,31,29,13723.9502,7538.507812,0,0,77.652,77.625664,0.0,0.0,0.0,18,5,17,4,0,0.0,0,0
0.013865,44,46,2750,27602,31,29,1550955.625,15579950.0,7,16,0.314907,0.295844,0.000695,0.000545,0.00015,8,3,5,3,0,0.0,0,0
1.791058,10,8,564,354,254,252,2269.050049,1384.656494,2,1,195.598778,237.300578,0.236662,0.129948,0.106714,5,2,2,2,1,0.0,0,1
1.321074,16,18,1540,1644,31,29,8744.400391,9404.469727,4,4,88.046398,77.682297,0.000592,0.000471,0.000121,6,3,3,3,0,0.0,0,0
0.06546,6,2,258,86,254,60,26275.58984,5255.117676,1,1,13.092,0.009,0.054983,0.038342,0.016641,30,3,3,3,0,0.0,0,0
0.723314,10,8,806,2320,62,252,8029.708008,22452.21289,2,2,80.368222,90.2,0.154508,0.091092,0.063416,6,1,2,1,1,1.0,0,1
0.001149,2,2,146,178,31,29,508268.0625,619669.25,0,0,0.011,0.009,0.0,0.0,0.0,4,2,2,1,0,0.0,0,0
1.242676,20,42,2390,47486,62,252,14620.06152,298426.9375,6,19,65.404,28.470952,0.133927,0.058217,0.07571,1,2,1,1,1,1.0,0,1
5e-06,2,0,1346,0,254,0,1076800000.0,0.0,0,0,0.005,0.0,0.0,0.0,0.0,4,2,2,1,2,0.0,0,1
0.001704,4,4,512,304,31,29,1802816.875,1070422.5,0,0,0.445,0.211,0.0,0.0,0.0,8,6,4,3,0,0.0,0,0
2e-06,2,0,114,0,254,0,228000000.0,0.0,0,0,0.002,0.0,0.0,0.0,0.0,4,5,4,4,2,0.0,0,1
0.523385,4,4,568,312,31,29,6511.458984,3576.717041,0,0,169.340328,139.033328,0.0,0.0,0.0,8,6,4,2,0,0.0,0,0
0.01359,2,2,120,798,62,252,35320.08984,234878.5938,0,0,0.007,0.011,0.0,0.0,0.0,5,5,5,5,3,0.0,0,1
3e-06,2,0,200,0,254,0,100000000.0,0.0,0,0,0.008,0.0,0.0,0.0,0.0,14,4,7,4,2,0.0,0,1
1.2e-05,2,0,114,0,254,0,38000000.0,0.0,0,0,0.012,0.0,0.0,0.0,0.0,7,4,4,4,2,0.0,0,1
1e-05,2,0,134,0,62,0,53600000.0,0.0,0,0,0.01,0.0,0.0,0.0,0.0,12,1,5,1,2,0.0,0,1
3.032629,20,38,1108,32358,62,252,2777.787842,83114.67969,6,17,159.562952,77.770431,0.227113,0.155107,0.072006,1,1,2,1,1,0.0,0,1
0.006277,24,24,2158,2464,31,29,2636928.5,3010355.25,6,6,0.257565,0.245957,0.000774,0.000615,0.000159,5,4,2,2,0,0.0,0,0
0.001038,2,2,132,164,31,29,508670.5313,631984.5625,0,0,0.012,0.006,0.0,0.0,0.0,4,3,3,1,0,0.0,0,0
0.813174,10,10,838,1460,62,252,7427.68457,12927.12207,2,2,90.352667,79.084336,0.159519,0.073293,0.086226,3,1,1,3,1,1.0,0,1
0.442782,10,8,836,1714,254,252,13604.88867,27101.37109,2,2,49.198,52.61457,0.111256,0.073802,0.037454,2,1,1,1,1,1.0,0,1
0.001066,2,2,146,178,31,29,547842.4375,667917.4375,0,0,0.011,0.008,0.0,0.0,0.0,2,2,10,1,0,0.0,0,0
3e-06,2,0,200,0,254,0,266666656.0,0.0,0,0,0.003,0.0,0.0,0.0,0.0,15,8,8,8,2,0.0,0,1
1.374272,20,40,2680,43244,62,252,14820.93848,245441.9531,6,17,72.283317,33.056206,0.160216,0.085069,0.075147,1,1,1,1,1,1.0,0,1
7e-06,2,0,114,0,254,0,65142856.0,0.0,0,0,0.007,0.0,0.0,0.0,0.0,7,3,3,3,2,0.0,0,1
0.001835,4,4,520,304,31,29,1700272.5,994005.4375,0,0,0.457333,0.238333,0.0,0.0,0.0,7,3,5,3,0,0.0,0,0
0.224245,10,6,866,268,254,252,27826.70703,7991.259766,2,1,24.916111,40.214602,0.062052,0.015363,0.046689,1,1,1,1,1,1.0,0,1
2.166278,10,10,796,1188,62,252,2647.859619,3951.478271,2,2,240.697556,229.735437,0.270247,0.098015,0.172232,1,1,2,1,1,0.0,0,1
0.040426,50,50,3062,32650,31,29,593875.1875,6331964.5,7,18,0.817612,0.814041,0.000687,0.000535,0.000152,8,3,2,2,0,0.0,0,0
0.071116,4,4,520,304,31,29,43871.98438,25648.23633,0,0,13.675333,15.038667,0.0,0.0,0.0,11,4,8,3,0,0.0,0,0
0.323824,10,6,840,268,254,252,18676.8125,5533.870605,2,1,33.244111,54.703602,0.093885,0.050296,0.043589,2,1,1,1,1,0.0,0,1
4e-06,2,0,114,0,254,0,114000000.0,0.0,0,0,0.004,0.0,0.0,0.0,0.0,16,7,13,7,2,0.0,0,1
0.014047,38,40,2438,20194,31,29,1352032.5,11213783.0,7,13,0.370514,0.355684,0.000645,0.000523,0.000122,13,4,3,1,0,0.0,0,0
0.630055,10,12,788,4454,62,252,9015.085938,51843.09375,2,3,70.006111,50.435818,0.08338,0.037856,0.045524,1,1,27,1,1,1.0,0,1
0.211904,6,8,320,1908,31,29,10080.03613,63047.41797,1,2,42.3188,30.203857,0.000598,0.000474,0.000124,3,5,1,1,0,0.0,0,0
1.130733,10,16,508,1302,62,252,3240.375977,8638.643555,5,7,55.541111,74.890934,0.007362,0.007362,0.0,3,2,2,2,3,0.0,0,1
0.179104,10,10,1188,5174,62,252,47793.46094,208013.2188,2,3,19.900444,18.403222,0.054734,0.009263,0.045471,1,1,1,1,1,1.0,0,1
0.001066,2,2,146,178,31,29,547842.4375,667917.4375,0,0,0.007,0.008,0.0,0.0,0.0,2,6,3,1,0,0.0,0,0
1.359943,38,146,1722,170111,62,252,9865.119141,993841.625,7,71,36.755215,9.161779,0.056875,0.011493,0.045382,1,1,1,1,1,0.0,0,1
1.349892,10,8,540,354,254,252,2880.230469,1837.18396,2,1,145.730889,181.970859,0.151844,0.076092,0.075752,4,2,2,2,1,0.0,0,1
1.129055,14,18,1684,10168,31,29,11081.83398,68049.82813,3,5,86.820769,66.380059,0.000742,0.00059,0.000152,1,3,4,1,0,1.0,0,0
0.831756,10,8,966,3080,62,252,8367.838867,25921.06445,2,2,92.417333,98.485711,0.276363,0.141779,0.134584,3,1,2,2,1,1.0,0,1
0.174883,10,6,812,268,254,252,33439.5,10246.85156,2,1,17.484111,30.9096,0.044617,0.02033,0.024287,1,1,15,1,1,0.0,0,1
1.177157,10,16,1192,10122,62,252,7292.14502,64494.36719,2,5,130.795222,72.310267,0.22846,0.091822,0.136638,1,1,1,1,1,1.0,0,1
0.017661,48,50,2974,33374,31,29,1319517.625,14815469.0,7,18,0.36817,0.346408,0.000813,0.000676,0.000137,8,3,2,1,0,0.0,0,0
0.032028,46,48,2854,29226,31,29,697389.75,7148245.0,7,17,0.704244,0.669787,0.000666,0.000537,0.000129,6,5,2,2,0,0.0,0,0
0.087155,24,24,2158,2464,31,29,189914.5156,216809.1406,6,6,3.774217,3.764,0.000732,0.000576,0.000156,4,1,2,1,0,0.0,0,0
4.276888,24,22,1264,1638,62,252,2267.069092,2925.491699,7,9,185.910481,201.605241,0.095527,0.04317,0.052357,3,2,3,2,1,0.0,0,1
0.019982,44,46,2750,26584,31,29,1076168.5,10412171.0,7,16,0.457116,0.4312,0.00071,0.000568,0.000142,13,6,3,2,0,0.0,0,0
0.001763,4,4,536,304,31,29,1824163.375,1034600.063,0,0,0.464667,0.214667,0.0,0.0,0.0,9,7,5,4,0,0.0,0,0
0.187348,10,6,874,268,254,252,33605.91016,9565.087891,2,1,19.240889,34.121,0.066621,0.016737,0.049884,2,1,1,1,1,1.0,0,1
0.004046,6,8,320,1912,31,29,527928.8125,3307958.5,1,2,0.7448,0.51,0.000758,0.000469,0.000289,3,6,6,5,0,0.0,0,0
0.012864,40,42,2558,23470,31,29,1551616.875,14248756.0,7,14,0.321795,0.300366,0.000713,0.000546,0.000167,7,3,4,2,0,0.0,0,0
0.688349,10,12,830,5114,62,252,8681.642578,54483.98828,2,3,76.379889,52.830362,0.148839,0.107183,0.041656,1,1,10,1,1,1.0,0,1
0.525313,14,6,8928,320,31,29,126263.7656,4066.146973,4,1,40.408693,104.932602,0.00065,0.000516,0.000134,3,18,14,11,0,0.0,0,0
0.190951,10,12,836,7652,62,252,31547.35938,293897.375,2,4,21.216778,16.410546,0.05331,0.006272,0.047038,2,1,1,1,1,1.0,0,1
2.955348,66,12,77159,526,254,252,205701.6563,1307.460205,39,1,44.884815,258.192641,0.234798,0.115228,0.11957,1,1,1,1,1,1.0,0,1
0.001016,2,2,146,178,31,29,574803.125,700787.375,0,0,0.011,0.008,0.0,0.0,0.0,3,2,5,1,0,0.0,0,0
0.001135,2,2,130,162,31,29,458149.7813,570925.125,0,0,0.01,0.005,0.0,0.0,0.0,10,2,5,1,0,0.0,0,0
1.44621,60,16,68183,698,254,252,370883.875,3623.263428,27,1,24.509441,90.079602,0.187905,0.095009,0.092896,6,1,2,2,1,1.0,0,1
0.216587,10,10,924,4328,62,252,30731.29883,143905.2188,2,3,24.065222,22.601667,0.057637,0.012633,0.045004,3,3,4,3,1,1.0,0,1
0.123082,40,42,2542,21006,31,29,161128.3594,1332835.0,7,14,3.136795,2.987756,0.000711,0.000576,0.000135,12,1,1,1,0,0.0,0,0
7e-06,2,0,114,0,254,0,65142856.0,0.0,0,0,0.007,0.0,0.0,0.0,0.0,10,4,5,4,2,0.0,0,1
0.001119,2,2,146,178,31,29,521894.5313,636282.375,0,0,0.012,0.006,0.0,0.0,0.0,2,2,1,1,0,0.0,0,0
2.427129,58,26,54124,2114,62,252,175321.5469,6700.920898,26,8,42.581212,92.697844,0.179996,0.109326,0.07067,1,1,2,1,1,0.0,0,1
0.016221,48,50,2974,31400,31,29,1436656.25,15176376.0,7,18,0.336936,0.32102,0.000625,0.000487,0.000138,5,2,5,1,0,0.0,0,0
1.069461,14,18,1684,10168,31,29,11699.35156,71841.79688,3,5,82.235618,62.743,0.003025,0.002827,0.000198,1,2,2,2,0,1.0,0,0
1.483893,10,16,788,11690,62,252,3827.769043,59087.81641,2,5,164.877,96.450002,0.104192,0.036445,0.067747,2,1,1,1,1,1.0,0,1
1e-05,2,0,114,0,254,0,45600000.0,0.0,0,0,0.01,0.0,0.0,0.0,0.0,11,2,2,2,2,0.0,0,1
0.270385,10,8,852,3044,62,252,22693.56641,78820.9375,2,2,30.042778,34.459145,0.057776,0.008144,0.049632,1,1,1,1,1,1.0,0,1
0.203767,10,6,1010,268,254,252,35687.82031,8794.358398,2,1,20.503,38.979398,0.05563,0.008836,0.046794,1,1,1,1,1,1.0,0,1
1e-05,2,0,114,0,254,0,45600000.0,0.0,0,0,0.01,0.0,0.0,0.0,0.0,10,3,3,3,2,0.0,0,1
0.041854,60,62,3598,48710,31,29,676446.6875,9160414.0,7,24,0.703847,0.688,0.000732,0.000573,0.000159,13,2,6,1,0,0.0,0,0
0.44308,10,8,896,354,254,252,14570.73145,5597.183105,2,1,49.231111,60.586715,0.084235,0.012082,0.072153,2,1,1,1,1,1.0,0,1
0.219799,10,6,808,268,254,252,26496.93555,8152.90332,2,1,22.804778,42.615398,0.052667,0.006712,0.045955,2,1,1,1,1,1.0,0,1
0.570621,10,8,1244,1294,62,252,15702.19043,15884.44824,2,2,63.388889,72.180711,0.132511,0.065346,0.067165,1,1,1,1,1,1.0,0,1
2.464966,30,22,13909,1914,62,252,43638.73438,5929.493652,12,8,83.900862,112.995141,0.189834,0.092061,0.097773,1,2,2,2,1,0.0,0,1
4e-06,2,0,114,0,254,0,114000000.0,0.0,0,0,0.004,0.0,0.0,0.0,0.0,10,7,11,7,2,0.0,0,1
1.1e-05,2,0,168,0,254,0,61090908.0,0.0,0,0,0.011,0.0,0.0,0.0,0.0,9,1,2,1,2,0.0,0,1
1e-06,2,0,200,0,254,0,800000000.0,0.0,0,0,0.001,0.0,0.0,0.0,0.0,16,4,4,4,2,0.0,0,1
0.850746,10,8,564,354,254,252,4776.983887,2915.088623,2,1,94.527333,116.965141,0.077538,0.0312,0.046338,2,1,1,1,1,0.0,0,1
1.1e-05,2,0,114,0,254,0,41454544.0,0.0,0,0,0.011,0.0,0.0,0.0,0.0,18,7,7,7,2,0.0,0,1
0.012048,40,42,2542,21848,31,29,1646082.375,14162019.0,7,14,0.300103,0.279146,0.000728,0.000593,0.000135,6,4,1,1,0,0.0,0,0
0.656561,12,8,1044,762,254,252,11660.75977,8127.195801,4,2,3265.878585,4896.51,0.151623,0.05116,0.100463,6,3,3,3,1,0.0,0,1
4e-06,2,0,114,0,254,0,114000000.0,0.0,0,0,0.004,0.0,0.0,0.0,0.0,4,5,4,4,2,0.0,0,1
1.138781,14,18,1684,10168,31,29,10987.1875,67468.64063,3,5,87.570541,66.948941,0.000799,0.000646,0.000153,2,3,3,1,0,1.0,0,0
4e-06,2,0,114,0,254,0,114000000.0,0.0,0,0,0.004,0.0,0.0,0.0,0.0,7,7,8,7,2,0.0,0,1
0.725292,10,10,812,1370,62,252,8062.958984,13600.03906,2,2,80.514778,75.466445,0.116461,0.046091,0.07037,1,1,1,1,1,1.0,0,1
1.506999,60,14,68191,612,254,252,355965.7188,3020.572754,27,1,24.375293,108.571461,0.207391,0.095569,0.111822,3,1,1,2,1,1.0,0,1
0.027131,64,66,3806,55844,31,29,1104861.625,16217021.0,7,26,0.425095,0.407492,0.000795,0.000633,0.000162,2,3,4,1,0,0.0,0,0
0.004792,18,18,4480,2456,31,29,7065108.5,3873121.75,7,7,0.264647,0.249941,0.000682,0.00054,0.000142,7,5,5,3,0,0.0,0,0
0.572278,10,6,854,268,254,252,10750.01953,3131.345215,2,1,61.918333,99.144797,0.167142,0.076553,0.090589,1,2,3,2,1,1.0,0,1
0.021234,16,18,1540,1644,31,29,544033.125,585099.375,4,4,1.394067,1.223059,0.000557,0.000439,0.000118,13,9,12,7,0,0.0,0,0
1.1e-05,2,0,114,0,254,0,41454544.0,0.0,0,0,0.011,0.0,0.0,0.0,0.0,7,3,4,3,2,0.0,0,1
1.189817,26,108,1952,141748,62,252,12620.42871,944252.8125,3,52,47.592681,10.807636,0.067405,0.032589,0.034816,1,1,1,1,1,1.0,0,1
0.019198,18,18,4160,2456,31,29,1637253.875,966767.375,7,7,1.110882,0.907294,0.004554,0.00377,0.000784,9,5,6,3,0,0.0,0,0
4e-06,2,0,168,0,254,0,168000000.0,0.0,0,0,0.004,0.0,0.0,0.0,0.0,6,1,2,1,2,0.0,0,1
0.004318,8,10,1040,824,31,29,1685965.75,1374710.625,2,2,0.565571,0.418111,0.000701,0.000548,0.000153,3,3,10,1,0,1.0,0,0
0.450133,16,6,11466,268,254,252,191054.6406,3981.045654,5,1,24.894401,77.778602,0.11866,0.061232,0.057428,1,1,2,1,1,1.0,0,1
0.0145,16,18,1540,1644,31,29,796689.6875,856827.625,4,4,0.946333,0.824235,0.00062,0.000482,0.000138,15,7,18,6,0,0.0,0,0
0.008427,14,6,8928,320,31,29,7870891.5,253471.0,4,1,0.648231,1.561,0.000646,0.000484,0.000162,3,6,5,4,0,0.0,0,0
4e-06,2,0,114,0,254,0,114000000.0,0.0,0,0,0.004,0.0,0.0,0.0,0.0,7,3,4,3,2,0.0,0,1
1.241609,10,10,760,1252,62,252,4407.18457,7261.54541,2,2,137.956556,132.588781,0.108363,0.047553,0.06081,1,1,17,2,1,1.0,0,1
1.004946,12,18,1580,10168,31,29,11534.94824,76453.85938,3,5,91.324639,59.086115,0.00061,0.000478,0.000132,2,2,5,1,0,1.0,0,0
0.009973,34,36,2230,15236,31,29,1736689.125,11882483.0,7,11,0.292424,0.272853,0.000842,0.000686,0.000156,8,1,2,1,0,0.0,0,0
1.1e-05,2,0,114,0,254,0,41454544.0,0.0,0,0,0.011,0.0,0.0,0.0,0.0,14,3,3,3,2,0.0,0,1
4.512308,24,52,1102,45236,62,252,1873.985474,78659.52344,6,23,196.182962,87.112335,0.149776,0.069575,0.080201,3,1,2,1,1,0.0,0,1
0.993461,60,14,68189,612,254,252,539954.75,4581.961426,27,1,16.838322,67.758461,0.123037,0.057139,0.065898,3,1,1,3,1,1.0,0,1
3.57111,24,22,1260,1620,62,252,2706.161377,3465.589111,7,9,155.265652,166.669906,0.136496,0.070341,0.066155,1,2,2,2,1,0.0,0,1
1.1e-05,2,0,200,0,254,0,72727272.0,0.0,0,0,0.011,0.0,0.0,0.0,0.0,22,6,7,6,2,0.0,0,1
2.358193,258,42,330718,1816,62,252,1117591.375,6014.774902,126,1,9.064132,55.433316,0.122761,0.085419,0.037342,1,1,1,1,1,1.0,0,1
0.019793,16,18,1540,1644,31,29,583640.6875,627696.6875,4,4,1.2984,1.136941,0.000587,0.000462,0.000125,9,5,8,5,0,0.0,0,0
2.951424,80,28,83376,2124,62,252,223170.9219,5553.929199,32,8,37.348405,106.314039,0.191838,0.080941,0.110897,1,2,5,1,1,0.0,0,1
4e-06,2,0,114,0,254,0,114000000.0,0.0,0,0,0.004,0.0,0.0,0.0,0.0,7,4,4,4,2,0.0,0,1
0.028563,52,42,37134,3380,31,29,10200609.0,924272.625,18,8,0.553608,0.683195,0.000697,0.000545,0.000152,1,2,2,1,0,0.0,0,0
0.313764,12,8,1330,1066,254,252,31106.18164,23788.58008,3,2,27.057909,43.778145,0.053943,0.007314,0.046629,2,1,1,1,1,1.0,0,1
0.001073,2,2,130,162,31,29,484622.5313,603914.25,0,0,0.01,0.008,0.0,0.0,0.0,1,2,5,1,0,0.0,0,0
1.1e-05,2,0,114,0,254,0,41454544.0,0.0,0,0,0.011,0.0,0.0,0.0,0.0,9,3,7,3,2,0.0,0,1
1.73837,42,21,31227,1649,62,252,140287.75,7229.76123,18,7,42.396465,84.030953,0.10437,0.057741,0.046629,1,1,1,1,1,0.0,0,1
0.620707,70,60,12472,12716,31,29,158451.5781,161171.0625,17,17,8.995753,10.508611,0.000716,0.000566,0.00015,2,2,5,1,0,0.0,0,0
0.030839,52,42,37190,3380,31,29,9462045.0,856058.875,18,8,0.597588,0.740219,0.000619,0.000489,0.00013,2,3,9,1,0,0.0,0,0
1.084902,12,18,1580,10168,31,29,10684.83594,70819.29688,3,5,98.596001,63.784883,0.000693,0.000554,0.000139,1,4,1,2,0,1.0,0,0
0.001078,2,2,146,178,31,29,541744.0,660482.4375,0,0,0.011,0.009,0.0,0.0,0.0,4,2,3,1,0,0.0,0,0
1.1e-05,2,0,200,0,254,0,72727272.0,0.0,0,0,0.011,0.0,0.0,0.0,0.0,22,6,7,6,2,0.0,0,1
0.368062,10,6,1182,268,254,252,23126.53906,4868.745117,2,1,40.843667,59.461199,0.127395,0.070746,0.056649,6,2,2,2,1,0.0,0,1
0.001078,2,2,130,162,31,29,482374.7813,601113.1875,0,0,0.007,0.006,0.0,0.0,0.0,2,2,2,1,0,0.0,0,0
0.582128,10,8,776,1624,62,252,9606.134766,19528.35156,2,2,64.680889,69.82757,0.234061,0.093004,0.141057,2,1,1,1,1,1.0,0,1
1.182655,354,746,18890,1087890,31,29,127421.7813,7349105.5,2,370,3.349414,1.586705,0.000687,0.000557,0.00013,2,3,6,3,0,1.0,0,0
0.223606,8,12,424,8824,31,29,13273.34668,289401.875,1,4,31.755427,20.278182,0.000696,0.000539,0.000157,6,5,5,2,0,0.0,0,0
0.003844,8,10,1044,824,31,29,1902185.25,1544224.75,2,2,0.501857,0.370778,0.000629,0.000504,0.000125,3,1,16,2,0,1.0,0,0
0.001155,2,2,146,178,31,29,505627.7188,616450.25,0,0,0.013,0.008,0.0,0.0,0.0,3,3,2,1,0,0.0,0,0
0.113922,44,46,2766,27770,31,29,189884.3125,1907761.5,7,16,2.642302,2.461222,0.003316,0.00316,0.000156,3,5,4,1,0,0.0,0,0
0.189863,18,6,15038,268,254,252,598452.5625,9438.384766,6,1,9.995823,36.297602,0.058908,0.008365,0.050543,1,1,1,1,1,1.0,0,1
5.659804,14,14,752,768,254,252,988.020081,1009.222229,3,4,435.369529,428.113531,0.172832,0.093683,0.079149,1,2,1,1,1,0.0,0,1
0.502649,10,6,970,268,254,252,13894.3877,3565.112061,2,1,49.364,90.722797,0.156549,0.049032,0.107517,1,1,1,1,1,1.0,0,1
1.150367,10,6,576,268,254,252,3609.282959,1557.763672,2,1,123.830222,212.376594,0.130631,0.088477,0.042154,9,1,4,1,1,0.0,0,1
0.932751,60,14,70349,612,254,252,593315.875,4880.187988,27,1,14.951186,65.881234,0.11559,0.076284,0.039306,1,1,1,1,1,0.0,0,1
1.349387,14,12,2072,678,254,252,11406.66016,3687.600342,4,4,103.799002,118.032547,0.086358,0.030262,0.056096,16,5,9,5,1,0.0,0,1
0.006501,26,26,2166,2424,31,29,2563298.0,2868481.75,6,7,0.2448,0.23816,0.000683,0.000545,0.000138,13,5,6,3,0,0.0,0,0
0.237609,6,8,320,1842,31,29,8989.558594,54274.03906,1,2,47.4486,39.5115,0.000679,0.000533,0.000146,6,3,6,2,0,0.0,0,0
0.175223,8,5,1988,509,29,32,79441.63281,18627.69141,1,1,25.031857,36.4015,0.0,0.0,0.0,2,1,1,1,0,0.0,0,0
6e-06,2,0,200,0,254,0,133333328.0,0.0,0,0,0.006,0.0,0.0,0.0,0.0,10,3,4,3,2,0.0,0,1
0.001057,2,2,146,178,31,29,552507.0625,673604.5,0,0,0.011,0.008,0.0,0.0,0.0,3,2,2,1,0,0.0,0,0
0.615148,22,24,1958,2308,31,29,24306.3457,28767.06055,6,6,29.275142,26.715478,0.00084,0.00068,0.00016,15,1,4,1,0,0.0,0,0
1.051113,12,10,3046,860,254,252,21257.4668,5890.898438,3,2,87.149727,106.197781,0.179092,0.095326,0.083766,4,1,1,1,1,0.0,0,1
31.751846,20,12,1316,536,254,252,315.194275,123.961296,6,1,1671.133263,2883.76075,0.087011,0.030478,0.056533,16,4,7,4,1,0.0,0,1
1.505493,224,438,12934,548216,31,29,68426.75,2906503.0,21,197,6.749556,3.444016,0.000567,0.000454,0.000113,8,7,1,1,0,0.0,0,0
0.00639,32,24,3728,5474,31,29,4522065.5,6567762.0,7,7,0.206129,0.24613,0.000759,0.000597,0.000162,3,2,3,1,0,0.0,0,0
0.239712,4,2,840,440,254,60,21025.23047,7342.144043,0,0,79.904,0.002,0.0,0.0,0.0,8,2,3,2,3,0.0,0,1
0.466038,14,10,774,556,254,252,12342.3418,8600.157227,4,3,34.558768,48.619445,0.083684,0.028459,0.055225,7,1,8,1,1,0.0,0,1
1.150385,60,14,68191,612,254,252,466313.4375,3956.936035,27,1,18.952406,82.435695,0.153976,0.078718,0.075258,1,1,4,1,1,1.0,0,1
0.247222,10,6,1052,268,254,252,30644.52148,7248.545898,2,1,26.003111,41.407801,0.10618,0.04018,0.066,1,2,1,1,1,1.0,0,1
0.003869,8,10,1052,824,31,29,1904368.125,1534246.625,2,2,0.5,0.376111,0.00061,0.00048,0.00013,3,1,14,1,0,1.0,0,0
0.026887,54,56,3302,35400,31,29,964332.25,10344925.0,7,21,0.500868,0.478782,0.000701,0.000551,0.00015,11,3,7,2,0,0.0,0,0
0.001087,2,2,146,178,31,29,537258.5,655013.8125,0,0,0.005,0.003,0.0,0.0,0.0,1,1,2,1,0,0.0,0,0
1e-05,2,0,200,0,254,0,80000000.0,0.0,0,0,0.01,0.0,0.0,0.0,0.0,15,2,7,2,2,0.0,0,1
0.014909,32,34,2126,12618,31,29,1105372.625,6571601.0,7,10,0.470065,0.448313,0.000673,0.000554,0.000119,7,3,6,1,0,0.0,0,0
0.018026,48,50,2974,30612,31,29,1292799.25,13314102.0,7,18,0.376489,0.35551,0.000717,0.000587,0.00013,2,3,5,1,0,0.0,0,0
0.03829,64,66,3806,55844,31,29,782867.5625,11490833.0,7,26,0.601825,0.571169,0.001345,0.001163,0.000182,7,4,7,3,0,0.0,0,0
0.01531,38,40,2438,20006,31,29,1240496.375,10192554.0,7,13,0.403541,0.377513,0.0007,0.000578,0.000122,5,2,5,1,0,0.0,0,0
0.001084,2,2,146,178,31,29,538745.375,656826.5625,0,0,0.01,0.008,0.0,0.0,0.0,2,2,3,2,0,0.0,0,0
0.630067,10,6,506,268,254,252,5789.860352,2844.14209,2,1,67.634556,103.848797,0.192329,0.110817,0.081512,2,1,2,2,1,1.0,0,1
0.046355,6,8,320,1866,31,29,46079.17188,281825.0313,1,2,9.2076,6.549857,0.00064,0.000502,0.000138,1,4,4,1,0,0.0,0,0
0.001038,2,2,130,162,31,29,500963.4063,624277.4375,0,0,0.01,0.006,0.0,0.0,0.0,4,5,5,2,0,0.0,0,0
12.906116,44,48,3840,8624,31,29,2326.339111,5234.727539,16,25,300.134087,274.586382,0.000668,0.000545,0.000123,5,6,5,2,0,0.0,0,0
0.003348,4,4,528,304,31,29,946236.5,544802.875,0,0,0.419,0.773667,0.0,0.0,0.0,7,7,10,4,0,0.0,0,0
0.372966,16,18,1540,1644,31,29,30973.33398,33311.34766,4,4,24.8406,21.875766,0.001211,0.001077,0.000134,4,4,3,2,0,0.0,0,0
0.001063,2,2,146,178,31,29,549388.5625,669802.5,0,0,0.011,0.008,0.0,0.0,0.0,2,3,2,2,0,0.0,0,0
0.023337,48,50,2974,32564,31,29,998586.0,10939881.0,7,18,0.488766,0.464224,0.00073,0.000573,0.000157,7,1,5,1,0,0.0,0,0
0.017895,44,46,2750,26406,31,29,1201676.5,11548254.0,7,16,0.417905,0.384022,0.000754,0.000604,0.00015,4,2,1,1,0,0.0,0,0
0.020837,44,46,2766,28892,31,29,1038153.313,10851466.0,7,16,0.477233,0.45,0.000692,0.000578,0.000114,2,3,2,1,0,0.0,0,0
0.156895,62,58,5928,8010,31,29,297421.8438,401389.4688,14,17,2.572049,2.727702,0.001514,0.001286,0.000228,1,4,1,1,0,0.0,0,0
0.459008,10,10,952,4842,62,252,14936.55859,75955.10156,2,3,51.000889,40.738222,0.130943,0.05922,0.071723,2,2,3,2,1,1.0,0,1
0.020475,16,18,1540,1644,31,29,564200.25,606788.75,4,4,1.3438,1.177412,0.000563,0.000454,0.000109,6,10,9,5,0,0.0,0,0
6e-06,2,0,168,0,254,0,112000000.0,0.0,0,0,0.006,0.0,0.0,0.0,0.0,1,1,1,1,2,0.0,0,1
3.224345,10,8,830,354,254,252,1853.399658,769.148499,2,1,356.221778,444.847562,0.191352,0.110406,0.080946,1,1,9,1,1,1.0,0,1
0.001044,2,2,146,178,31,29,559386.9375,681992.3125,0,0,0.011,0.002,0.0,0.0,0.0,1,1,1,1,0,0.0,0,0
1.2e-05,2,0,114,0,254,0,38000000.0,0.0,0,0,0.012,0.0,0.0,0.0,0.0,7,4,4,4,2,0.0,0,1
0.518061,20,0,1040,0,254,0,15256.8916,0.0,0,0,27.266369,0.0,0.0,0.0,0.0,3,2,2,2,2,0.0,0,1
0.028245,52,42,37242,3380,31,29,10345477.0,934678.6875,18,8,0.546882,0.675293,0.000668,0.000554,0.000114,1,2,4,2,0,0.0,0,0
1.1e-05,2,0,200,0,254,0,72727272.0,0.0,0,0,0.011,0.0,0.0,0.0,0.0,8,2,6,2,2,0.0,0,1
7e-06,2,0,114,0,254,0,65142856.0,0.0,0,0,0.007,0.0,0.0,0.0,0.0,7,4,5,4,2,0.0,0,1
2e-06,2,0,114,0,254,0,228000000.0,0.0,0,0,0.002,0.0,0.0,0.0,0.0,7,4,4,4,2,0.0,0,1
1.947448,52,54,2934,3742,31,29,11822.65234,15088.46484,11,15,38.178667,36.734133,0.000692,0.000535,0.000157,9,3,2,2,0,0.0,0,0
0.004192,12,12,1036,2262,31,29,1812977.25,3958015.5,4,4,0.348909,0.325,0.000785,0.000606,0.000179,2,6,2,1,0,0.0,0,0
0.047925,10,12,528,8824,31,29,79457.48438,1350276.5,1,4,5.94025,4.304273,0.000713,0.00056,0.000153,3,4,6,2,0,0.0,0,0
0.048126,40,42,2542,21294,31,29,412084.9375,3455429.5,7,14,1.225718,1.162098,0.000622,0.000476,0.000146,2,4,2,1,0,0.0,0,0
0.020795,50,35,37164,2967,31,30,14011445.0,1109112.75,18,7,0.408224,0.596294,0.000651,0.000517,0.000134,1,3,4,2,0,0.0,0,0
0.299216,10,10,798,5636,62,252,19223.57031,135634.4531,2,3,33.246222,31.909778,0.061631,0.011386,0.050245,1,1,1,1,1,1.0,0,1
1.1e-05,2,0,114,0,254,0,41454544.0,0.0,0,0,0.011,0.0,0.0,0.0,0.0,14,2,2,2,2,0.0,0,1
1.978634,26,114,1492,142341,62,252,5801.982422,570466.3125,2,55,79.145363,15.867535,0.26011,0.162785,0.097325,1,1,1,1,1,1.0,0,1
0.353692,10,6,744,268,254,252,15154.42871,5066.555176,2,1,33.086333,59.449801,0.098209,0.056434,0.041775,1,1,1,1,1,1.0,0,1
0.001795,4,4,512,304,31,29,1711420.625,1016155.938,0,0,0.451333,0.24,0.0,0.0,0.0,3,1,1,1,0,0.0,0,0
0.039408,50,52,3078,32668,31,29,612464.5,6504263.5,7,18,0.794347,0.761961,0.000669,0.00054,0.000129,15,4,6,2,0,0.0,0,0
0.01079,34,36,2230,13358,31,29,1605190.0,9628916.0,7,11,0.316667,0.288743,0.000839,0.000672,0.000167,5,4,4,3,0,0.0,0,0
0.032946,60,62,3614,45396,31,29,862987.875,10845383.0,7,24,0.552864,0.530967,0.000672,0.000549,0.000123,10,11,3,3,0,0.0,0,0
0.142322,16,18,1244,2574,31,29,65597.72656,136647.875,4,4,9.464667,8.334941,0.000795,0.000616,0.000179,5,1,1,1,0,0.0,0,0
0.012943,40,42,2542,22432,31,29,1532256.875,13535039.0,7,14,0.323744,0.318205,0.000665,0.00053,0.000135,15,1,13,1,0,0.0,0,0
0.713945,10,8,564,354,254,252,5692.31543,3473.656982,2,1,79.327222,94.94143,0.086281,0.03545,0.050831,1,1,1,1,1,0.0,0,1
4e-06,2,0,104,0,254,0,104000000.0,0.0,0,0,0.004,0.0,0.0,0.0,0.0,2,1,1,1,2,0.0,0,1
1.166204,14,18,1684,10168,31,29,10728.82617,65882.125,3,5,89.679462,68.571529,0.000603,0.000482,0.000121,1,2,1,1,0,1.0,0,0
0.00101,2,2,146,178,31,29,578217.8125,704950.5,0,0,0.002,0.012,0.0,0.0,0.0,8,2,3,1,0,0.0,0,0
0.223114,8,12,424,8824,31,29,13302.61621,290040.0625,1,4,31.823144,20.237455,0.000646,0.000494,0.000152,3,6,3,3,0,0.0,0,0
0.605963,32,16,28942,850,254,252,370161.2188,10522.09473,13,4,19.547193,36.430801,0.095876,0.050213,0.045663,9,2,2,2,1,0.0,0,1
11.700012,270,522,15462,655100,31,29,10533.32227,447073.7188,25,235,43.493159,22.455915,0.000595,0.000475,0.00012,10,3,3,2,0,0.0,0,0
0.328993,12,10,1258,3716,62,252,28061.38867,81339.11719,3,3,29.908455,33.175777,0.073957,0.025486,0.048471,1,1,1,1,1,1.0,0,1
1.009071,14,18,1684,10168,31,29,12399.52441,76141.32031,3,5,77.592921,59.325059,0.000784,0.000541,0.000243,1,9,6,3,0,6.0,0,0
1e-05,2,0,148,0,254,0,59200000.0,0.0,0,0,0.01,0.0,0.0,0.0,0.0,1,1,1,1,2,0.0,0,1
0.810398,12,26,918,26954,62,252,8311.96582,255854.5313,2,10,73.672543,28.765639,0.140433,0.076331,0.064102,1,1,2,1,1,1.0,0,1
0.159048,68,70,4014,58418,31,29,198933.6406,2896433.75,7,28,2.364313,2.273855,0.002322,0.002144,0.000178,6,1,4,1,0,0.0,0,0
3e-06,2,0,114,0,254,0,152000000.0,0.0,0,0,0.003,0.0,0.0,0.0,0.0,9,3,3,3,2,0.0,0,1
0.008989,34,36,2230,15228,31,29,1926799.5,13176104.0,7,11,0.262697,0.239857,0.000708,0.000584,0.000124,2,1,2,1,0,0.0,0,0
0.255984,10,8,822,2680,62,252,23126.44531,73285.82813,2,2,28.339778,30.294428,0.072207,0.043913,0.028294,1,1,1,1,1,1.0,0,1
1.424976,240,438,13766,548216,31,29,76964.10156,3070732.5,21,197,5.960908,3.259693,0.000624,0.000486,0.000138,6,1,2,1,0,0.0,0,0
5e-06,2,0,114,0,254,0,91200000.0,0.0,0,0,0.005,0.0,0.0,0.0,0.0,10,3,3,3,2,0.0,0,1
0.001056,2,2,146,178,31,29,553030.3125,674242.4375,0,0,0.011,0.009,0.0,0.0,0.0,2,3,4,2,0,0.0,0,0
0.48977,52,42,37292,3380,31,29,597423.3125,53902.85156,18,8,9.596078,11.931195,0.000748,0.000588,0.00016,1,2,2,1,0,0.0,0,0
0.478868,10,16,826,9606,62,252,12429.3125,150454.8125,2,5,53.207556,28.548932,0.097323,0.049173,0.04815,1,1,1,1,1,1.0,0,1
0.48447,10,6,734,268,254,252,10915.02051,3698.887451,2,1,52.807556,93.366602,0.038836,0.017633,0.021203,1,1,1,1,1,0.0,0,1
1.1e-05,2,0,114,0,254,0,41454544.0,0.0,0,0,0.011,0.0,0.0,0.0,0.0,10,3,3,3,2,0.0,0,1
0.241964,10,6,852,268,254,252,25359.14453,7406.060547,2,1,25.394778,37.667199,0.082581,0.053625,0.028956,1,1,1,1,1,1.0,0,1
25.242798,312,733,16706,1068400,31,29,5277.703613,338137.7813,2,361,81.165571,34.483891,0.000726,0.000585,0.000141,31,33,30,30,0,0.0,0,0
7.221744,352,746,18786,1087890,31,29,20751.77344,1203512.0,2,370,20.573814,9.692943,0.00062,0.000498,0.000122,3,8,3,3,0,1.0,0,0
4e-06,2,0,200,0,254,0,200000000.0,0.0,0,0,0.004,0.0,0.0,0.0,0.0,6,3,11,3,2,0.0,0,1
1.027073,12,8,1014,730,254,252,7243.88623,4977.250977,3,2,89.607906,135.126859,0.226408,0.081181,0.145227,2,2,1,1,1,0.0,0,1
8e-06,2,0,200,0,254,0,800000000.0,0.0,0,0,0.001,0.0,0.0,0.0,0.0,15,4,7,4,2,0.0,0,1
0.856723,52,54,2934,3742,31,29,26874.49609,34298.13281,11,15,16.792138,16.154642,0.00067,0.000522,0.000148,1,3,6,2,0,0.0,0,0
0.001035,2,2,146,178,31,29,564251.25,687922.75,0,0,0.007,0.021,0.0,0.0,0.0,4,1,9,1,0,0.0,0,0
1.1e-05,2,0,114,0,254,0,41454544.0,0.0,0,0,0.011,0.0,0.0,0.0,0.0,7,4,4,4,2,0.0,0,1
1.535732,10,8,880,354,254,252,4125.719727,1614.865112,2,1,170.541889,207.286141,0.234473,0.084724,0.149749,2,1,3,1,1,1.0,0,1
0.318274,4,4,568,320,31,29,10707.75488,6032.538086,0,0,100.992336,71.625336,0.0,0.0,0.0,8,5,7,3,0,0.0,0,0
0.041773,38,40,2438,18678,31,29,454647.75,3487803.25,7,13,1.120568,1.054667,0.000789,0.000638,0.000151,5,5,3,1,0,0.0,0,0
0.020881,56,58,3390,40986,31,29,1275800.875,15432210.0,7,22,0.3736,0.356018,0.000736,0.000584,0.000152,6,2,3,1,0,0.0,0,0
0.000963,2,2,146,178,31,29,606438.1875,739356.1875,0,0,0.002,0.004,0.0,0.0,0.0,3,1,4,1,0,0.0,0,0
3e-06,2,0,168,0,254,0,224000000.0,0.0,0,0,0.003,0.0,0.0,0.0,0.0,5,1,3,1,2,0.0,0,1
0.022384,52,42,37346,3380,31,29,13090780.0,1179413.875,18,8,0.431961,0.532878,0.000679,0.000532,0.000147,1,4,5,2,0,0.0,0,0
0.001053,2,2,146,178,31,29,554605.875,676163.375,0,0,0.011,0.005,0.0,0.0,0.0,1,1,1,1,0,0.0,0,0
2.462881,122,126,7808,15564,31,29,25154.2793,50155.89453,30,32,20.351132,19.698583,0.000715,0.000554,0.000161,4,3,2,1,0,0.0,0,0
0.036689,46,48,2854,30470,31,29,608792.875,6505710.5,7,17,0.826341,0.786087,0.000667,0.000525,0.000142,4,2,1,1,0,0.0,0,0
0.406655,10,8,794,1382,62,252,14065.97656,23803.96094,2,2,45.183889,51.052715,0.086806,0.04817,0.038636,1,1,1,1,1,1.0,0,1
0.55509,4,4,568,304,31,29,6139.544922,3285.953613,0,0,150.003,130.263336,0.0,0.0,0.0,7,5,4,2,0,0.0,0,0
0.743744,10,8,564,354,254,252,5464.245605,3334.480713,2,1,79.654667,98.759,0.09927,0.052425,0.046845,1,1,1,1,1,0.0,0,1
0.278342,18,16,17886,1022,31,29,485532.1875,27563.21289,2,2,16.352707,13.7416,0.0,0.0,0.0,19,2,6,1,0,0.0,0,0
0.258406,10,10,796,4412,62,252,22197.625,122938.3125,2,3,28.711778,26.447111,0.072105,0.019387,0.052718,1,1,1,1,1,1.0,0,1
0.00464,4,4,568,312,31,29,734482.75,403448.2813,0,0,1.197667,1.057,0.0,0.0,0.0,6,2,4,2,0,0.0,0,0
2.069207,8,8,364,1572,62,252,1233.322754,5319.912598,1,2,295.601,278.721281,0.164608,0.064072,0.100536,1,2,2,2,1,0.0,0,1
0.014832,44,46,2766,27392,31,29,1458468.125,14453614.0,7,16,0.337581,0.317356,0.0007,0.000547,0.000153,5,3,2,1,0,0.0,0,0
0.001086,2,2,146,178,31,29,537753.25,655616.9375,0,0,0.01,0.009,0.0,0.0,0.0,5,5,2,2,0,0.0,0,0
0.006034,22,14,1470,1728,31,29,1861451.875,2127941.75,5,4,0.287333,0.365385,0.00075,0.000595,0.000155,14,1,2,1,0,0.0,0,0
4e-06,2,0,114,0,254,0,114000000.0,0.0,0,0,0.004,0.0,0.0,0.0,0.0,7,4,4,4,2,0.0,0,1
1.241494,12,12,1636,3386,62,252,9665.773438,20001.70703,3,3,112.863094,104.197547,0.134421,0.082029,0.052392,1,1,1,1,1,0.0,0,1
7e-06,2,0,114,0,254,0,65142856.0,0.0,0,0,0.007,0.0,0.0,0.0,0.0,7,4,3,3,2,0.0,0,1
1e-06,2,0,114,0,254,0,456000000.0,0.0,0,0,0.001,0.0,0.0,0.0,0.0,14,7,11,7,2,0.0,0,1
0.454931,10,12,838,4404,62,252,13276.73926,70990.98438,2,3,50.547889,36.398363,0.077223,0.030468,0.046755,1,1,1,1,1,1.0,0,1
1.746783,10,10,894,2158,62,252,3686.777344,8898.643555,2,2,194.071778,181.638563,0.236586,0.112012,0.124574,2,1,2,1,1,1.0,0,1
0.072126,24,26,2158,2568,31,29,229487.2813,273965.0,6,6,3.119435,2.83984,0.001271,0.001123,0.000148,3,1,2,1,0,0.0,0,0
0.012808,38,40,2438,20826,31,29,1482823.25,12683323.0,7,13,0.336811,0.314897,0.000641,0.00052,0.000121,7,2,7,2,0,0.0,0,0
1.663422,10,12,770,4316,62,252,3332.888428,19030.64844,2,3,184.824667,135.847821,0.194187,0.114039,0.080148,1,1,2,1,1,1.0,0,1
0.059836,74,74,4342,61348,31,29,572765.5625,8091316.0,7,30,0.815274,0.810411,0.000816,0.000672,0.000144,6,2,3,1,0,0.0,0,0
0.117311,16,18,1244,2574,31,29,79583.32813,165781.5469,4,4,7.7968,6.835176,0.001281,0.001112,0.000169,1,3,1,1,0,0.0,0,0
3.084576,360,746,19202,1087890,31,29,49663.87891,2817715.0,2,370,8.591131,4.139723,0.000596,0.000474,0.000122,10,7,2,2,0,0.0,0,0
4.134167,46,236,2372,309042,62,252,4491.352051,595492.125,2,115,91.870379,16.824353,0.274346,0.179449,0.094897,1,2,1,1,1,1.0,0,1
0.255602,10,6,1094,268,254,252,30829.17969,7010.899902,2,1,26.417667,40.225398,0.102946,0.054466,0.04848,1,1,1,1,1,1.0,0,1
0.001791,4,4,528,304,31,29,1768844.25,1018425.438,0,0,0.450667,0.235,0.0,0.0,0.0,11,3,5,3,0,0.0,0,0
1.007435,12,18,1580,10168,31,29,11506.4502,76264.97656,3,5,91.553185,59.229473,0.000678,0.000531,0.000147,1,5,3,3,0,1.0,0,0
0.014037,16,18,1540,1644,31,29,822967.875,885089.375,4,4,0.9152,0.792118,0.000727,0.000566,0.000161,17,2,8,2,0,0.0,0,0
0.051183,72,74,4238,66694,31,29,653341.9375,10283571.0,7,30,0.716394,0.693,0.000848,0.00059,0.000258,6,7,4,1,0,0.0,0,0
0.057493,8,10,1038,820,31,29,126484.9609,102690.7578,2,2,8.159143,6.330667,0.000638,0.000514,0.000124,1,2,7,1,0,1.0,0,0
0.271802,10,8,842,2786,62,252,22310.35742,71758.11719,2,2,30.200222,33.969855,0.071561,0.015651,0.05591,2,2,3,2,1,1.0,0,1
0.021912,48,50,2958,32586,31,29,1057685.375,11659365.0,7,18,0.45934,0.435224,0.000715,0.000576,0.000139,19,7,15,4,0,0.0,0,0
1.005817,12,18,1580,10168,31,29,11524.95898,76387.64844,3,5,91.405273,59.133352,0.000691,0.000547,0.000144,1,5,2,3,0,1.0,0,0
0.005004,12,12,1036,2262,31,29,1518785.0,3315747.5,4,4,0.423364,0.407727,0.000728,0.000512,0.000216,9,6,7,3,0,0.0,0,0
0.004515,22,14,1470,1728,31,29,2487707.5,2843853.75,5,4,0.215,0.288,0.000784,0.000616,0.000168,10,9,7,4,0,0.0,0,0
0.421151,10,10,776,4234,62,252,13277.89746,72392.08594,2,3,46.794556,41.839,0.076771,0.042549,0.034222,1,19,2,1,1,1.0,0,1
0.000998,2,2,130,162,31,29,521042.0625,649298.5625,0,0,0.012,0.001,0.0,0.0,0.0,3,2,1,1,0,0.0,0,0
0.018304,54,56,3302,36154,31,29,1416521.0,15519668.0,7,21,0.338113,0.320618,0.000837,0.000666,0.000171,9,3,3,1,0,0.0,0,0
0.001086,2,2,132,164,31,29,486187.8438,604051.5625,0,0,0.035,0.009,0.0,0.0,0.0,2,2,8,1,0,0.0,0,0
0.489608,14,6,8682,268,254,252,131729.875,3660.071045,4,1,32.29,88.456602,0.075372,0.047323,0.028049,1,1,1,1,1,1.0,0,1
0.365317,26,28,4432,2976,31,29,93332.64063,62849.52734,7,7,14.59992,13.509667,0.000691,0.000551,0.00014,4,5,1,1,0,0.0,0,0
0.032857,48,50,2958,32368,31,29,705359.5625,7723407.5,7,18,0.692362,0.658796,0.000701,0.000566,0.000135,8,1,9,1,0,0.0,0,0
2.528676,10,8,582,354,254,252,1657.784546,980.750366,2,1,278.614889,353.727438,0.095119,0.052574,0.042545,1,1,1,1,1,0.0,0,1
1.004722,12,18,1580,10168,31,29,11537.51953,76470.90625,3,5,91.30682,59.072942,0.000603,0.000478,0.000125,2,1,1,1,0,1.0,0,0
4e-06,2,0,114,0,254,0,114000000.0,0.0,0,0,0.004,0.0,0.0,0.0,0.0,7,3,4,3,2,0.0,0,1
0.72802,10,8,564,354,254,252,5582.26416,3406.499756,2,1,77.816556,100.113141,0.060458,0.027218,0.03324,1,1,1,1,1,0.0,0,1
0.53078,26,20,2262,1918,31,29,32781.94141,27476.54297,6,5,21.2312,27.900053,0.000671,0.000529,0.000142,2,1,1,1,0,0.0,0,0
0.019904,52,54,3182,38534,31,29,1254421.125,15201366.0,7,20,0.383549,0.364698,0.000718,0.000571,0.000147,12,6,9,3,0,0.0,0,0
2.209178,52,24,49486,1928,62,252,175757.6875,6692.082031,23,8,43.317217,92.236563,0.144178,0.086965,0.057213,1,1,1,1,1,0.0,0,1
0.001075,2,2,146,178,31,29,543255.8125,662325.5625,0,0,0.011,0.008,0.0,0.0,0.0,1,2,1,1,0,0.0,0,0
0.004913,4,4,568,320,31,29,693669.875,390799.9375,0,0,1.278667,1.102,0.0,0.0,0.0,8,16,7,3,0,0.0,0,0
3.278057,14,14,700,768,254,252,1586.305542,1742.495605,4,4,252.158221,245.502234,0.173485,0.085887,0.087598,1,1,1,1,1,0.0,0,1
0.001066,2,2,146,178,31,29,547842.4375,667917.4375,0,0,0.005,0.007,0.0,0.0,0.0,4,1,4,1,0,0.0,0,0
1.1e-05,2,0,114,0,254,0,41454544.0,0.0,0,0,0.011,0.0,0.0,0.0,0.0,7,4,4,4,2,0.0,0,1
0.393427,10,8,870,354,254,252,15921.63184,6303.583496,2,1,42.218889,54.34943,0.077741,0.012972,0.064769,1,1,1,1,1,1.0,0,1
0.78631,10,10,786,4246,62,252,7203.265625,38885.42578,2,3,87.365111,76.757,0.148059,0.095496,0.052563,1,1,2,1,1,1.0,0,1
0.416649,122,126,7804,15288,31,29,148633.5,291218.75,30,32,3.440479,3.328624,0.000704,0.000567,0.000137,2,2,1,1,0,0.0,0,0
0.004602,12,12,1036,2262,31,29,1651455.875,3605388.75,4,4,0.381909,0.365182,0.000732,0.000575,0.000157,7,3,2,1,0,0.0,0,0
0.408775,10,6,756,268,254,252,13327.625,4383.82959,2,1,41.981444,65.671,0.141891,0.080416,0.061475,6,2,2,2,1,0.0,0,1
0.029957,56,58,3390,40254,31,29,889274.625,10564476.0,7,22,0.538691,0.526518,0.000614,0.000468,0.000146,12,3,6,1,0,0.0,0,0
0.049864,92,90,5278,83708,31,29,837638.375,13280603.0,7,39,0.544495,0.553786,0.000687,0.000543,0.000144,5,3,8,2,0,0.0,0,0
1e-05,2,0,200,0,254,0,80000000.0,0.0,0,0,0.01,0.0,0.0,0.0,0.0,12,4,11,4,2,0.0,0,1
0.108903,72,74,4238,61854,31,29,307062.25,4482448.0,7,30,1.529451,1.483274,0.000793,0.000613,0.00018,18,11,16,4,0,0.0,0,0
1.397952,10,10,792,1170,62,252,4080.254639,6025.958008,2,2,155.328,138.182219,0.234367,0.124082,0.110285,3,1,1,3,1,1.0,0,1
0.844226,22,92,1710,115722,62,252,15474.5293,1084685.875,2,44,40.20124,8.908253,0.066245,0.008631,0.057614,1,1,2,1,1,1.0,0,1
0.004951,4,4,568,320,31,29,688345.75,387800.4375,0,0,1.229667,1.154333,0.0,0.0,0.0,12,6,11,4,0,0.0,0,0
0.395296,10,6,918,268,254,252,16736.82422,4533.311523,2,1,40.457889,66.954602,0.081368,0.060519,0.020849,2,1,1,1,1,1.0,0,1
0.004284,8,12,424,8824,31,29,692810.4375,15105509.0,1,4,0.568,0.345455,0.000628,0.00048,0.000148,3,7,7,6,0,0.0,0,0
0.013842,44,46,2766,25812,31,29,1562780.0,14593845.0,7,16,0.314907,0.294511,0.00071,0.000578,0.000132,8,2,8,2,0,0.0,0,0
0.842289,10,6,980,268,254,252,8377.172852,2127.535889,2,1,89.872,154.514594,0.167754,0.069707,0.098047,1,4,2,4,1,1.0,0,1
0.004443,8,12,424,8824,31,29,668017.125,14564933.0,1,4,0.589286,0.362,0.000582,0.000458,0.000124,3,6,6,4,0,0.0,0,0
0.124909,66,68,3926,58386,31,29,247668.3125,3684474.25,7,27,1.916231,1.855761,0.000749,0.000569,0.00018,17,4,7,3,0,0.0,0,0
0.001091,2,2,146,178,31,29,535288.6875,652612.25,0,0,0.01,0.009,0.0,0.0,0.0,6,11,14,3,0,0.0,0,0
1e-05,2,0,200,0,254,0,80000000.0,0.0,0,0,0.01,0.0,0.0,0.0,0.0,12,4,11,4,2,0.0,0,1
0.180031,10,6,1364,268,254,252,54568.37891,9953.84082,2,1,18.463778,34.714801,0.05261,0.006449,0.046161,1,1,1,1,1,1.0,0,1
0.184967,10,6,590,268,254,252,22966.25977,9688.214844,2,1,18.884444,34.484199,0.05776,0.012539,0.045221,1,1,1,1,1,0.0,0,1
0.017083,44,46,2766,24004,31,29,1266288.125,10997131.0,7,16,0.389279,0.375273,0.000716,0.000561,0.000155,8,2,5,1,0,0.0,0,0
14.539909,344,746,18370,1087900,31,29,10078.19238,597771.0,2,370,42.389468,19.515907,0.000685,0.000554,0.000131,2,2,2,1,0,1.0,0,0
0.018408,16,18,1540,1644,31,29,627553.25,674923.9375,4,4,1.203667,1.055647,0.000578,0.000458,0.00012,6,7,8,6,0,0.0,0,0
0.848679,10,6,978,268,254,252,8304.670898,2111.516846,2,1,94.297667,154.128203,0.172773,0.077406,0.095367,2,1,1,1,1,1.0,0,1
5e-06,2,0,114,0,254,0,91200000.0,0.0,0,0,0.005,0.0,0.0,0.0,0.0,10,3,4,3,2,0.0,0,1
1.005733,12,18,1580,10168,31,29,11525.92188,76394.03125,3,5,91.398,59.129238,0.000674,0.000528,0.000146,1,6,1,1,0,1.0,0,0
0.406861,8,10,364,3754,62,252,6272.412109,66440.38281,1,3,58.123,36.971778,0.151619,0.073393,0.078226,1,1,1,1,1,0.0,0,1
0.224524,10,8,830,960,62,252,26616.30664,29929.98438,2,2,24.947111,30.407428,0.055643,0.00698,0.048663,3,2,2,2,1,1.0,0,1
1e-05,2,0,114,0,254,0,45600000.0,0.0,0,0,0.01,0.0,0.0,0.0,0.0,16,4,4,4,2,0.0,0,1
0.664341,10,8,756,354,254,252,8200.608398,3733.022705,2,1,70.723444,86.79957,0.110124,0.056741,0.053383,7,2,2,2,1,0.0,0,1
0.335527,10,6,1146,268,254,252,24606.06641,5340.852051,2,1,34.047778,52.739398,0.142169,0.071822,0.070347,1,1,2,1,1,1.0,0,1
0.013993,44,46,2750,27682,31,29,1536768.375,15482599.0,7,16,0.316535,0.294533,0.000889,0.000729,0.00016,6,4,2,1,0,0.0,0,0
0.001071,2,2,146,178,31,29,545284.75,664799.25,0,0,0.011,0.008,0.0,0.0,0.0,2,3,1,1,0,0.0,0,0
0.036879,84,86,4862,79882,31,29,1042327.625,17127146.0,7,36,0.440229,0.427376,0.000672,0.000548,0.000124,4,3,2,2,0,0.0,0,0
0.922085,10,6,974,268,254,252,7608.843262,1943.421753,2,1,100.269222,163.729406,0.196591,0.103429,0.093162,3,1,3,2,1,1.0,0,1
0.574857,10,6,1126,268,254,252,14111.33594,3117.297119,2,1,60.544667,102.274602,0.102424,0.063476,0.038948,1,1,1,1,1,1.0,0,1
3.4e-05,2,0,114,0,254,0,13411764.0,0.0,0,0,0.034,0.0,0.0,0.0,0.0,10,4,4,4,2,0.0,0,1
2.259432,44,240,2254,308032,62,252,7800.19043,1086110.125,2,118,52.544929,9.059676,0.19473,0.087051,0.107679,1,1,2,1,1,1.0,0,1
0.000979,2,2,146,178,31,29,596527.0625,727272.75,0,0,0.004,0.01,0.0,0.0,0.0,5,6,1,1,0,0.0,0,0
5e-06,2,0,114,0,254,0,91200000.0,0.0,0,0,0.005,0.0,0.0,0.0,0.0,15,7,7,7,2,0.0,0,1
0.010874,38,40,2438,19918,31,29,1746551.375,14288026.0,7,13,0.285243,0.265923,0.00064,0.000497,0.000143,3,10,2,1,0,0.0,0,0
0.305571,10,14,952,10500,62,252,22436.68555,255259.8281,2,5,33.952333,18.923462,0.073395,0.055789,0.017606,1,1,1,1,1,1.0,0,1
0.823711,10,6,1204,268,254,252,10527.96484,2175.520264,2,1,88.556667,122.073203,0.284825,0.213338,0.071487,4,1,1,1,1,0.0,0,1
0.001761,4,4,528,304,31,29,1798977.875,1035775.125,0,0,0.424,0.234667,0.0,0.0,0.0,9,7,5,3,0,0.0,0,0
0.770928,22,94,1336,117206,62,252,13241.18457,1203328.875,2,45,36.696522,7.961839,0.062661,0.030468,0.032193,1,2,1,1,1,1.0,0,1
0.001147,2,2,146,178,31,29,509154.3125,620749.75,0,0,0.012,0.009,0.0,0.0,0.0,4,2,10,1,0,0.0,0,0
0.004046,8,10,1044,824,31,29,1807217.0,1467128.0,2,2,0.522286,0.386333,0.000699,0.000565,0.000134,2,2,10,1,0,1.0,0,0
1.005877,12,18,1580,10168,31,29,11524.27148,76383.09375,3,5,91.411364,59.138589,0.000649,0.000516,0.000133,8,2,1,1,0,0.0,0,0
0.001047,2,2,146,178,31,29,557784.125,680038.1875,0,0,0.011,0.008,0.0,0.0,0.0,8,5,5,3,0,0.0,0,0
0.004653,4,4,568,320,31,29,732430.75,412637.0313,0,0,1.185333,1.048667,0.0,0.0,0.0,7,4,4,3,0,0.0,0,0
1e-05,2,0,114,0,254,0,45600000.0,0.0,0,0,0.01,0.0,0.0,0.0,0.0,9,4,4,4,2,0.0,0,1
0.001068,2,2,146,178,31,29,546816.5,666666.6875,0,0,0.01,0.008,0.0,0.0,0.0,3,3,4,2,0,0.0,0,0
0.532886,10,14,838,9384,62,252,11334.50586,130819.7188,2,5,59.209556,36.457463,0.161256,0.058133,0.103123,1,1,17,1,1,1.0,0,1
1e-05,2,0,114,0,254,0,45600000.0,0.0,0,0,0.01,0.0,0.0,0.0,0.0,8,3,3,3,2,0.0,0,1
7e-06,2,0,114,0,254,0,65142856.0,0.0,0,0,0.007,0.0,0.0,0.0,0.0,8,1,1,1,2,0.0,0,1
0.216465,10,10,1188,5174,62,252,39544.5,172110.9688,2,3,24.051667,21.692333,0.05302,0.007847,0.045173,2,1,1,1,1,1.0,0,1
0.001209,2,2,146,178,31,29,483043.8438,588916.4375,0,0,0.008,0.008,0.0,0.0,0.0,1,2,3,1,0,0.0,0,0
1.449265,10,8,510,354,254,252,2533.697998,1711.21228,2,1,155.462,192.204859,0.173283,0.103829,0.069454,3,1,1,1,1,0.0,0,1
0.217975,24,26,2158,2568,31,29,75935.3125,90652.59375,6,6,9.460913,8.69596,0.000693,0.000565,0.000128,7,2,3,2,0,0.0,0,0
0.055581,72,74,4238,60964,31,29,601644.4375,8656339.0,7,30,0.777634,0.754425,0.000636,0.000504,0.000132,6,6,1,1,0,0.0,0,0
0.000997,2,2,130,162,31,29,521564.6875,649949.8125,0,0,0.009,0.006,0.0,0.0,0.0,4,1,1,1,0,0.0,0,0
0.026977,60,62,3598,46456,31,29,1049486.625,13554361.0,7,24,0.451644,0.43141,0.000813,0.00065,0.000163,5,1,1,1,0,0.0,0,0
0.019219,16,18,1540,1644,31,29,601071.875,646443.625,4,4,1.259933,1.103647,0.000578,0.000451,0.000127,6,7,8,6,0,0.0,0,0
1.1e-05,2,0,114,0,254,0,41454544.0,0.0,0,0,0.011,0.0,0.0,0.0,0.0,11,4,5,4,2,0.0,0,1
1.1e-05,2,0,114,0,254,0,41454544.0,0.0,0,0,0.011,0.0,0.0,0.0,0.0,6,4,4,4,2,0.0,0,1
1.008679,12,18,1580,10168,31,29,11492.25879,76170.91406,3,5,91.664911,59.299233,0.000731,0.000589,0.000142,1,7,2,2,0,1.0,0,0
0.005553,24,20,2158,1918,31,29,2980731.0,2626328.0,6,5,0.241435,0.251053,0.000802,0.000634,0.000168,4,4,5,2,0,0.0,0,0
1.1e-05,2,0,200,0,254,0,72727272.0,0.0,0,0,0.011,0.0,0.0,0.0,0.0,6,2,5,2,2,0.0,0,1
0.201753,10,6,502,268,254,252,17922.9043,8882.147461,2,1,20.809778,38.809199,0.025318,0.007696,0.017622,1,1,1,1,1,0.0,0,1
0.579309,10,6,510,268,254,252,6338.586426,3093.340576,2,1,62.282,84.345398,0.231178,0.157573,0.073605,7,2,2,8,1,1.0,0,1
1e-05,2,0,114,0,254,0,45600000.0,0.0,0,0,0.01,0.0,0.0,0.0,0.0,18,5,5,5,2,0.0,0,1
1.1e-05,2,0,114,0,254,0,41454544.0,0.0,0,0,0.011,0.0,0.0,0.0,0.0,11,7,11,7,2,0.0,0,1
1e-05,2,0,114,0,254,0,45600000.0,0.0,0,0,0.01,0.0,0.0,0.0,0.0,6,3,4,3,2,0.0,0,1
1.074019,12,18,1580,10168,31,29,10793.10547,71536.91406,3,5,97.604182,63.148703,0.000614,0.000485,0.000129,1,2,3,1,0,1.0,0,0
0.034917,78,80,4550,72164,31,29,1029183.5,16327176.0,7,33,0.449494,0.434051,0.000759,0.000617,0.000142,5,2,4,1,0,0.0,0,0
1e-05,2,0,114,0,254,0,45600000.0,0.0,0,0,0.01,0.0,0.0,0.0,0.0,7,3,3,3,2,0.0,0,1
0.001035,2,2,146,178,31,29,564251.25,687922.75,0,0,0.009,0.007,0.0,0.0,0.0,3,5,2,2,0,0.0,0,0
0.688868,20,18,966,3804,62,252,10660.96875,41726.42578,7,7,36.256211,37.407,0.074771,0.031014,0.043757,4,1,1,1,1,0.0,0,1
1.067878,12,18,1580,10168,31,29,10855.17285,71948.29688,3,5,97.047543,62.783763,0.000699,0.000549,0.00015,9,6,7,4,0,6.0,0,0
0.221826,10,10,1188,5174,62,252,38588.80469,167951.4531,2,3,24.647333,23.878333,0.051357,0.006321,0.045036,1,1,1,1,1,1.0,0,1
0.013634,16,18,1540,1644,31,29,847293.5625,911251.3125,4,4,0.888267,0.774882,0.000578,0.000455,0.000123,10,9,9,7,0,0.0,0,0
0.523098,10,10,608,646,254,252,8380.838867,8900.818359,2,3,58.122,47.591555,0.097596,0.047812,0.049784,4,2,1,1,1,0.0,0,0
1.043904,14,18,1684,10168,31,29,11985.77734,73600.64063,3,5,80.274385,61.378235,0.000591,0.000472,0.000119,3,5,1,2,0,1.0,0,0
1.17671,10,10,772,1262,62,252,4725.038574,7723.228027,2,2,130.745556,121.183109,0.148547,0.085421,0.063126,1,4,21,6,1,1.0,0,1
0.291934,26,28,4352,2976,31,29,114683.4531,78647.90625,7,7,11.65752,10.791,0.000717,0.000573,0.000144,9,2,2,2,0,0.0,0,0
1e-05,2,0,200,0,254,0,80000000.0,0.0,0,0,0.01,0.0,0.0,0.0,0.0,14,6,6,6,2,0.0,0,1
0.018364,16,18,1540,1644,31,29,629056.875,676541.0625,4,4,1.203067,1.052235,0.00062,0.000473,0.000147,3,2,3,2,0,0.0,0,0
0.020623,52,40,37220,3276,31,29,14160888.0,1239392.875,18,8,0.397431,0.515128,0.000664,0.000528,0.000136,4,19,8,5,0,0.0,0,0
1e-05,2,0,200,0,254,0,80000000.0,0.0,0,0,0.01,0.0,0.0,0.0,0.0,11,4,8,4,2,0.0,0,1
0.498164,10,6,800,268,254,252,11562.45703,3597.208984,2,1,55.237556,94.552203,0.054302,0.025394,0.028908,1,1,16,1,1,1.0,0,1
4e-06,2,0,114,0,254,0,114000000.0,0.0,0,0,0.004,0.0,0.0,0.0,0.0,7,5,4,4,2,0.0,0,1
1.361262,26,140,1118,185354,62,252,6317.666992,1081531.75,0,64,55.880883,10.466272,0.070335,0.015549,0.054786,2,4,4,10,1,2.0,0,1
2.695311,14,6,5214,268,254,252,14371.625,664.858337,6,1,206.570841,536.540813,0.061024,0.012598,0.048426,2,1,15,1,1,1.0,0,1
0.050973,40,42,2558,23320,31,29,391579.875,3572872.0,7,14,1.295308,1.229317,0.000697,0.000567,0.00013,5,4,4,1,0,0.0,0,0
8e-06,2,0,114,0,254,0,57000000.0,0.0,0,0,0.008,0.0,0.0,0.0,0.0,10,5,4,4,2,0.0,0,1
7e-06,2,0,114,0,254,0,65142856.0,0.0,0,0,0.007,0.0,0.0,0.0,0.0,14,4,5,4,2,0.0,0,1
1.054436,10,10,820,2082,62,252,5599.202148,14218.02832,2,2,117.159556,103.609,0.155743,0.071329,0.084414,1,1,1,1,1,1.0,0,1
0.005823,22,24,1958,2308,31,29,2567748.75,3038983.5,6,6,0.260524,0.224,0.000791,0.000636,0.000155,4,3,3,2,0,0.0,0,0
0.383387,10,6,532,268,254,252,9995.12207,4674.128418,2,1,37.637667,64.016199,0.116409,0.063303,0.053106,4,2,2,2,1,0.0,0,1
0.012776,38,40,2438,19242,31,29,1486537.25,11747651.0,7,13,0.336784,0.315179,0.000612,0.00048,0.000132,13,1,2,1,0,0.0,0,0
0.186488,10,6,1066,268,254,252,41182.27344,9609.197266,2,1,19.482,34.522,0.062527,0.013871,0.048656,2,1,1,1,1,1.0,0,1
0.025382,52,54,2934,3742,31,29,907099.5625,1157670.875,11,15,0.491373,0.467774,0.000745,0.000586,0.000159,1,5,7,4,0,0.0,0,0
0.00461,4,4,568,312,31,29,739262.4375,406073.75,0,0,1.216,1.044667,0.0,0.0,0.0,11,5,4,3,0,0.0,0,0
0.187249,10,6,1552,268,254,252,59685.23047,9570.144531,2,1,19.189333,35.706199,0.062629,0.008697,0.053932,1,1,1,1,1,1.0,0,1
0.446496,12,8,994,730,254,252,16340.57129,11449.15039,3,2,40.530819,60.37157,0.076269,0.023889,0.05238,6,1,1,1,1,0.0,0,1
1.1e-05,2,0,114,0,254,0,41454544.0,0.0,0,0,0.011,0.0,0.0,0.0,0.0,3,3,3,3,2,0.0,0,1
2.07914,28,90,1412,99170,62,252,5240.628418,377344.5,6,43,77.005182,23.002708,0.047815,0.031181,0.016634,1,1,2,1,1,0.0,0,1
7e-06,2,0,114,0,254,0,65142856.0,0.0,0,0,0.007,0.0,0.0,0.0,0.0,14,7,7,7,2,0.0,0,1
0.384217,12,18,922,17674,62,252,17615.04688,347574.4375,2,7,34.916365,21.476176,0.033965,0.019113,0.014852,2,16,2,2,1,4.0,0,1
0.36121,10,6,900,268,254,252,17939.70313,4961.103027,2,1,40.134444,58.021801,0.073788,0.020893,0.052895,2,1,10,1,1,1.0,0,1
0.016074,36,40,2334,16206,31,29,1129774.75,7864128.5,7,12,0.449,0.383846,0.001257,0.0011,0.000157,6,3,4,1,0,0.0,0,0
0.001783,4,4,520,304,31,29,1749859.875,1022995.0,0,0,0.451,0.233667,0.0,0.0,0.0,9,4,4,3,0,0.0,0,0
1.1e-05,2,0,114,0,254,0,41454544.0,0.0,0,0,0.011,0.0,0.0,0.0,0.0,12,7,7,7,2,0.0,0,1
0.008996,22,14,1470,1728,31,29,1248555.0,1427301.125,5,4,0.428381,0.600538,0.000611,0.000486,0.000125,5,3,5,2,0,0.0,0,0
0.021985,56,58,3390,41228,31,29,1211735.25,14743871.0,7,22,0.393182,0.375158,0.000728,0.00059,0.000138,4,3,4,2,0,0.0,0,0
0.001001,2,2,146,178,31,29,583416.5625,711288.6875,0,0,0.008,0.006,0.0,0.0,0.0,3,3,2,1,0,0.0,0,0
1.569719,14,14,1630,5446,62,252,7716.030762,25772.76563,4,4,120.685,115.561461,0.145685,0.06741,0.078275,1,1,1,1,1,1.0,0,1
0.019185,16,18,1540,1644,31,29,602137.125,647589.3125,4,4,1.257533,1.080941,0.001536,0.000805,0.000731,11,6,8,6,0,0.0,0,0
0.498175,30,20,17082,1760,62,252,265175.9063,26850.00195,12,8,17.178449,25.229211,0.03036,0.01827,0.01209,1,1,1,1,1,0.0,0,1
0.015193,46,48,2854,30384,31,29,1470150.625,15665635.0,7,17,0.328378,0.312957,0.000611,0.000478,0.000133,5,3,2,1,0,0.0,0,0
0.861663,10,10,1226,1850,62,252,10249.94727,15458.48047,2,2,95.740333,86.620555,0.13882,0.081753,0.057067,1,1,1,1,1,1.0,0,1
4e-06,2,0,114,0,254,0,114000000.0,0.0,0,0,0.004,0.0,0.0,0.0,0.0,13,7,7,7,2,0.0,0,1
0.222577,8,12,424,8824,31,29,13334.71094,290739.8125,1,4,31.752571,20.18709,0.00064,0.000515,0.000125,3,4,4,3,0,0.0,0,0
1.306472,8,10,364,3754,62,252,1953.352295,20690.83789,1,3,186.638857,135.094111,0.205547,0.089828,0.115719,1,2,2,2,1,0.0,0,1
1e-05,2,0,114,0,254,0,45600000.0,0.0,0,0,0.01,0.0,0.0,0.0,0.0,7,3,3,3,2,0.0,0,1
6.94201,52,54,2934,3742,31,29,3316.618652,4232.779785,11,15,136.108484,130.972016,0.000613,0.00049,0.000123,1,4,3,2,0,0.0,0,0
0.690364,10,6,1388,268,254,252,14485.11231,2595.732178,2,1,76.707111,125.394602,0.132894,0.062695,0.070199,1,1,2,1,1,1.0,0,1
0.00179,4,4,536,304,31,29,1796648.0,1018994.438,0,0,0.452,0.229,0.0,0.0,0.0,14,3,4,2,0,0.0,0,0
0.521778,8,6,694,268,62,252,3434.410889,9321.972656,1,1,65.649711,104.217203,0.0,0.0,0.0,1,1,5,1,1,0.0,0,1
0.569486,10,6,818,268,254,252,10353.19531,3146.697021,2,1,59.030444,101.091203,0.138111,0.064021,0.07409,1,1,2,1,1,1.0,0,1
1.373169,22,24,1920,4312,31,29,10678.94824,24078.61133,6,6,64.968762,59.674783,0.000773,0.000638,0.000135,4,5,1,1,0,0.0,0,0
0.074508,126,124,12648,13202,31,29,1347291.625,1406131.0,35,33,0.596064,0.597992,0.000985,0.000821,0.000164,3,3,1,1,0,0.0,0,0
0.298275,14,6,8928,320,31,29,222371.9844,7161.176758,4,1,22.944231,59.525801,0.001452,0.000516,0.000936,4,3,3,2,0,0.0,0,0
0.525732,52,42,37342,3380,31,29,557303.0,50215.69922,18,8,10.301392,12.810464,0.000633,0.000498,0.000135,1,2,11,1,0,0.0,0,0
1.590309,16,56,1788,65231,62,252,8436.09668,322287.0625,2,25,106.020601,26.187582,0.151817,0.104683,0.047134,1,1,1,1,1,1.0,0,1
4e-06,2,0,200,0,254,0,200000000.0,0.0,0,0,0.004,0.0,0.0,0.0,0.0,14,6,9,6,2,0.0,0,1
0.004647,4,4,568,304,31,29,733376.3125,392511.2813,0,0,1.249333,1.04,0.0,0.0,0.0,7,4,3,3,0,0.0,0,0
32.677292,352,746,18786,1087900,31,29,4586.181641,265980.9063,2,370,93.096806,43.861415,0.000672,0.000537,0.000135,2,2,3,1,0,1.0,0,0
6e-06,2,0,524,0,254,0,349333312.0,0.0,0,0,0.006,0.0,0.0,0.0,0.0,1,1,1,1,2,0.0,0,1
0.033663,72,74,4238,61150,31,29,993375.5,14335977.0,7,30,0.454408,0.453699,0.000691,0.000539,0.000152,8,4,2,1,0,0.0,0,0
1.006946,14,18,1684,10168,31,29,12425.69141,76302.00781,3,5,77.354536,59.197706,0.000736,0.000581,0.000155,1,5,4,1,0,1.0,0,0
0.014867,46,48,2854,29218,31,29,1502387.75,15395170.0,7,17,0.3234,0.304532,0.000699,0.000548,0.000151,17,5,3,1,0,0.0,0,0
3e-06,2,0,200,0,254,0,266666656.0,0.0,0,0,0.003,0.0,0.0,0.0,0.0,14,4,7,4,2,0.0,0,1
0.00159,4,4,512,304,31,29,1932075.5,1147169.75,0,0,0.407667,0.198333,0.0,0.0,0.0,10,4,5,3,0,0.0,0,0
1.354475,126,124,12648,13202,31,29,74112.84375,77349.52344,35,33,10.8358,11.096418,0.000708,0.000573,0.000135,9,14,8,6,0,0.0,0,0
0.227835,10,6,1002,268,254,252,31672.04297,7865.341309,2,1,21.684556,41.447199,0.033495,0.02059,0.012905,2,1,1,1,1,1.0,0,1
5e-06,2,0,1064,0,254,0,851200000.0,0.0,0,0,0.005,0.0,0.0,0.0,0.0,3,1,1,1,2,0.0,0,1
4e-06,2,0,200,0,254,0,72727272.0,0.0,0,0,0.011,0.0,0.0,0.0,0.0,14,6,6,6,2,0.0,0,1
2.703408,334,679,17850,987390,31,29,52665.375,2917609.25,2,329,8.117195,3.986547,0.000661,0.000524,0.000137,28,10,30,10,0,3.0,0,0
0.401629,10,12,908,7524,62,252,16293.64453,137380.5156,2,4,44.625444,28.655362,0.114275,0.060805,0.05347,3,1,2,3,1,1.0,0,1
0.81425,12,14,1152,7670,62,252,10375.19238,69983.42188,3,5,74.011818,55.654999,0.164869,0.09073,0.074139,2,2,26,3,1,1.0,0,1
1.01693,52,42,37164,3380,31,29,286745.4063,25960.49023,18,8,19.932569,24.791293,0.000768,0.000484,0.000284,1,7,1,1,0,0.0,0,0
0.184354,10,6,1060,268,254,252,41398.61328,9720.428711,2,1,20.483778,34.073602,0.056729,0.008498,0.048231,1,1,1,1,1,1.0,0,1
5e-06,2,0,114,0,254,0,91200000.0,0.0,0,0,0.005,0.0,0.0,0.0,0.0,17,7,7,7,2,0.0,0,1
0.846686,52,54,2934,3742,31,29,27193.08008,34704.71875,11,15,16.595158,15.965528,0.000672,0.000508,0.000164,1,2,2,2,0,0.0,0,0
0.77448,10,8,838,354,254,252,7798.78125,3202.148682,2,1,83.071,93.920859,0.213715,0.117026,0.096689,1,1,2,2,1,1.0,0,1
0.014864,44,46,2766,28906,31,29,1455328.375,15219591.0,7,16,0.33814,0.318978,0.000647,0.000507,0.00014,10,3,4,2,0,0.0,0,0
0.229965,24,24,4376,2768,31,29,145900.4688,92292.30469,7,7,9.984304,9.975608,0.000654,0.000521,0.000133,9,4,6,3,0,0.0,0,0
9.14154,366,746,19514,1087890,31,29,17030.83008,950765.0,2,370,25.044402,12.269863,0.000614,0.000489,0.000125,3,3,2,2,0,1.0,0,0
0.026641,44,44,2750,24330,31,29,807176.875,7140272.5,7,15,0.611558,0.604558,0.000772,0.000634,0.000138,3,2,2,1,0,0.0,0,0
0.623533,10,12,818,8022,62,252,9455.794922,94352.66406,2,4,69.281444,47.32609,0.167473,0.102253,0.06522,2,1,2,1,1,1.0,0,1
0.786303,10,10,1232,1164,254,252,11283.18262,10662.55664,2,2,87.367,82.653891,0.099832,0.042014,0.057818,1,2,5,1,1,0.0,0,1
0.024898,52,54,2934,3742,31,29,924732.9375,1180175.125,11,15,0.491,0.459264,0.000698,0.000553,0.000145,1,5,4,3,0,0.0,0,0
0.768823,122,126,7812,14706,31,29,80621.9375,151816.4688,30,32,6.350884,6.146856,0.000598,0.000462,0.000136,10,5,3,1,0,0.0,0,0
0.360728,10,6,886,268,254,252,17697.54492,4967.731934,2,1,35.471,65.505398,0.061774,0.033185,0.028589,1,2,1,1,1,1.0,0,1
20.473515,560,1076,31290,1377916,31,29,12205.03711,537918.8125,47,490,36.624683,19.04464,0.000668,0.000537,0.000131,12,3,3,3,0,0.0,0,0
0.004914,18,18,4104,2456,31,29,6310134.0,3776963.75,7,7,0.270471,0.255706,0.000696,0.000563,0.000133,11,7,7,7,0,0.0,0,0
3e-06,2,0,200,0,254,0,80000000.0,0.0,0,0,0.01,0.0,0.0,0.0,0.0,15,8,8,8,2,0.0,0,1
4e-06,2,0,114,0,254,0,114000000.0,0.0,0,0,0.004,0.0,0.0,0.0,0.0,17,7,8,7,2,0.0,0,1
1.480042,10,8,564,354,254,252,2745.868164,1675.628174,2,1,164.433333,203.035281,0.130493,0.058793,0.0717,4,1,1,1,1,0.0,0,1
1.1e-05,2,0,200,0,254,0,72727272.0,0.0,0,0,0.011,0.0,0.0,0.0,0.0,14,6,5,5,2,0.0,0,1
0.130663,2,2,152,82,254,60,4653.191895,2510.274658,0,0,0.007,0.009,0.0,0.0,0.0,9,2,2,2,3,0.0,0,1
0.001021,2,2,146,178,31,29,571988.25,697355.5625,0,0,0.011,0.006,0.0,0.0,0.0,2,2,1,1,0,0.0,0,0
0.000925,2,2,130,162,31,29,562162.1875,700540.5625,0,0,0.002,0.002,0.0,0.0,0.0,4,1,2,1,0,0.0,0,0
1.090733,112,20,136019,870,254,252,988729.5625,6065.645508,53,1,9.725649,56.477789,0.059692,0.017647,0.042045,2,1,1,1,1,1.0,0,1
2.640702,10,10,840,2108,62,252,2290.300049,5749.986328,2,2,293.411333,282.325438,0.139464,0.078775,0.060689,1,2,20,4,1,1.0,0,1
0.001101,2,2,146,178,31,29,530426.875,646684.8125,0,0,0.012,0.002,0.0,0.0,0.0,3,9,3,1,0,0.0,0,0
0.429478,10,6,962,268,254,252,16131.21094,4172.507324,2,1,43.071111,78.371398,0.094459,0.037612,0.056847,1,1,1,1,1,1.0,0,1
0.711039,10,6,504,268,254,252,5108.018066,2520.255615,2,1,78.907333,113.747203,0.26045,0.142301,0.118149,5,3,4,3,1,0.0,0,1
1.1e-05,2,0,200,0,254,0,72727272.0,0.0,0,0,0.011,0.0,0.0,0.0,0.0,8,2,2,2,2,0.0,0,1
0.018327,16,18,1540,1644,31,29,630326.875,677906.9375,4,4,1.200467,1.049235,0.000616,0.000484,0.000132,4,11,6,4,0,0.0,0,0
0.004849,4,4,568,320,31,29,702825.3125,395957.9375,0,0,1.245333,1.110333,0.0,0.0,0.0,8,6,3,3,0,0.0,0,0
0.001069,2,2,146,178,31,29,546304.9375,666043.0625,0,0,0.004,0.009,0.0,0.0,0.0,6,2,3,1,0,0.0,0,0
0.001074,2,2,146,178,31,29,543761.625,662942.25,0,0,0.007,0.008,0.0,0.0,0.0,2,2,1,1,0,0.0,0,0
0.010889,38,40,2438,19422,31,29,1744145.375,13912756.0,7,13,0.285216,0.264359,0.000698,0.000568,0.00013,3,3,6,2,0,0.0,0,0
0.767174,14,36,956,42930,62,252,9259.958984,435238.9375,2,16,59.013383,20.428543,0.164883,0.051557,0.113326,1,1,1,1,1,1.0,0,1
0.001019,2,2,146,178,31,29,573110.9375,698724.25,0,0,0.002,0.009,0.0,0.0,0.0,20,8,11,6,0,0.0,0,0
1.263165,10,10,480,462,254,252,2735.984619,2634.651855,2,2,140.351667,133.458562,0.136919,0.061298,0.075621,2,1,1,1,1,0.0,0,1
1.168741,10,6,2516,268,254,252,15503.86328,1533.273804,2,1,123.038,217.949203,0.137628,0.078984,0.058644,1,4,1,1,1,0.0,0,1
0.010368,24,24,2024,4312,31,29,1496913.625,3189043.25,6,6,0.435348,0.42513,0.000716,0.000579,0.000137,2,3,1,1,0,0.0,0,0
0.018853,16,18,1540,1644,31,29,612740.6875,658993.3125,4,4,1.235667,1.073529,0.000723,0.000597,0.000126,8,7,12,7,0,0.0,0,0
0.013879,42,44,2646,24316,31,29,1488868.0,13697817.0,7,15,0.330854,0.308047,0.000783,0.000623,0.00016,2,3,4,2,0,0.0,0,0
0.781963,10,10,852,1338,62,252,7846.918457,12327.94922,2,2,86.884778,76.570664,0.136221,0.092212,0.044009,1,1,1,1,1,1.0,0,1
0.01194,40,42,2542,23154,31,29,1660971.625,15144389.0,7,14,0.297462,0.283,0.000765,0.00061,0.000155,4,2,2,1,0,0.0,0,0
4e-06,2,0,200,0,254,0,100000000.0,0.0,0,0,0.008,0.0,0.0,0.0,0.0,23,8,8,8,2,0.0,0,1
0.367627,12,12,1764,4692,62,252,35187.83984,93594.86719,3,4,33.420637,32.064545,0.063094,0.014267,0.048827,1,15,1,1,1,1.0,0,1
0.415701,12,26,1382,29462,62,252,24382.91016,545180.3125,2,11,37.791001,13.7572,0.081234,0.051344,0.02989,2,1,1,1,1,1.0,0,1
2e-06,2,0,114,0,254,0,228000000.0,0.0,0,0,0.002,0.0,0.0,0.0,0.0,11,4,4,4,2,0.0,0,1
0.272761,10,8,802,998,62,252,21176.04883,25634.16406,2,2,30.306778,35.871855,0.068997,0.012099,0.056898,1,1,1,1,1,1.0,0,1
0.080386,6,8,320,1942,31,29,26571.79102,169183.6875,1,2,16.0142,11.408286,0.000652,0.000524,0.000128,6,4,4,1,0,0.0,0,0
3.471932,122,126,7810,15844,31,29,17848.27539,36219.60547,30,32,28.690645,27.77108,0.000706,0.000544,0.000162,11,12,4,3,0,0.0,0,0
0.014832,40,42,2542,23122,31,29,1337108.875,12174757.0,7,14,0.372077,0.34561,0.000824,0.000659,0.000165,6,4,3,2,0,0.0,0,0
0.216794,10,8,856,1648,62,252,28450.97266,53211.80469,2,2,24.088222,29.464715,0.051734,0.006742,0.044992,1,1,1,1,1,1.0,0,1
58.894917,50,0,5400,0,254,0,718.8396,0.0,0,0,1251.720125,0.0,0.0,0.0,0.0,7,4,4,4,6,0.0,0,1
0.001003,2,2,146,178,31,29,582253.25,709870.4375,0,0,0.01,0.007,0.0,0.0,0.0,10,4,2,2,0,0.0,0,0
0.188085,10,6,1950,268,254,252,74647.10156,9527.607422,2,1,19.090222,36.191602,0.05286,0.007122,0.045738,1,2,1,2,1,1.0,0,1
0.701174,10,8,1282,354,254,252,13166.48926,3536.925049,2,1,77.908222,86.084859,0.123098,0.057806,0.065292,4,2,4,2,1,0.0,0,1
0.007959,24,20,2158,1918,31,29,2079658.25,1832391.0,6,5,0.361773,0.297211,0.002331,0.00218,0.000151,13,2,6,1,0,0.0,0,0
1e-05,2,0,114,0,254,0,45600000.0,0.0,0,0,0.01,0.0,0.0,0.0,0.0,2,1,2,1,2,0.0,0,1
0.004386,22,14,1470,1728,31,29,2560875.5,2927496.75,5,4,0.208857,0.280769,0.000736,0.000603,0.000133,6,1,1,1,0,0.0,0,0
1.995461,10,8,1222,354,254,252,4410.008301,1242.820557,2,1,211.469667,275.322156,0.119736,0.068201,0.051535,1,1,2,1,1,1.0,0,1
0.354846,28,30,4400,3080,31,29,95658.39844,67138.98438,7,7,13.130889,12.216896,0.000718,0.000551,0.000167,6,4,3,3,0,0.0,0,0
0.030929,40,42,2558,23268,31,29,645349.0625,5875133.5,7,14,0.806184,0.740073,0.000738,0.000585,0.000153,13,2,4,1,0,0.0,0,0
1.009881,12,18,1580,10168,31,29,11478.58008,76080.25,3,5,91.775092,59.373761,0.000652,0.000522,0.00013,1,1,3,1,0,1.0,0,0
5e-06,2,0,114,0,254,0,91200000.0,0.0,0,0,0.005,0.0,0.0,0.0,0.0,11,3,3,3,2,0.0,0,1
0.015967,34,36,2230,13500,31,29,1084737.25,6576063.0,7,11,0.474212,0.439371,0.000688,0.000578,0.00011,6,2,4,1,0,0.0,0,0
0.001082,2,2,146,178,31,29,539741.25,658040.6875,0,0,0.011,0.009,0.0,0.0,0.0,3,2,5,1,0,0.0,0,0
1.1e-05,2,0,200,0,254,0,72727272.0,0.0,0,0,0.011,0.0,0.0,0.0,0.0,8,2,9,2,2,0.0,0,1
5e-06,2,0,180,0,254,0,65454544.0,0.0,0,0,0.011,0.0,0.0,0.0,0.0,5,4,5,4,2,0.0,0,1
0.001063,2,2,146,178,31,29,549388.5625,669802.5,0,0,0.011,0.009,0.0,0.0,0.0,5,1,1,1,0,0.0,0,0
0.271752,12,8,1204,1974,254,252,32500.2207,50869.91016,3,2,24.704727,37.22443,0.052434,0.006585,0.045849,2,1,1,1,1,0.0,0,1
32.566692,16,8,984,354,254,252,226.734726,76.151421,4,0,2167.297931,4627.45,0.0,0.0,0.0,3,2,2,2,1,0.0,0,1
0.19539,10,6,972,268,254,252,35825.78516,9171.400391,2,1,20.084111,37.333602,0.052297,0.008719,0.043578,1,1,1,1,1,1.0,0,1
0.672488,10,8,564,354,254,252,6043.230957,3687.79834,2,1,74.720889,94.142859,0.06062,0.012663,0.047957,2,1,1,1,1,0.0,0,1
12.308777,616,1172,34338,1499818,31,29,22281.98633,973964.5,51,532,20.046371,10.510943,0.000598,0.000459,0.000139,13,7,3,3,0,0.0,0,0
1.225601,10,8,834,354,254,252,4902.084961,2023.49707,2,1,136.177889,166.469578,0.125441,0.059661,0.06578,1,1,1,1,1,1.0,0,1
10.942649,442,858,24848,1094788,31,29,18125.04492,799450.3125,38,390,24.812558,12.767939,0.000669,0.000521,0.000148,8,2,2,2,0,0.0,0,0
5.662634,16,14,1114,2246,62,252,1476.344727,2947.038574,4,4,377.508925,434.019531,0.087291,0.019699,0.067592,14,11,6,4,1,0.0,0,1
0.221943,10,12,794,6494,62,252,25772.38281,214577.6094,2,4,24.660333,18.412636,0.067855,0.014711,0.053144,1,1,1,1,1,1.0,0,1
0.303267,10,6,884,268,254,252,20997.99805,5908.984375,2,1,33.696333,44.612398,0.119974,0.061126,0.058848,3,3,2,2,1,4.0,0,1
0.012354,40,42,2558,23268,31,29,1615671.125,14708759.0,7,14,0.314816,0.287659,0.000671,0.00055,0.000121,5,3,5,1,0,0.0,0,0
8e-06,2,0,114,0,254,0,57000000.0,0.0,0,0,0.008,0.0,0.0,0.0,0.0,7,4,4,4,2,0.0,0,1
0.241061,10,6,1262,268,254,252,37700.0,7433.803223,2,1,24.802333,44.155199,0.071721,0.020266,0.051455,1,1,6,1,1,1.0,0,1
1.1e-05,2,0,114,0,254,0,41454544.0,0.0,0,0,0.011,0.0,0.0,0.0,0.0,12,3,4,3,2,0.0,0,1
0.424082,28,30,4688,3080,31,29,85285.39063,56177.8125,7,7,15.694926,14.605552,0.000678,0.000517,0.000161,5,5,3,3,0,0.0,0,0
4e-06,2,0,200,0,254,0,200000000.0,0.0,0,0,0.004,0.0,0.0,0.0,0.0,14,4,11,4,2,0.0,0,1
0.737589,10,8,844,1762,62,252,8243.073242,16724.76172,2,2,81.954333,92.02343,0.231798,0.092713,0.139085,2,1,2,1,1,1.0,0,1
0.486965,52,42,37396,3380,31,29,602540.25,54213.33984,18,8,9.521471,11.864464,0.000655,0.000518,0.000137,2,1,1,1,0,0.0,0,0
0.004491,8,12,424,8824,31,29,660877.3125,14409263.0,1,4,0.595143,0.362545,0.000635,0.0005,0.000135,3,7,7,4,0,0.0,0,0
1.2e-05,2,0,114,0,254,0,38000000.0,0.0,0,0,0.012,0.0,0.0,0.0,0.0,17,5,5,5,2,0.0,0,1
0.189777,10,6,1504,268,254,252,57077.51563,9442.661133,2,1,19.604444,36.590199,0.051605,0.006817,0.044788,1,1,1,2,1,1.0,0,1
0.003889,8,10,1048,824,31,29,1886346.125,1526356.375,2,2,0.505429,0.377333,0.000634,0.000489,0.000145,3,5,11,2,0,1.0,0,0
0.019564,16,18,1540,1644,31,29,590472.25,635043.9375,4,4,1.2832,1.122235,0.000616,0.000482,0.000134,8,6,11,6,0,0.0,0,0
0.5649,10,8,782,1066,62,252,9969.90625,13212.95801,2,2,62.766667,70.554141,0.1248,0.070306,0.054494,1,1,1,1,1,1.0,0,1
0.00321,14,8,8928,424,31,29,20662928.0,924610.5625,4,1,0.246923,0.364286,0.00066,0.000526,0.000134,3,5,7,4,0,0.0,0,0
1.965326,52,42,37252,3380,31,29,148722.4063,13432.88672,18,8,38.528531,47.915977,0.000923,0.000767,0.000156,8,6,4,4,0,0.0,0,0
0.00812,34,36,2230,13968,31,29,2133004.75,13379310.0,7,11,0.233121,0.217629,0.000619,0.000499,0.00012,7,4,2,1,0,0.0,0,0
0.943325,10,8,852,354,254,252,6504.651367,2628.998535,2,1,104.806222,120.316711,0.172504,0.1011,0.071404,2,1,2,1,1,1.0,0,1
0.024421,52,40,37266,3276,31,29,11973301.0,1046640.125,18,8,0.471902,0.612718,0.000642,0.000521,0.000121,2,1,4,1,0,0.0,0,0
8e-06,2,0,114,0,254,0,57000000.0,0.0,0,0,0.008,0.0,0.0,0.0,0.0,3,5,3,3,2,0.0,0,1
1.76693,52,42,37502,3380,31,29,166530.6563,14941.16895,18,8,34.638766,43.084293,0.000598,0.000471,0.000127,1,4,6,2,0,0.0,0,0
4.662887,122,126,7816,15606,31,29,13299.91504,26563.80078,30,32,38.53319,37.299321,0.00059,0.000467,0.000123,2,2,2,1,0,0.0,0,0
0.613747,28,30,5080,3080,31,29,63856.92969,38817.29688,7,7,22.717481,21.143311,0.000737,0.000587,0.00015,5,2,1,1,0,0.0,0,0
1.270192,12,10,1018,800,254,252,5882.575195,4534.747559,3,2,110.662455,132.962437,0.185786,0.073528,0.112258,2,2,1,1,1,0.0,0,1
0.025052,60,64,3614,44810,31,29,1134919.375,14085901.0,7,24,0.419102,0.388302,0.000715,0.000578,0.000137,5,2,2,1,0,0.0,0,0
8e-06,2,0,114,0,254,0,57000000.0,0.0,0,0,0.008,0.0,0.0,0.0,0.0,11,4,4,4,2,0.0,0,1
0.611882,10,8,846,1250,62,252,9962.706055,14303.41211,2,2,67.986889,78.871289,0.162585,0.059118,0.103467,1,1,2,1,1,1.0,0,1
1.884518,10,10,848,1192,62,252,3243.269531,4555.010742,2,2,209.390889,197.650563,0.190521,0.104996,0.085525,2,1,1,1,1,1.0,0,1
5e-06,2,0,200,0,254,0,160000000.0,0.0,0,0,0.005,0.0,0.0,0.0,0.0,19,4,5,4,2,0.0,0,1
1.1e-05,2,0,114,0,254,0,41454544.0,0.0,0,0,0.011,0.0,0.0,0.0,0.0,13,4,4,4,2,0.0,0,1
1.285368,10,8,870,354,254,252,4873.3125,1929.408569,2,1,135.183111,167.586719,0.274228,0.112259,0.161969,1,1,1,1,1,1.0,0,1
0.772247,16,48,1078,57793,62,252,10473.33301,586226.9375,2,22,51.483133,14.646447,0.173012,0.083133,0.089879,2,3,1,1,1,1.0,0,1
0.32423,10,8,808,1034,62,252,17962.55859,22329.82813,2,2,36.025556,42.774,0.075366,0.024118,0.051248,3,1,1,1,1,1.0,0,1
0.245332,10,6,1524,268,254,252,44739.375,7304.387207,2,1,25.858222,36.174199,0.121929,0.064453,0.057476,9,2,2,2,1,0.0,0,1
0.004088,8,10,1040,824,31,29,1780822.0,1452054.875,2,2,0.532714,0.398556,0.000626,0.000496,0.00013,1,3,10,1,0,1.0,0,0
7e-06,2,0,200,0,254,0,114285712.0,0.0,0,0,0.007,0.0,0.0,0.0,0.0,4,3,10,3,2,0.0,0,1
0.035154,24,26,2048,2410,31,29,446720.1563,527507.5625,6,7,1.513826,1.38456,0.00067,0.000536,0.000134,8,3,1,1,0,0.0,0,0
1.073434,10,8,534,354,254,252,3584.75708,2310.342285,2,1,119.270444,141.972859,0.197619,0.078792,0.118827,5,1,2,1,1,0.0,0,1
0.004621,4,4,568,312,31,29,737502.6875,405107.125,0,0,1.249,1.035333,0.0,0.0,0.0,3,4,4,3,0,0.0,0,0
0.040872,122,126,7804,14860,31,29,1515169.25,2885692.0,30,32,0.337533,0.3228,0.000652,0.000519,0.000133,7,4,3,1,0,0.0,0,0
0.428885,16,10,2738,2560,254,252,47882.29688,42976.55469,5,3,28.592333,41.923777,0.064948,0.050809,0.014139,1,1,1,1,1,0.0,0,1
7e-06,2,0,114,0,254,0,65142856.0,0.0,0,0,0.007,0.0,0.0,0.0,0.0,14,11,7,7,2,0.0,0,1
0.028879,40,42,2542,21294,31,29,686727.375,5758371.0,7,14,0.732026,0.690976,0.000681,0.000544,0.000137,10,4,4,1,0,0.0,0,0
0.081649,56,58,3390,44426,31,29,326274.6563,4277921.5,7,22,1.477691,1.412825,0.001303,0.001117,0.000186,11,1,2,1,0,0.0,0,0
0.001048,2,2,130,162,31,29,496183.2188,618320.625,0,0,0.008,0.008,0.0,0.0,0.0,2,3,5,1,0,0.0,0,0
6e-06,2,0,200,0,254,0,133333328.0,0.0,0,0,0.006,0.0,0.0,0.0,0.0,12,6,6,6,2,0.0,0,1
1.246182,14,18,1684,10168,31,29,10040.26758,61653.91797,3,5,95.832618,73.259647,0.001941,0.000767,0.001174,5,1,2,3,0,1.0,0,0
0.013955,36,38,2334,16102,31,29,1301325.75,8988320.0,7,12,0.389057,0.363919,0.000613,0.000486,0.000127,8,3,2,1,0,0.0,0,0
0.001081,2,2,146,178,31,29,540240.5625,658649.4375,0,0,0.011,0.008,0.0,0.0,0.0,3,5,5,2,0,0.0,0,0
0.434469,10,8,802,1014,62,252,13294.38867,16350.99316,2,2,48.244333,53.97843,0.087438,0.056612,0.030826,2,1,2,1,1,1.0,0,1
0.606823,52,42,37306,3380,31,29,482367.9688,43505.26953,18,8,11.891589,14.787439,0.000668,0.000534,0.000134,1,3,5,3,0,0.0,0,0
0.004953,18,18,3992,2456,31,29,6090853.5,3747223.75,7,7,0.272882,0.257824,0.00072,0.000566,0.000154,11,5,4,4,0,0.0,0,0
1e-05,2,0,114,0,254,0,45600000.0,0.0,0,0,0.01,0.0,0.0,0.0,0.0,8,4,4,4,2,0.0,0,1
0.001031,2,2,146,178,31,29,566440.3125,690591.625,0,0,0.008,0.001,0.0,0.0,0.0,2,4,2,1,0,0.0,0,0
0.60249,10,8,714,700,62,252,8537.901367,8139.554199,2,2,66.943333,76.999289,0.087671,0.062773,0.024898,1,1,1,1,1,1.0,0,1
0.004704,4,4,568,304,31,29,724489.8125,387755.0938,0,0,1.207667,1.064333,0.0,0.0,0.0,7,3,6,3,0,0.0,0,0
0.001724,4,4,528,304,31,29,1837587.0,1058004.625,0,0,0.447,0.209,0.0,0.0,0.0,6,4,3,3,0,0.0,0,0
1.903254,10,8,844,1176,62,252,3194.528809,4325.224121,2,2,211.472667,262.207156,0.173771,0.0671,0.106671,1,1,1,1,1,1.0,0,0
0.000989,2,2,132,164,31,29,533872.625,663296.3125,0,0,0.011,0.004,0.0,0.0,0.0,2,5,11,4,0,0.0,0,0
1.007035,10,10,802,1400,62,252,5735.649414,10009.58203,2,2,111.892778,95.834555,0.157698,0.10238,0.055318,2,2,2,2,1,1.0,0,0
1.891798,18,58,1190,69101,62,252,4753.149902,287176.5313,2,27,111.275588,31.666649,0.173418,0.086794,0.086624,1,1,1,1,1,1.0,0,1
0.001126,2,2,146,178,31,29,518650.0938,632326.8125,0,0,0.011,0.008,0.0,0.0,0.0,3,4,6,2,0,0.0,0,0
0.207514,10,6,1022,268,254,252,35467.48438,8635.561523,2,1,21.768222,38.679801,0.060002,0.014106,0.045896,1,1,1,1,1,1.0,0,1
7e-06,2,0,114,0,254,0,65142856.0,0.0,0,0,0.007,0.0,0.0,0.0,0.0,7,7,8,7,2,0.0,0,1
1.351043,106,114,9400,12298,31,29,55139.62109,72187.19531,26,31,12.864066,11.951142,0.000715,0.00056,0.000155,2,2,7,1,0,0.0,0,0
0.001033,2,2,146,178,31,29,565343.6875,689254.625,0,0,0.006,0.002,0.0,0.0,0.0,3,2,2,1,0,0.0,0,0
0.492008,10,10,754,4212,62,252,11040.4707,61641.27344,2,3,54.552444,48.511778,0.15807,0.055393,0.102677,1,1,1,1,1,1.0,0,1
0.290428,10,8,794,1440,62,252,19695.07031,34707.39453,2,2,32.269778,34.561145,0.08487,0.025208,0.059662,1,1,17,1,1,1.0,0,1
2.136896,164,300,9610,372934,31,29,35760.28125,1391517.5,15,134,13.107491,7.144572,0.000856,0.000665,0.000191,1,1,1,1,0,0.0,0,0
5e-06,2,0,114,0,254,0,91200000.0,0.0,0,0,0.005,0.0,0.0,0.0,0.0,10,3,3,3,2,0.0,0,1
25.738905,350,730,18682,1063890,31,29,5790.145508,330218.5625,2,354,73.749559,35.306484,0.000631,0.000469,0.000162,35,32,37,29,0,0.0,0,0
0.494321,10,6,858,268,254,252,12510.08984,3625.174805,2,1,53.349111,96.995398,0.047068,0.009335,0.037733,1,1,1,1,1,1.0,0,1
0.880099,10,6,1114,268,254,252,9117.15625,2036.134521,2,1,97.670889,161.621203,0.209618,0.07199,0.137628,2,2,2,2,1,1.0,0,1
0.034766,122,126,7810,15868,31,29,1782431.125,3622619.75,30,32,0.284438,0.274416,0.00059,0.00046,0.00013,8,3,2,2,0,0.0,0,0
0.130663,2,2,152,82,254,60,4653.191895,2510.274658,0,0,0.007,0.009,0.0,0.0,0.0,9,2,2,2,3,0.0,0,1
6e-06,2,0,114,0,254,0,76000000.0,0.0,0,0,0.006,0.0,0.0,0.0,0.0,14,7,7,7,2,0.0,0,1
0.019879,52,54,3182,35916,31,29,1255998.75,14186226.0,7,20,0.383451,0.363132,0.000777,0.000621,0.000156,6,2,6,1,0,0.0,0,0
0.001037,2,2,130,162,31,29,501446.5,624879.5,0,0,0.01,0.002,0.0,0.0,0.0,3,5,4,2,0,0.0,0,0
0.028478,4,4,568,304,31,29,119671.3203,64049.44141,0,0,4.331,8.967,0.0,0.0,0.0,8,3,11,2,0,0.0,0,0
0.001004,2,2,130,162,31,29,517928.3125,645418.375,0,0,0.008,0.003,0.0,0.0,0.0,5,2,6,1,0,0.0,0,0
1.2e-05,2,0,114,0,254,0,38000000.0,0.0,0,0,0.012,0.0,0.0,0.0,0.0,12,4,6,4,2,0.0,0,1
4e-06,2,0,114,0,254,0,114000000.0,0.0,0,0,0.004,0.0,0.0,0.0,0.0,7,4,3,3,2,0.0,0,1
0.343714,28,30,4248,3080,31,29,95358.35156,69313.4375,7,7,12.718408,11.828034,0.000838,0.000696,0.000142,10,5,5,3,0,0.0,0,0
4e-06,2,0,114,0,254,0,114000000.0,0.0,0,0,0.004,0.0,0.0,0.0,0.0,14,7,7,7,2,0.0,0,1
1e-05,2,0,114,0,254,0,45600000.0,0.0,0,0,0.01,0.0,0.0,0.0,0.0,10,3,6,3,2,0.0,0,1
0.210039,38,10,42108,440,254,252,1561614.75,15082.91309,16,1,5.67673,21.916555,0.055939,0.007891,0.048048,1,1,1,1,1,0.0,0,1
0.010898,36,38,2334,16528,31,29,1666360.875,11814278.0,7,12,0.298914,0.276784,0.000774,0.000647,0.000127,6,2,5,1,0,0.0,0,0
1.58406,60,16,68193,698,254,252,338658.9063,3307.955566,27,1,26.828848,100.07893,0.196116,0.082867,0.113249,2,1,1,2,1,1.0,0,1
1.401483,14,8,4500,422,254,252,23854.73047,2112.04834,3,1,107.804309,64.673715,0.0,0.0,0.0,2,1,1,1,1,0.0,0,1
0.00993,36,38,2334,16438,31,29,1828801.625,12895066.0,7,12,0.273114,0.25473,0.000633,0.000501,0.000132,4,3,4,1,0,0.0,0,0
0.007831,34,36,2230,12896,31,29,2211722.75,12808582.0,7,11,0.227212,0.209743,0.000618,0.000484,0.000134,1,1,1,1,0,0.0,0,0
0.004515,22,14,1470,1728,31,29,2487707.5,2843853.75,5,4,0.215,0.288385,0.000764,0.000629,0.000135,4,4,4,1,0,0.0,0,0
0.469211,32,24,30210,1508,31,29,498982.3125,24654.15234,10,3,15.026065,20.169131,0.0,0.0,0.0,7,1,3,1,0,0.0,0,0
0.608298,10,6,566,268,254,252,6707.23877,2945.924561,2,1,64.326889,107.121602,0.149979,0.072686,0.077293,2,2,2,2,1,0.0,0,1
0.187349,10,6,940,268,254,252,36125.08984,9565.036133,2,1,19.153778,36.214602,0.05206,0.006267,0.045793,1,1,1,1,1,1.0,0,1
1.210849,14,18,1684,10168,31,29,10333.24512,63452.99609,3,5,93.114002,71.194294,0.000677,0.000541,0.000136,2,5,1,1,0,1.0,0,0
0.372997,12,14,1328,9454,62,252,26123.53516,188291.0625,3,5,33.908817,26.926154,0.060378,0.013547,0.046831,2,1,1,1,1,1.0,0,1
0.58844,12,6,2500,268,254,252,31160.35547,3045.340332,3,1,50.987544,106.610797,0.090767,0.055383,0.035384,1,1,1,1,1,1.0,0,1
1.1e-05,2,0,78,0,254,0,28363636.0,0.0,0,0,0.011,0.0,0.0,0.0,0.0,15,2,3,2,2,0.0,0,0
0.45813,10,8,786,1416,62,252,12363.30273,21635.7793,2,2,50.903333,56.910855,0.118317,0.059076,0.059241,1,1,1,1,1,0.0,0,1
0.047079,6,8,320,1954,31,29,45370.54688,290575.4063,1,2,9.3498,6.652286,0.000646,0.000508,0.000138,3,4,6,2,0,0.0,0,0
2.936041,140,28,181288,1214,254,252,490440.0,3190.690918,67,1,20.693763,104.840336,0.23636,0.105347,0.131013,3,1,1,1,1,0.0,0,1
5e-06,2,0,180,0,254,0,65454544.0,0.0,0,0,0.011,0.0,0.0,0.0,0.0,5,4,5,4,2,0.0,0,1
1.1e-05,2,0,168,0,254,0,61090908.0,0.0,0,0,0.011,0.0,0.0,0.0,0.0,2,1,1,1,2,0.0,0,1
0.118164,38,40,2438,19440,31,29,160725.7656,1283233.5,7,13,3.184108,3.015308,0.000699,0.000566,0.000133,5,4,2,1,0,0.0,0,0
0.001794,4,4,520,304,31,29,1739130.375,1016722.375,0,0,0.451667,0.235,0.0,0.0,0.0,12,7,7,4,0,0.0,0,0
1.081103,14,10,1600,1554,254,252,10996.17773,10352.39063,3,3,83.066079,110.604781,0.120884,0.085643,0.035241,1,1,2,1,1,1.0,0,1
0.509295,10,6,588,268,254,252,8325.234375,3518.5896,2,1,52.126667,89.901602,0.105886,0.059783,0.046103,4,3,2,2,1,0.0,0,1
0.968814,20,40,2376,43056,62,252,18645.47852,346650.6563,6,17,50.990211,23.885768,0.086665,0.036559,0.050106,1,1,1,1,1,1.0,0,1
0.130663,2,2,152,82,254,60,4653.191895,2510.274658,0,0,0.007,0.009,0.0,0.0,0.0,9,2,2,2,3,0.0,0,1
1.306472,8,10,364,3754,62,252,1953.352295,20690.83789,1,3,186.638857,135.094111,0.205547,0.089828,0.115719,1,2,2,2,1,0.0,0,1
0.007634,32,24,3728,5474,31,29,3785171.75,5497511.0,7,7,0.246258,0.301435,0.000736,0.000573,0.000163,2,3,2,1,0,0.0,0,0
7e-06,2,0,114,0,254,0,65142856.0,0.0,0,0,0.007,0.0,0.0,0.0,0.0,7,4,4,4,2,0.0,0,1
0.769693,24,20,9816,1870,62,252,97774.04688,18469.70117,9,8,33.464913,40.180895,0.049611,0.005595,0.044016,1,1,1,1,1,0.0,0,1
0.001105,2,2,130,162,31,29,470588.2188,586425.3125,0,0,0.01,0.008,0.0,0.0,0.0,4,2,3,1,0,0.0,0,0
1.943546,62,366,2984,474323,62,252,12085.12695,1947072.0,2,181,31.861411,5.247471,0.05682,0.010597,0.046223,1,1,1,1,1,1.0,0,1
1.037095,12,18,1580,10168,31,29,11177.37598,74083.85938,3,5,94.244092,60.973174,0.000687,0.000547,0.00014,2,1,5,1,0,1.0,0,0
0.036124,4,4,520,304,31,29,86369.17969,50492.75,0,0,7.003333,7.673667,0.0,0.0,0.0,5,6,5,3,0,0.0,0,0
0.236853,32,26,3728,5578,31,29,121999.7188,181175.6563,7,7,7.640419,9.44504,0.000745,0.000584,0.000161,1,2,2,1,0,0.0,0,0
1.109845,14,18,1684,10168,31,29,11273.64551,69227.67969,3,5,85.345921,65.255941,0.000619,0.000489,0.00013,1,2,1,1,0,1.0,0,0
1.1e-05,2,0,114,0,254,0,41454544.0,0.0,0,0,0.011,0.0,0.0,0.0,0.0,14,2,2,2,2,0.0,0,1
0.00577,4,4,568,304,31,29,590641.25,316117.8438,0,0,1.616,1.422667,0.0,0.0,0.0,9,4,8,4,0,0.0,0,0
0.923528,224,438,12934,548216,31,29,111546.1563,4738048.0,21,197,4.139977,2.112268,0.000587,0.000463,0.000124,10,6,6,5,0,0.0,0,0
4.1e-05,2,0,2024,0,254,0,197463424.0,0.0,0,0,0.041,0.0,0.0,0.0,0.0,6,3,3,3,2,0.0,0,1
0.043984,44,46,2766,28048,31,29,491815.2188,4990724.0,7,16,1.015395,0.98625,0.000707,0.000575,0.000132,10,5,4,2,0,0.0,0,0
0.980323,28,30,4384,3080,31,29,34502.91406,24302.19336,7,7,36.296408,33.783758,0.000728,0.00059,0.000138,4,1,4,1,0,0.0,0,0
0.184314,10,6,1038,268,254,252,40582.91797,9722.539062,2,1,19.015889,33.554602,0.062559,0.016538,0.046021,2,1,1,1,1,1.0,0,1
0.007713,4,4,568,304,31,29,441851.4375,236483.8594,0,0,2.271333,1.126333,0.0,0.0,0.0,8,7,6,3,0,0.0,0,0
1.128192,12,18,1580,10168,31,29,10274.84766,68101.88281,3,5,102.529909,66.330821,0.000716,0.000564,0.000152,2,3,1,1,0,1.0,0,0
1.80633,14,10,2524,2088,254,252,10381.27051,8326.275391,4,3,136.131005,196.129891,0.106002,0.04116,0.064842,1,2,1,1,1,1.0,0,1
2.003883,130,24,163357,1042,254,252,647147.625,3988.25708,62,1,15.529574,83.232391,0.172075,0.089528,0.082547,3,1,2,1,1,0.0,0,1
0.857667,52,54,2934,3742,31,29,26844.91602,34260.38281,11,15,16.810589,16.17317,0.000615,0.000485,0.00013,1,8,3,2,0,0.0,0,0
0.006194,14,6,8928,320,31,29,10708427.0,344849.8438,4,1,0.476462,1.1122,0.000645,0.000509,0.000136,14,12,15,8,0,0.0,0,0
0.032222,54,56,3302,37226,31,29,804667.625,9077525.0,7,21,0.601906,0.5772,0.001138,0.000473,0.000665,4,3,2,1,0,0.0,0,0
0.262296,10,6,1024,268,254,252,28120.90234,6831.976074,2,1,25.943889,44.194199,0.064781,0.041322,0.023459,1,1,4,1,1,1.0,0,1
0.001068,2,2,146,178,31,29,546816.5,666666.6875,0,0,0.011,0.008,0.0,0.0,0.0,3,1,5,1,0,0.0,0,0
0.502955,10,6,946,268,254,252,13551.90723,3562.942871,2,1,52.311222,85.868,0.162162,0.07361,0.088552,1,1,1,1,1,1.0,0,1
5e-06,2,0,200,0,254,0,72727272.0,0.0,0,0,0.011,0.0,0.0,0.0,0.0,6,7,6,6,2,0.0,0,1
0.020985,48,50,2958,32408,31,29,1104407.875,12107696.0,7,18,0.439553,0.416694,0.000718,0.000562,0.000156,10,2,2,2,0,0.0,0,0
0.581632,12,8,1258,760,254,252,15872.5791,9146.676758,3,2,50.119089,73.564,0.116051,0.066673,0.049378,4,1,1,1,1,0.0,0,1
0.00107,2,2,146,178,31,29,545794.375,665420.5625,0,0,0.01,0.002,0.0,0.0,0.0,3,10,2,1,0,0.0,0,0
0.078238,16,16,1244,2470,31,29,119328.1953,236815.8594,4,4,5.192333,5.175867,0.000748,0.00059,0.000158,4,4,3,3,0,0.0,0,0
1.279925,122,126,7824,15460,31,29,48502.84375,95868.11719,30,32,10.574529,10.235432,0.000628,0.000489,0.000139,3,4,3,1,0,0.0,0,0
1.319406,10,10,828,3860,62,252,4523.247559,21064.02344,2,3,146.544333,139.444222,0.184014,0.064392,0.119622,2,1,1,1,1,1.0,0,1
4e-06,2,0,114,0,254,0,114000000.0,0.0,0,0,0.004,0.0,0.0,0.0,0.0,13,3,4,3,2,0.0,0,1
3e-06,2,0,200,0,254,0,266666656.0,0.0,0,0,0.003,0.0,0.0,0.0,0.0,16,3,3,3,2,0.0,0,1
0.004759,4,4,568,320,31,29,716116.8125,403446.0938,0,0,1.225,1.105333,0.0,0.0,0.0,4,6,4,4,0,0.0,0,0
5e-06,2,0,114,0,254,0,91200000.0,0.0,0,0,0.005,0.0,0.0,0.0,0.0,14,7,8,7,2,0.0,0,1
5.175756,48,52,2726,3590,31,29,4126.933594,5442.296875,11,14,110.115659,101.474195,0.000701,0.000568,0.000133,5,6,19,6,0,0.0,0,0
0.840516,10,10,1040,1568,62,252,8908.813477,13439.36426,2,2,93.390667,85.762109,0.124326,0.067901,0.056425,1,1,1,1,1,1.0,0,1
3e-06,2,0,114,0,254,0,152000000.0,0.0,0,0,0.003,0.0,0.0,0.0,0.0,10,7,7,7,2,0.0,0,1
0.436564,4,0,5476,0,254,0,75260.44531,0.0,0,0,145.521328,0.0,0.0,0.0,0.0,1,2,2,2,2,0.0,0,1
3e-06,2,0,114,0,254,0,152000000.0,0.0,0,0,0.003,0.0,0.0,0.0,0.0,8,4,4,4,2,0.0,0,1
0.001043,2,2,130,162,31,29,498561.8438,621284.75,0,0,0.011,0.008,0.0,0.0,0.0,15,7,17,2,0,0.0,0,0
4e-06,2,0,446,0,254,0,446000000.0,0.0,0,0,0.004,0.0,0.0,0.0,0.0,6,1,1,1,2,0.0,0,1
1.312596,10,14,844,7550,62,252,4632.04248,42730.58984,2,4,145.844,89.717388,0.195539,0.109415,0.086124,1,1,1,1,1,1.0,0,1
0.04508,44,46,2766,28404,31,29,479858.0313,4931145.0,7,16,1.040651,0.886111,0.007012,0.005195,0.001817,9,6,2,1,0,0.0,0,0
0.004681,4,4,568,320,31,29,728049.5625,410168.75,0,0,1.243333,1.055333,0.0,0.0,0.0,7,5,5,3,0,0.0,0,0
2e-06,2,0,200,0,254,0,400000000.0,0.0,0,0,0.002,0.0,0.0,0.0,0.0,19,4,4,4,2,0.0,0,1
0.603289,10,8,852,1258,254,252,10170.91309,14599.96777,2,2,66.972222,81.79557,0.087513,0.030711,0.056802,1,2,1,1,1,1.0,0,1
0.001022,2,2,146,178,31,29,571428.5625,696673.1875,0,0,0.012,0.008,0.0,0.0,0.0,2,4,2,1,0,0.0,0,0
0.404605,28,30,5080,3080,31,29,96864.84375,58882.12109,7,7,14.973148,13.931345,0.00077,0.000592,0.000178,4,2,3,1,0,0.0,0,0
0.397958,10,6,824,268,254,252,14916.14648,4502.987793,2,1,38.356111,66.785,0.099361,0.064029,0.035332,2,1,2,1,1,1.0,0,1
0.023864,44,46,2766,24004,31,29,906470.0,7872276.5,7,16,0.547349,0.518689,0.000678,0.00052,0.000158,11,2,1,1,0,0.0,0,0
1.1e-05,2,0,114,0,254,0,41454544.0,0.0,0,0,0.011,0.0,0.0,0.0,0.0,15,7,8,7,2,0.0,0,1
0.001791,4,4,544,304,31,29,1822445.5,1018425.438,0,0,0.449333,0.239,0.0,0.0,0.0,5,4,3,3,0,0.0,0,0
0.006044,22,24,1920,4312,31,29,2426207.75,5470549.5,6,6,0.271143,0.235391,0.000792,0.000619,0.000173,5,2,3,2,0,0.0,0,0
0.198278,10,6,790,268,254,252,28686.99609,9037.81543,2,1,20.461889,37.883801,0.054833,0.00885,0.045983,2,1,1,1,1,1.0,0,1
3e-06,2,0,114,0,254,0,152000000.0,0.0,0,0,0.003,0.0,0.0,0.0,0.0,8,4,4,4,2,0.0,0,1
0.020397,4,4,568,320,31,29,167083.3906,94131.49219,0,0,1.664,6.314333,0.0,0.0,0.0,18,5,9,3,0,0.0,0,0
0.168245,4,4,568,312,31,29,20256.17383,11126.63086,0,0,48.329668,38.65,0.0,0.0,0.0,5,2,3,2,0,0.0,0,0
0.001027,2,2,146,178,31,29,568646.5625,693281.375,0,0,0.007,0.003,0.0,0.0,0.0,3,6,9,2,0,0.0,0,0
0.090318,64,66,3806,51314,31,29,331893.9688,4476361.0,7,26,1.427984,1.379938,0.00077,0.000612,0.000158,7,10,2,2,0,0.0,0,0
0.01234,8,10,1048,824,31,29,594489.5,481037.2813,2,2,1.714857,1.310667,0.000663,0.000541,0.000122,1,2,9,3,0,1.0,0,0
7e-06,2,0,200,0,254,0,114285712.0,0.0,0,0,0.007,0.0,0.0,0.0,0.0,6,3,7,3,2,0.0,0,1
0.665812,12,8,1366,724,254,252,15055.30078,7617.765625,3,2,54.768817,86.415711,0.136691,0.060899,0.075792,7,1,1,1,1,0.0,0,1
1.05386,12,30,1336,33718,62,252,9299.148438,247433.25,2,13,95.793911,26.582725,0.382452,0.282959,0.099493,1,1,1,23,1,1.0,0,1
0.021499,52,42,37644,3380,31,29,13738685.0,1227964.125,18,8,0.41502,0.511732,0.000651,0.000513,0.000138,1,1,4,1,0,0.0,0,0
1e-05,2,0,114,0,254,0,45600000.0,0.0,0,0,0.01,0.0,0.0,0.0,0.0,10,4,5,4,2,0.0,0,1
0.71834,10,8,564,354,254,252,5657.488281,3452.404297,2,1,76.200556,95.037,0.080402,0.053067,0.027335,3,1,1,1,1,0.0,0,1
5e-06,2,0,200,0,254,0,160000000.0,0.0,0,0,0.005,0.0,0.0,0.0,0.0,19,4,5,4,2,0.0,0,1
0.001087,2,2,146,178,31,29,537258.5,655013.8125,0,0,0.002,0.01,0.0,0.0,0.0,4,6,1,1,0,0.0,0,0
1e-05,2,0,114,0,254,0,45600000.0,0.0,0,0,0.01,0.0,0.0,0.0,0.0,10,7,11,7,2,0.0,0,1
0.569367,28,30,4536,3080,31,29,61457.72656,41842.96094,7,7,21.074925,19.612414,0.000759,0.000606,0.000153,7,4,5,2,0,0.0,0,0
0.044993,78,80,4550,67604,31,29,798702.0625,11870114.0,7,33,0.580052,0.561595,0.000753,0.000616,0.000137,9,6,5,1,0,0.0,0,0
0.005398,4,4,568,312,31,29,631344.9375,346795.0938,0,0,1.445333,1.305667,0.0,0.0,0.0,8,3,7,3,0,0.0,0,0
4e-06,2,0,114,0,254,0,114000000.0,0.0,0,0,0.004,0.0,0.0,0.0,0.0,10,3,4,3,2,0.0,0,1
1.174509,12,18,922,14150,62,252,5762.407715,91026.96875,2,6,106.773548,65.122763,0.134829,0.066798,0.068031,2,1,3,1,1,1.0,0,1
8e-06,2,0,114,0,254,0,57000000.0,0.0,0,0,0.008,0.0,0.0,0.0,0.0,10,7,8,7,2,0.0,0,1
1.1e-05,2,0,114,0,254,0,41454544.0,0.0,0,0,0.011,0.0,0.0,0.0,0.0,12,4,5,4,2,0.0,0,1
0.015097,8,10,1032,822,31,29,478505.6875,392130.9063,2,2,2.105,1.618444,0.000664,0.000525,0.000139,2,5,8,1,0,1.0,0,0
1.170872,10,10,810,1132,62,252,4980.90332,6962.33252,2,2,130.096889,116.760445,0.223641,0.119868,0.103773,2,3,3,1,1,1.0,0,1
3e-06,2,0,200,0,254,0,72727272.0,0.0,0,0,0.011,0.0,0.0,0.0,0.0,15,8,8,8,2,0.0,0,1
4e-06,2,0,114,0,254,0,114000000.0,0.0,0,0,0.004,0.0,0.0,0.0,0.0,7,4,4,4,2,0.0,0,1
0.911209,10,8,806,354,254,252,6373.949219,2721.658936,2,1,101.218222,123.452141,0.104859,0.047035,0.057824,1,1,1,1,1,1.0,0,1
1.260995,10,8,838,2360,62,252,4789.868164,13100.76563,2,2,140.110556,166.009281,0.231884,0.09815,0.133734,1,1,1,1,1,1.0,0,1
0.945992,10,8,806,354,254,252,6139.586914,2621.58667,2,1,102.349778,120.502,0.178909,0.102473,0.076436,1,1,1,1,1,1.0,0,1
0.047892,78,80,4550,74188,31,29,750354.9375,12237701.0,7,33,0.61726,0.598772,0.000733,0.000579,0.000154,6,2,3,1,0,0.0,0,0
0.188001,10,6,904,268,254,252,34638.11328,9531.864258,2,1,19.198333,36.120398,0.060569,0.007391,0.053178,1,1,1,1,1,1.0,0,1
0.3835,14,38,1020,45354,62,252,19775.75,921220.3125,2,17,29.500001,9.289838,0.067787,0.039009,0.028778,2,1,2,1,1,1.0,0,1
0.121738,106,116,9400,12402,31,29,611937.125,808030.375,26,31,1.156667,1.071938,0.000752,0.000598,0.000154,2,6,4,1,0,0.0,0,0
1e-06,2,0,200,0,254,0,80000000.0,0.0,0,0,0.01,0.0,0.0,0.0,0.0,16,4,4,4,2,0.0,0,1
5e-06,2,0,114,0,254,0,91200000.0,0.0,0,0,0.005,0.0,0.0,0.0,0.0,13,4,4,4,2,0.0,0,1
0.027991,60,62,3598,49642,31,29,1011467.938,13959344.0,7,24,0.468542,0.449902,0.0007,0.000543,0.000157,3,2,1,1,0,0.0,0,0
0.001791,4,4,528,304,31,29,1768844.25,1018425.438,0,0,0.453333,0.238333,0.0,0.0,0.0,7,5,5,3,0,0.0,0,0
0.422813,28,30,4368,3080,31,29,79694.80469,56346.42188,7,7,15.645185,14.558138,0.000788,0.000623,0.000165,8,5,6,3,0,0.0,0,0
1.1e-05,2,0,168,0,254,0,61090908.0,0.0,0,0,0.011,0.0,0.0,0.0,0.0,1,1,1,1,2,0.0,0,1
8e-06,2,0,200,0,254,0,80000000.0,0.0,0,0,0.01,0.0,0.0,0.0,0.0,15,7,9,7,2,0.0,0,1
2.638323,256,42,330633,1816,62,252,998640.375,5376.14209,125,1,10.387099,62.891879,0.113601,0.059093,0.054508,3,1,2,1,1,1.0,0,1
8e-06,2,0,114,0,254,0,57000000.0,0.0,0,0,0.008,0.0,0.0,0.0,0.0,18,7,7,7,2,0.0,0,1
4e-06,2,0,200,0,254,0,114285712.0,0.0,0,0,0.007,0.0,0.0,0.0,0.0,10,4,5,4,2,0.0,0,1
0.872849,10,8,564,354,254,252,4656.01709,2841.270508,2,1,93.810111,117.465289,0.113537,0.050572,0.062965,2,1,1,1,1,0.0,0,1
6e-06,2,0,114,0,254,0,76000000.0,0.0,0,0,0.006,0.0,0.0,0.0,0.0,18,2,2,2,2,0.0,0,1
0.001594,4,4,544,304,31,29,2047678.75,1144291.125,0,0,0.400667,0.197333,0.0,0.0,0.0,11,5,8,3,0,0.0,0,0
0.556396,12,12,3430,3850,254,252,45219.58984,50755.21875,3,3,50.581454,46.02491,0.10068,0.049837,0.050843,1,1,1,1,1,1.0,0,1
2.550196,12,8,924,1742,62,252,2657.050781,4783.946289,2,2,231.835994,354.877,0.145401,0.065109,0.080292,4,1,2,1,1,1.0,0,1
0.001075,2,2,130,162,31,29,483720.9063,602790.6875,0,0,0.009,0.005,0.0,0.0,0.0,1,4,2,1,0,0.0,0,0
0.0157,46,48,2854,29104,31,29,1422675.25,14521274.0,7,17,0.338289,0.322787,0.000663,0.000525,0.000138,6,4,4,2,0,0.0,0,0
0.333482,14,24,2006,24514,62,252,44692.06641,563580.625,4,9,25.652462,13.456696,0.0504,0.006396,0.044004,1,1,1,1,1,1.0,0,1
0.041031,54,56,3302,37798,31,29,631912.4375,7238234.5,7,21,0.768264,0.734218,0.000754,0.000637,0.000117,6,2,4,1,0,0.0,0,0
0.01884,46,48,2854,30384,31,29,1185562.625,12633121.0,7,17,0.411556,0.390553,0.000613,0.000481,0.000132,14,4,7,3,0,0.0,0,0
0.051145,4,4,512,304,31,29,60064.52344,35663.3125,0,0,11.999667,12.670667,0.0,0.0,0.0,13,2,5,2,0,0.0,0,0
0.744415,28,30,4328,3080,31,29,44856.69922,32003.6543,7,7,27.558926,25.650379,0.001478,0.000551,0.000927,6,4,1,1,0,0.0,0,0
1.400988,12,18,1580,10168,31,29,8274.161133,54841.29688,3,5,127.332179,82.383176,0.00059,0.000468,0.000122,3,3,2,6,0,1.0,0,0
0.00121,2,2,146,178,31,29,482644.625,588429.75,0,0,0.011,0.009,0.0,0.0,0.0,2,2,1,1,0,0.0,0,0
0.001023,2,2,146,178,31,29,570870.0,695992.1875,0,0,0.007,0.006,0.0,0.0,0.0,3,2,2,1,0,0.0,0,0
0.443635,52,40,37342,3276,31,29,660434.8125,57614.93359,18,8,8.86554,11.361333,0.000683,0.000541,0.000142,3,2,6,2,0,0.0,0,0
0.424459,10,6,768,268,254,252,13042.48438,4221.844727,2,1,44.494444,79.922797,0.08794,0.024835,0.063105,1,1,1,1,1,1.0,0,1
4e-06,2,0,200,0,254,0,200000000.0,0.0,0,0,0.004,0.0,0.0,0.0,0.0,11,2,6,2,2,0.0,0,1
7e-06,2,0,200,0,254,0,72727272.0,0.0,0,0,0.011,0.0,0.0,0.0,0.0,14,5,5,5,2,0.0,0,1
0.012271,40,42,2542,23188,31,29,1616168.25,14757395.0,7,14,0.306462,0.28622,0.000647,0.000525,0.000122,8,3,7,2,0,0.0,0,0
0.055102,42,44,2646,24316,31,29,375013.625,3450183.5,7,15,1.276171,1.254186,0.001308,0.001168,0.00014,6,5,4,1,0,0.0,0,0
1e-06,2,0,114,0,254,0,456000000.0,0.0,0,0,0.001,0.0,0.0,0.0,0.0,7,4,6,4,2,0.0,0,1
1.392374,12,12,1388,4350,62,252,7314.126465,22913.38281,3,3,126.579455,117.798453,0.14431,0.095882,0.048428,1,1,1,1,1,0.0,0,1
0.905106,10,8,718,354,254,252,5718.666992,2740.010498,2,1,100.556778,114.184859,0.20809,0.105807,0.102283,3,1,1,1,1,0.0,0,1
1.002477,60,14,68193,612,254,252,535130.4375,4540.752441,27,1,16.991136,72.101078,0.157193,0.063848,0.093345,1,1,1,1,1,0.0,0,1
0.013605,16,18,1540,1644,31,29,849099.5625,913193.625,4,4,0.885467,0.773412,0.000572,0.000453,0.000119,11,7,15,6,0,0.0,0,0
4e-06,2,0,114,0,254,0,114000000.0,0.0,0,0,0.004,0.0,0.0,0.0,0.0,9,4,6,4,2,0.0,0,1
1.127184,12,8,988,2568,62,252,6430.183105,15947.70606,2,2,102.471274,144.641141,0.117517,0.069914,0.047603,1,1,1,1,1,1.0,0,1
1.3e-05,2,0,1262,0,254,0,388307712.0,0.0,0,0,0.013,0.0,0.0,0.0,0.0,34,14,14,14,2,0.0,0,1
1.005828,12,18,1580,10168,31,29,11524.83301,76386.8125,3,5,91.405639,59.131826,0.000738,0.000582,0.000156,10,1,6,1,0,0.0,0,0
1.024567,12,18,1580,10168,31,29,11314.04785,74989.72656,3,5,93.107452,60.236529,0.000704,0.000542,0.000162,1,3,8,4,0,1.0,0,0
2e-06,2,0,114,0,254,0,228000000.0,0.0,0,0,0.002,0.0,0.0,0.0,0.0,7,3,3,3,2,0.0,0,1
0.209143,10,6,1096,268,254,252,37754.07422,8568.299805,2,1,20.269778,38.817,0.061986,0.015047,0.046939,1,1,1,1,1,1.0,0,1
1.373434,10,14,1720,12246,62,252,9016.81543,66239.80469,2,5,152.603778,100.189153,0.119764,0.070337,0.049427,1,1,1,1,1,1.0,0,1
0.000989,2,2,132,164,31,29,533872.625,663296.3125,0,0,0.011,0.009,0.0,0.0,0.0,2,2,10,1,0,0.0,0,0
2e-06,2,0,114,0,254,0,228000000.0,0.0,0,0,0.002,0.0,0.0,0.0,0.0,10,3,5,3,2,0.0,0,1
0.775459,60,14,68195,612,254,252,691812.1875,5870.071777,27,1,12.993475,54.81477,0.12372,0.062862,0.060858,1,1,1,2,1,1.0,0,1
0.001806,4,4,544,304,31,29,1807309.0,1009966.75,0,0,0.454667,0.238667,0.0,0.0,0.0,11,5,3,2,0,0.0,0,0
1.029765,14,18,1684,10168,31,29,12150.34473,74611.19531,3,5,79.186923,60.543765,0.000632,0.000517,0.000115,2,2,2,1,0,1.0,0,0
0.442001,10,10,808,3826,62,252,13176.44141,62334.70313,2,3,49.111222,44.497444,0.042104,0.032006,0.010098,1,1,1,1,1,1.0,0,1
0.816222,22,32,1038,19038,62,252,9713.043945,180774.3438,7,14,38.867714,25.55113,0.052206,0.006106,0.0461,1,1,1,1,1,0.0,0,1
1.053317,22,40,1048,31236,62,252,7602.649902,231314.9844,7,18,50.157952,26.169307,0.063979,0.017548,0.046431,3,1,1,1,1,0.0,0,1
0.606231,10,8,538,354,254,252,6400.200684,4090.850098,2,1,67.359,75.644859,0.10829,0.052584,0.055706,8,1,1,1,1,0.0,0,1
5.382645,450,858,25264,1094788,31,29,37465.59375,1625242.625,38,390,11.987365,6.28025,0.000588,0.000467,0.000121,14,28,14,7,0,0.0,0,0
0.005018,18,18,4248,2456,31,29,6396173.5,3698684.75,7,7,0.275941,0.262882,0.000676,0.000543,0.000133,6,9,3,3,0,0.0,0,0
55.103306,5466,828,7219804,36512,62,252,1047992.875,5294.491699,2730,8,10.082942,66.589555,0.091559,0.033028,0.058531,1,1,1,1,1,0.0,0,1
0.004827,4,4,568,320,31,29,706028.5625,397762.5625,0,0,1.259,1.089333,0.0,0.0,0.0,9,7,3,3,0,0.0,0,0
0.775862,12,10,1356,1954,62,252,12816.71289,18137.24609,3,3,70.532911,75.825,0.140788,0.065001,0.075787,1,1,1,1,1,1.0,0,1
0.612164,10,6,986,268,254,252,11604.7334,2927.320068,2,1,64.266444,106.657203,0.157025,0.078867,0.078158,1,1,4,1,1,0.0,0,1
0.266174,10,8,798,1496,62,252,21609.92578,39342.6875,2,2,29.574889,36.94343,0.050546,0.00681,0.043736,1,1,1,1,1,1.0,0,1
1.008807,14,18,1684,10168,31,29,12402.76953,76161.25,3,5,77.572462,59.313764,0.000592,0.000469,0.000123,4,5,2,1,0,1.0,0,0
1.318828,70,66,12472,13028,31,29,74575.30469,77832.74219,17,17,19.113449,20.279401,0.000672,0.000533,0.000139,1,4,2,1,0,0.0,0,0
0.108047,4,4,528,304,31,29,29320.57227,16881.54297,0,0,30.983334,23.997,0.0,0.0,0.0,7,3,4,2,0,0.0,0,0
5e-06,2,0,180,0,254,0,144000000.0,0.0,0,0,0.005,0.0,0.0,0.0,0.0,8,5,4,4,2,0.0,0,1
0.223867,10,8,876,3200,62,252,28195.3125,100059.4141,2,2,24.874111,26.804143,0.081323,0.035452,0.045871,2,1,1,1,1,1.0,0,1
0.005622,22,24,2054,2478,31,29,2790466.0,3379580.25,6,6,0.250476,0.218478,0.000707,0.000586,0.000121,7,3,2,1,0,0.0,0,0
0.001086,2,2,146,178,31,29,537753.25,655616.9375,0,0,0.011,0.008,0.0,0.0,0.0,1,6,1,1,0,0.0,0,0
0.001733,4,4,520,304,31,29,1800346.125,1052510.125,0,0,0.457667,0.207,0.0,0.0,0.0,16,9,8,3,0,0.0,0,0
0.552364,10,10,608,646,254,252,7936.79541,8429.224609,2,3,61.373778,57.132223,0.104171,0.037367,0.066804,4,2,2,2,1,0.0,0,1
0.58437,10,12,862,4904,62,252,10623.40625,61550.04297,2,3,64.93,49.660729,0.094589,0.036734,0.057855,2,1,4,1,1,0.0,0,1
0.001003,2,2,130,162,31,29,518444.6875,646061.875,0,0,0.011,0.006,0.0,0.0,0.0,4,5,1,1,0,0.0,0,0
4e-06,2,0,114,0,254,0,114000000.0,0.0,0,0,0.004,0.0,0.0,0.0,0.0,14,7,7,7,2,0.0,0,1
0.562838,4,4,182,182,254,252,1947.274292,1947.274292,1,1,168.338,164.422328,0.505001,0.06957,0.435431,10,2,3,2,4,0.0,0,1
6e-06,2,0,114,0,254,0,76000000.0,0.0,0,0,0.006,0.0,0.0,0.0,0.0,15,4,4,4,2,0.0,0,1
0.423911,122,126,7808,15044,31,29,146143.875,281662.9063,30,32,3.500256,3.386376,0.000751,0.000612,0.000139,5,2,1,1,0,0.0,0,0
0.107903,68,68,4030,55074,31,29,294412.5625,4023243.0,7,27,1.605896,1.626909,0.000702,0.000526,0.000176,3,1,2,1,0,0.0,0,0
0.0,3,2,179,116,29,31,43167.41016,20864.24805,0,0,11.1195,0.005,0.0,0.0,0.0,1,1,1,1,0,0.0,0,0
5e-06,2,0,114,0,254,0,91200000.0,0.0,0,0,0.005,0.0,0.0,0.0,0.0,7,7,7,7,2,0.0,0,1
0.655494,8,12,424,8824,31,29,4527.882812,98722.49219,1,4,93.595426,59.54582,0.000618,0.000487,0.000131,2,2,5,1,0,0.0,0,0
0.981828,228,234,24240,29348,31,29,196645.4531,238110.9531,54,67,4.344372,4.228879,0.000743,0.000592,0.000151,1,2,1,1,0,0.0,0,0
0.039786,60,62,3598,49642,31,29,711607.125,9820942.0,7,24,0.680397,0.643426,0.000648,0.000533,0.000115,7,2,3,1,0,0.0,0,0
1.1e-05,2,0,114,0,254,0,41454544.0,0.0,0,0,0.011,0.0,0.0,0.0,0.0,11,7,8,7,2,0.0,0,1
0.971542,10,8,564,354,254,252,4183.041016,2552.643066,2,1,107.949111,123.663859,0.176072,0.105513,0.070559,6,1,3,1,1,0.0,0,1
1.1e-05,2,0,114,0,254,0,41454544.0,0.0,0,0,0.011,0.0,0.0,0.0,0.0,10,7,7,7,2,0.0,0,1
0.01074,36,38,2334,16438,31,29,1690875.25,11922533.0,7,12,0.298143,0.275378,0.000672,0.000547,0.000125,7,3,4,1,0,0.0,0,0
1e-05,2,0,168,0,254,0,67200000.0,0.0,0,0,0.01,0.0,0.0,0.0,0.0,2,1,5,1,2,0.0,0,1
0.005732,18,18,4488,2456,31,29,5916259.5,3237962.5,7,7,0.318941,0.308176,0.000609,0.000489,0.00012,7,3,6,3,0,0.0,0,0
0.003911,8,10,1028,822,31,29,1840961.25,1513679.25,2,2,0.502857,0.375222,0.000665,0.000529,0.000136,19,2,11,1,0,0.0,0,0
1.127838,14,18,1684,10168,31,29,11093.79199,68123.25781,3,5,86.653541,66.312059,0.000674,0.000526,0.000148,3,3,8,1,0,1.0,0,0
1.1e-05,2,0,114,0,254,0,41454544.0,0.0,0,0,0.011,0.0,0.0,0.0,0.0,15,7,8,7,2,0.0,0,1
0.046317,6,8,320,1816,31,29,46116.97656,274456.4688,1,2,9.2006,6.543571,0.000642,0.000508,0.000134,3,1,4,1,0,0.0,0,0
0.007665,22,24,2054,2478,31,29,2046705.875,2478799.75,6,6,0.346667,0.308739,0.000931,0.000554,0.000377,15,4,5,1,0,0.0,0,0
0.495086,10,8,874,354,254,252,12716.98242,5009.230469,2,1,55.009556,65.00457,0.088877,0.039344,0.049533,1,1,1,1,1,1.0,0,1
0.675466,10,8,1140,354,254,252,12151.61133,3671.539307,2,1,73.764222,84.23143,0.107385,0.085837,0.021548,1,1,1,1,1,1.0,0,1
2.906828,12,2,1648,96,254,252,4158.484863,132.102768,6,1,264.257102,0.009,0.22617,0.130997,0.095173,1,1,1,1,1,1.0,0,1
0.005363,22,14,1470,1728,31,29,2094350.125,2394182.25,5,4,0.255381,0.358769,0.000724,0.000566,0.000158,8,3,2,1,0,0.0,0,0
1.207746,14,18,1684,10168,31,29,10359.79395,63616.02344,3,5,100.616252,71.011941,0.000678,0.000539,0.000139,1,1,2,1,0,1.0,0,0
1.1e-05,2,0,1220,0,254,0,443636352.0,0.0,0,0,0.011,0.0,0.0,0.0,0.0,3,2,2,2,2,0.0,0,1
0.00104,2,2,146,178,31,29,561538.4375,684615.375,0,0,0.006,0.002,0.0,0.0,0.0,6,3,7,1,0,0.0,0,0
2.651978,14,18,1684,10168,31,29,4717.987793,28971.58203,3,5,203.970385,155.964824,0.000741,0.000571,0.00017,1,4,2,2,0,4.0,0,0
1.085307,14,18,1684,10168,31,29,11528.53516,70792.875,3,5,83.455079,63.811059,0.000651,0.000515,0.000136,11,2,2,1,0,1.0,0,0
4.209718,52,54,2934,3742,31,29,5469.249512,6980.039551,11,15,82.537077,79.418437,0.000684,0.000536,0.000148,7,3,4,1,0,0.0,0,0
7e-06,2,0,114,0,254,0,65142856.0,0.0,0,0,0.007,0.0,0.0,0.0,0.0,14,7,8,7,2,0.0,0,1
0.210844,10,6,892,268,254,252,30468.02539,8499.174805,2,1,19.722222,38.438398,0.039549,0.018647,0.020902,1,1,1,2,1,1.0,0,1
0.893067,12,10,734,480,254,252,6028.663086,3869.810547,3,3,81.187909,88.883,0.087053,0.054913,0.03214,2,1,1,1,1,0.0,0,1
1.070062,14,18,1684,10168,31,29,11692.78027,71801.44531,3,5,82.284459,62.912294,0.000686,0.000549,0.000137,2,10,12,9,0,14.0,0,0
0.001122,2,2,146,178,31,29,520499.0938,634581.0625,0,0,0.001,0.009,0.0,0.0,0.0,3,1,2,1,0,0.0,0,0
0.039287,8,10,1044,824,31,29,186117.5469,151093.2344,2,2,5.563,4.31,0.000621,0.000494,0.000127,2,12,9,7,0,4.0,0,0
0.018971,106,114,9400,12298,31,29,3926835.75,5140899.5,26,31,0.177562,0.169657,0.000772,0.000637,0.000135,1,3,5,1,0,0.0,0,0
0.005934,24,26,2062,2424,31,29,2665318.5,3142568.25,6,7,0.242348,0.212,0.000812,0.000623,0.000189,11,2,2,1,0,0.0,0,0
1e-05,2,0,114,0,254,0,45600000.0,0.0,0,0,0.01,0.0,0.0,0.0,0.0,11,3,4,3,2,0.0,0,1
1.006508,12,18,1580,10168,31,29,11517.04688,76335.21094,3,5,91.469091,59.178409,0.000586,0.00047,0.000116,3,4,2,2,0,1.0,0,0
0.687888,10,10,824,1452,62,252,8629.311523,15200.14844,2,2,76.432,65.206777,0.11402,0.061754,0.052266,2,1,1,1,1,1.0,0,1
0.001066,2,2,132,164,31,29,495309.5938,615384.625,0,0,0.01,0.008,0.0,0.0,0.0,2,9,8,7,0,0.0,0,0
1.1e-05,2,0,114,0,254,0,41454544.0,0.0,0,0,0.011,0.0,0.0,0.0,0.0,11,4,4,4,2,0.0,0,1
0.127041,96,98,5486,91826,31,29,341873.9063,5723443.5,7,42,1.3338,1.300292,0.002413,0.002203,0.00021,7,2,3,1,0,0.0,0,0
7e-06,2,0,114,0,254,0,65142856.0,0.0,0,0,0.007,0.0,0.0,0.0,0.0,11,4,4,4,2,0.0,0,1
0.860786,10,8,564,354,254,252,4721.266113,2881.087646,2,1,92.049778,110.621289,0.150734,0.086427,0.064307,1,3,1,1,1,0.0,0,1
1.005514,12,18,1580,10168,31,29,11528.43164,76410.67188,3,5,91.377911,59.118884,0.000617,0.000487,0.00013,2,2,1,1,0,1.0,0,0
0.000998,2,2,130,162,31,29,521042.0625,649298.5625,0,0,0.01,0.008,0.0,0.0,0.0,3,4,5,1,0,0.0,0,0
1.031755,10,8,564,354,254,252,3938.919678,2403.671387,2,1,114.639444,137.432,0.101062,0.069063,0.031999,2,1,2,1,1,0.0,0,1
0.957951,52,54,2934,3740,31,29,24034.63281,30657.09961,11,15,18.776804,18.065604,0.000595,0.000469,0.000126,1,2,3,1,0,0.0,0,0
0.758997,8,12,424,8824,31,29,3910.423828,85259.88281,1,4,108.381998,68.948271,0.00075,0.000557,0.000193,5,2,4,1,0,0.0,0,0
0.495778,52,42,37360,3380,31,29,591264.625,53249.64063,18,8,9.713569,12.078683,0.000691,0.000548,0.000143,2,2,4,1,0,0.0,0,0
0.001059,2,2,130,162,31,29,491029.25,611898.0,0,0,0.015,0.008,0.0,0.0,0.0,3,5,1,1,0,0.0,0,0
0.443426,8,12,424,8824,31,29,6693.337402,145936.4063,1,4,63.272998,40.261999,0.000662,0.000539,0.000123,7,3,4,3,0,0.0,0,0
2.657209,42,220,2198,283820,62,252,6460.914551,850606.8125,2,108,64.809976,11.984711,0.139673,0.043592,0.096081,1,1,1,1,1,1.0,0,1
1.709926,10,8,896,354,254,252,3775.602051,1450.355103,2,1,189.975889,233.665281,0.206606,0.074268,0.132338,1,15,3,1,1,1.0,0,1
1.1e-05,2,0,114,0,254,0,41454544.0,0.0,0,0,0.011,0.0,0.0,0.0,0.0,8,5,4,4,2,0.0,0,1
1e-06,2,0,114,0,254,0,456000000.0,0.0,0,0,0.001,0.0,0.0,0.0,0.0,7,4,4,4,2,0.0,0,1
0.001041,2,2,146,178,31,29,560999.0625,683957.75,0,0,0.01,0.006,0.0,0.0,0.0,3,1,3,1,0,0.0,0,0
8e-06,2,0,200,0,254,0,100000000.0,0.0,0,0,0.008,0.0,0.0,0.0,0.0,18,6,6,6,2,0.0,0,1
1.439311,216,36,271973,1558,254,252,1504686.625,8420.695312,105,1,6.633696,40.769371,0.098727,0.01238,0.086347,3,1,1,1,1,1.0,0,1
7e-06,2,0,114,0,254,0,65142856.0,0.0,0,0,0.007,0.0,0.0,0.0,0.0,3,3,3,3,2,0.0,0,1
1.005855,12,18,1580,10168,31,29,11524.52441,76384.77344,3,5,91.410634,59.134648,0.000696,0.000562,0.000134,1,2,1,1,0,1.0,0,0
2.1e-05,2,0,214,0,254,0,40761904.0,0.0,0,0,0.021,0.0,0.0,0.0,0.0,16,4,4,4,2,0.0,0,1
0.001079,2,2,146,178,31,29,541241.9375,659870.25,0,0,0.011,0.008,0.0,0.0,0.0,1,1,17,1,0,0.0,0,0
0.235487,10,6,876,268,254,252,26804.02734,7609.761719,2,1,26.165222,34.580602,0.043942,0.033195,0.010747,1,1,1,1,1,1.0,0,1
0.014936,44,46,2750,27730,31,29,1439742.875,14530262.0,7,16,0.339605,0.313911,0.000951,0.000796,0.000155,17,3,4,2,0,0.0,0,0
0.001048,2,2,146,178,31,29,557251.9375,679389.375,0,0,0.009,0.003,0.0,0.0,0.0,1,2,1,1,0,0.0,0,0
8e-06,2,0,1064,0,254,0,532000000.0,0.0,0,0,0.008,0.0,0.0,0.0,0.0,3,1,1,1,2,0.0,0,1
0.037974,52,42,37154,3380,31,29,7676831.5,695212.5,18,8,0.736471,0.912781,0.000741,0.000542,0.000199,2,1,2,1,0,0.0,0,0
0.001072,2,2,146,178,31,29,544776.125,664179.125,0,0,0.011,0.008,0.0,0.0,0.0,3,5,6,2,0,0.0,0,0
0.776741,10,6,886,268,254,252,8218.956055,2307.075195,2,1,82.077444,135.479406,0.219353,0.099341,0.120012,3,3,1,1,1,0.0,0,1
3.4e-05,2,0,114,0,254,0,13411764.0,0.0,0,0,0.034,0.0,0.0,0.0,0.0,10,4,4,4,2,0.0,0,1
0.690567,16,18,1540,1644,31,29,16728.2832,17991.01367,4,4,46.018601,40.592766,0.000611,0.00048,0.000131,10,7,7,5,0,0.0,0,0
2e-06,2,0,114,0,254,0,228000000.0,0.0,0,0,0.002,0.0,0.0,0.0,0.0,15,8,7,7,2,0.0,0,1
0.498714,52,42,37462,3380,31,29,589387.875,52936.15234,18,8,9.771392,12.150829,0.000663,0.000528,0.000135,3,1,3,1,0,0.0,0,0
0.235881,10,18,818,15790,62,252,24995.6543,505780.4688,2,7,26.209,13.424235,0.051431,0.007052,0.044379,2,1,1,2,1,1.0,0,1
1.1e-05,2,0,200,0,254,0,72727272.0,0.0,0,0,0.011,0.0,0.0,0.0,0.0,9,7,13,6,2,0.0,0,1
4e-06,2,0,200,0,254,0,72727272.0,0.0,0,0,0.011,0.0,0.0,0.0,0.0,14,4,8,4,2,0.0,0,1
1.454736,14,18,1684,10168,31,29,8600.873047,52815.08203,3,5,111.874923,85.540235,0.000687,0.000548,0.000139,2,4,14,3,0,1.0,0,0
0.539936,10,8,778,1196,62,252,10386.41602,15512.94922,2,2,59.992889,66.42657,0.152286,0.074137,0.078149,1,1,2,13,1,1.0,0,1
1.834468,10,12,818,4788,62,252,3214.010742,19140.1543,2,3,203.733889,159.341187,0.160041,0.081714,0.078327,1,1,3,1,1,1.0,0,1
0.071194,4,4,504,304,31,29,42475.48828,25620.13672,0,0,19.005666,7.364,0.0,0.0,0.0,8,6,3,3,0,0.0,0,0
0.6706,10,6,724,268,254,252,7778.109375,2672.233887,2,1,69.452778,121.281398,0.146937,0.064175,0.082762,1,1,1,1,1,1.0,0,1
0.780417,16,11,764,566,62,252,7349.916504,5279.228516,4,3,52.027799,77.078297,0.054209,0.009016,0.045193,1,1,1,1,1,0.0,0,1
0.653497,28,30,4344,3080,31,29,51281.03125,36456.17578,7,7,24.191926,22.509965,0.000827,0.000702,0.000125,4,4,1,1,0,0.0,0,0
1e-05,2,0,114,0,254,0,45600000.0,0.0,0,0,0.01,0.0,0.0,0.0,0.0,11,4,4,4,2,0.0,0,1
0.001082,2,2,146,178,31,29,539741.25,658040.6875,0,0,0.011,0.002,0.0,0.0,0.0,3,5,5,4,0,0.0,0,0
0.324009,10,10,772,5848,62,252,17160.01758,129971.6953,2,3,36.001,34.039667,0.032703,0.008713,0.02399,1,1,1,1,1,1.0,0,1
0.402504,28,30,4992,3080,31,29,95681.03906,59189.47266,7,7,14.893963,13.859069,0.000757,0.000586,0.000171,3,1,3,1,0,0.0,0,0
2e-06,2,0,114,0,254,0,228000000.0,0.0,0,0,0.002,0.0,0.0,0.0,0.0,3,4,4,3,2,0.0,0,1
0.945992,10,8,806,354,254,252,6139.586914,2621.58667,2,1,102.349778,120.502,0.178909,0.102473,0.076436,1,1,1,1,1,1.0,0,1
0.001741,4,4,544,304,31,29,1874784.625,1047673.75,0,0,0.456667,0.213667,0.0,0.0,0.0,9,4,4,4,0,0.0,0,0
0.428539,10,6,2530,268,254,252,42507.21484,4181.649902,2,1,45.719556,71.992398,0.138639,0.068566,0.070073,7,2,1,1,1,0.0,0,1
1.1e-05,2,0,114,0,254,0,41454544.0,0.0,0,0,0.011,0.0,0.0,0.0,0.0,16,5,5,5,2,0.0,0,1
0.488667,10,8,802,1528,62,252,11819.91016,21888.11523,2,2,54.296333,63.48743,0.102668,0.043651,0.059017,1,11,1,2,1,4.0,0,1
0.003047,6,8,320,1906,31,29,701017.4375,4379389.5,1,2,0.5456,0.357714,0.000675,0.000539,0.000136,3,6,8,4,0,0.0,0,0
0.062014,64,66,3806,55844,31,29,483374.7188,7094914.0,7,26,0.977571,0.945185,0.000689,0.000566,0.000123,12,1,6,1,0,0.0,0,0
1.009296,14,18,1684,10168,31,29,12396.76074,76124.35156,3,5,77.610695,59.337941,0.00068,0.000546,0.000134,3,1,2,1,0,1.0,0,0
1.564065,28,22,5023,1874,62,252,24776.46484,9150.514648,9,8,57.928335,73.56557,0.0287,0.008837,0.019863,1,1,1,1,1,0.0,0,1
0.003792,14,6,8928,320,31,29,17491562.0,563291.125,4,1,0.291692,0.564,0.000636,0.000501,0.000135,3,6,9,5,0,0.0,0,0
0.911361,22,10,17888,838,254,252,149885.7188,6627.450684,8,2,41.89819,91.815445,0.16909,0.085018,0.084072,4,1,1,1,1,0.0,0,1
0.031136,46,48,2854,31538,31,29,717368.9375,7934481.0,7,17,0.684644,0.651723,0.000649,0.000501,0.000148,9,3,3,1,0,0.0,0,0
0.907643,10,6,940,268,254,252,7456.67627,1974.344482,2,1,99.308444,167.488,0.135648,0.070194,0.065454,1,2,1,1,1,1.0,0,1
1.1e-05,2,0,114,0,254,0,41454544.0,0.0,0,0,0.011,0.0,0.0,0.0,0.0,13,3,3,3,2,0.0,0,1
0.004748,4,4,568,320,31,29,717775.9375,404380.8125,0,0,1.244667,1.067333,0.0,0.0,0.0,8,3,3,3,0,0.0,0,0
1.967881,10,10,864,1326,62,252,3162.792969,4853.952148,2,2,218.639,206.795109,0.247852,0.106717,0.141135,1,1,1,1,1,1.0,0,1
1.211401,14,18,1684,10168,31,29,10328.53711,63424.08594,3,5,93.156,71.226176,0.000703,0.00055,0.000153,3,1,1,1,0,1.0,0,0
1.1e-05,2,0,114,0,254,0,41454544.0,0.0,0,0,0.011,0.0,0.0,0.0,0.0,23,3,3,3,2,0.0,0,1
0.091598,2,2,144,240,62,252,6288.347168,10480.57813,0,0,0.006,0.008,0.0,0.0,0.0,13,2,7,2,3,0.0,0,1
0.752812,10,12,768,7298,62,252,7353.76123,71093.44531,2,4,83.529889,56.395272,0.229164,0.13246,0.096704,1,3,1,1,1,1.0,0,1
0.045076,50,50,3062,32408,31,29,532611.5625,5636702.5,7,18,0.912796,0.830918,0.004563,0.004357,0.000206,9,4,3,2,0,0.0,0,0
7e-06,2,0,114,0,254,0,65142856.0,0.0,0,0,0.007,0.0,0.0,0.0,0.0,14,2,2,2,2,0.0,0,1
1e-05,2,0,114,0,254,0,45600000.0,0.0,0,0,0.01,0.0,0.0,0.0,0.0,12,3,6,3,2,0.0,0,1
0.001769,4,4,520,304,31,29,1763708.375,1031091.063,0,0,0.440667,0.235333,0.0,0.0,0.0,8,1,1,1,0,0.0,0,0
1.072122,12,18,1580,10168,31,29,10812.20215,71663.48438,3,5,97.432365,63.036706,0.000626,0.000493,0.000133,3,2,10,1,0,1.0,0,0
0.001153,2,2,130,162,31,29,450997.375,562012.125,0,0,0.011,0.001,0.0,0.0,0.0,5,4,1,1,0,0.0,0,0
0.922736,10,10,904,1430,62,252,7057.273438,11158.12109,2,2,102.514,106.547375,0.156169,0.070348,0.085821,1,1,2,1,1,1.0,0,1
0.041713,60,62,3614,45422,31,29,681610.0625,8570949.0,7,24,0.70161,0.674508,0.000699,0.000564,0.000135,11,2,6,1,0,0.0,0,0
1.189814,20,24,948,7780,62,252,6058.089844,50132.20703,7,10,62.621787,48.805131,0.092878,0.066527,0.026351,1,1,2,1,1,0.0,0,1
0.404412,10,6,1050,268,254,252,18693.80664,4431.124512,2,1,40.892667,70.832,0.082783,0.050251,0.032532,1,1,1,1,1,0.0,0,1
1.2e-05,2,0,114,0,254,0,38000000.0,0.0,0,0,0.012,0.0,0.0,0.0,0.0,10,7,7,7,2,0.0,0,1
4e-06,2,0,200,0,254,0,200000000.0,0.0,0,0,0.004,0.0,0.0,0.0,0.0,15,6,11,6,2,0.0,0,1
0.192031,10,6,1344,268,254,252,50408.52734,9331.827148,2,1,18.840556,26.534199,0.096437,0.059352,0.037085,9,1,4,1,1,1.0,0,1
0.699911,10,6,812,268,254,252,8355.347656,2560.325439,2,1,74.869333,127.97,0.182052,0.060047,0.122005,4,1,14,1,1,1.0,0,1
0.03514,4,4,520,304,31,29,88787.70313,51906.66016,0,0,6.656667,7.354333,0.0,0.0,0.0,9,3,6,2,0,0.0,0,0
3e-06,2,0,200,0,254,0,266666656.0,0.0,0,0,0.003,0.0,0.0,0.0,0.0,10,4,8,4,2,0.0,0,1
1e-05,2,0,200,0,254,0,80000000.0,0.0,0,0,0.01,0.0,0.0,0.0,0.0,10,6,9,5,2,0.0,0,1
0.673868,10,8,872,354,254,252,9319.333008,3680.246094,2,1,69.309444,86.51357,0.134975,0.068263,0.066712,1,1,1,1,1,1.0,0,1
1.599937,12,18,1580,10168,31,29,7245.285645,48021.89063,3,5,145.415449,94.081237,0.000674,0.000552,0.000122,2,4,1,1,0,1.0,0,0
0.053077,56,58,3390,44722,31,29,501912.3125,6624489.0,7,22,0.976241,0.920579,0.000753,0.000594,0.000159,11,2,5,2,0,0.0,0,0
1e-05,2,0,114,0,254,0,45600000.0,0.0,0,0,0.01,0.0,0.0,0.0,0.0,10,4,5,4,2,0.0,0,1
1.317696,22,12,17758,898,254,252,102912.9688,5002.671387,8,2,59.28,112.475367,0.170898,0.080466,0.090432,4,1,3,1,1,0.0,0,1
1.338371,10,10,840,2314,62,252,4518.92627,12450.95703,2,2,148.690444,136.421672,0.278718,0.110568,0.16815,1,2,1,1,1,1.0,0,1
0.61926,10,6,508,268,254,252,5916.739258,2893.776367,2,1,61.08,109.626797,0.128398,0.071122,0.057276,3,1,1,3,1,1.0,0,1
0.226102,8,12,424,8824,31,29,13126.81934,286207.125,1,4,32.246999,20.507272,0.000665,0.000518,0.000147,10,4,5,4,0,0.0,0,0
0.461097,18,56,1984,67663,62,252,32513.76563,1152989.5,3,26,27.123353,8.242855,0.052265,0.007107,0.045158,4,1,1,1,1,1.0,0,1
4e-06,2,0,114,0,254,0,114000000.0,0.0,0,0,0.004,0.0,0.0,0.0,0.0,8,7,8,7,2,0.0,0,1
0.2234,14,6,8928,320,31,29,296902.4063,9561.325195,4,1,17.184616,44.538199,0.000756,0.000578,0.000178,3,4,6,4,0,0.0,0,0
0.080253,19,27,14428,1496,29,31,1362590.875,143645.7188,3,1,4.4585,2.594692,0.0,0.0,0.0,3,1,1,1,0,0.0,0,0
0.021464,8,10,1056,824,31,29,344390.625,276556.0938,2,2,3.014143,2.330111,0.000612,0.00049,0.000122,1,2,2,1,0,1.0,0,0
0.001115,2,2,146,178,31,29,523766.8125,638565.0,0,0,0.011,0.009,0.0,0.0,0.0,3,3,2,1,0,0.0,0,0
0.004306,8,10,1044,822,31,29,1698095.625,1374825.75,2,2,0.563143,0.414111,0.00078,0.000575,0.000205,1,3,8,1,0,1.0,0,0
0.001046,2,2,146,178,31,29,558317.375,680688.3125,0,0,0.011,0.008,0.0,0.0,0.0,2,3,5,1,0,0.0,0,0
1.012442,14,18,1684,10168,31,29,12358.23926,75887.80469,3,5,77.853536,59.528059,0.000572,0.00046,0.000112,2,1,7,1,0,1.0,0,0
4e-06,2,0,114,0,254,0,114000000.0,0.0,0,0,0.004,0.0,0.0,0.0,0.0,11,7,7,7,2,0.0,0,1
0.006164,24,24,2158,2464,31,29,2685269.25,3065542.0,6,6,0.251652,0.241435,0.000753,0.0006,0.000153,6,4,5,1,0,0.0,0,0
53.025837,5196,784,6864820,33944,62,252,1035495.063,5114.638672,2594,2,10.205409,67.67375,0.184012,0.068697,0.115315,1,1,2,1,1,0.0,0,1
0.041689,52,40,37280,3276,31,29,7016527.0,613111.375,18,8,0.810451,1.054513,0.000728,0.000558,0.00017,2,3,2,1,0,0.0,0,0
0.22668,14,6,8928,320,31,29,292606.3125,9422.975586,4,1,17.436923,45.201801,0.000655,0.000517,0.000138,2,2,5,2,0,0.0,0,0
0.225904,8,12,424,8824,31,29,13138.32422,286457.9688,1,4,32.22657,20.486455,0.000646,0.000542,0.000104,13,16,15,12,0,0.0,0,0
0.003969,8,10,1040,824,31,29,1834215.125,1495590.75,2,2,0.519571,0.383556,0.000638,0.000513,0.000125,1,2,4,2,0,1.0,0,0
0.026928,46,48,2854,30744,31,29,829471.1875,8943553.0,7,17,0.591,0.561426,0.000697,0.000535,0.000162,10,5,4,1,0,0.0,0,0
0.223519,8,12,424,8824,31,29,13278.51367,289514.5313,1,4,31.884856,20.270636,0.000703,0.000538,0.000165,6,4,5,4,0,0.0,0,0
7e-06,2,0,200,0,254,0,133333328.0,0.0,0,0,0.006,0.0,0.0,0.0,0.0,10,6,9,6,2,0.0,0,1
1.199045,10,10,830,1406,62,252,4983.966797,8446.722656,2,2,133.227222,125.226664,0.156999,0.054671,0.102328,4,1,1,3,1,1.0,0,1
0.088333,4,4,568,312,31,29,38581.27734,21192.53125,0,0,24.390666,24.328666,0.0,0.0,0.0,9,8,6,3,0,0.0,0,0
0.270058,10,6,1028,268,254,252,27431.14453,6635.611328,2,1,26.184222,50.932801,0.071701,0.015376,0.056325,2,1,1,1,1,1.0,0,1
0.0,4,4,184,112,0,0,35.63166,21.688837,0,0,15516.34,15516.34,0.0,0.0,0.0,2,2,2,2,0,0.0,0,0
1.1e-05,2,0,114,0,254,0,41454544.0,0.0,0,0,0.011,0.0,0.0,0.0,0.0,4,4,4,4,2,0.0,0,1
0.045112,4,4,520,304,31,29,69161.20313,40432.70313,0,0,10.002,10.669,0.0,0.0,0.0,4,4,3,3,0,0.0,0,0
0.001021,2,2,146,178,31,29,571988.25,697355.5625,0,0,0.01,0.009,0.0,0.0,0.0,2,1,2,1,0,0.0,0,0
0.238313,14,6,8928,320,31,29,278323.0313,8963.001953,4,1,18.331768,47.517398,0.000724,0.000571,0.000153,3,5,13,5,0,0.0,0,0
0.001737,4,4,536,304,31,29,1851468.125,1050086.375,0,0,0.456333,0.212,0.0,0.0,0.0,10,3,3,3,0,0.0,0,0
1e-05,2,0,114,0,254,0,45600000.0,0.0,0,0,0.01,0.0,0.0,0.0,0.0,14,8,7,7,2,0.0,0,1
0.001061,2,2,146,178,31,29,550424.125,671065.0,0,0,0.01,0.005,0.0,0.0,0.0,4,4,6,1,0,0.0,0,0
1.625231,10,12,888,3445,62,252,3937.901611,15544.86719,2,3,180.58,139.339724,0.172216,0.092493,0.079723,2,2,2,1,1,1.0,0,1
4e-06,2,0,200,0,254,0,100000000.0,0.0,0,0,0.008,0.0,0.0,0.0,0.0,14,6,9,6,2,0.0,0,1
0.179549,10,6,840,268,254,252,33684.39844,9980.5625,2,1,17.564444,31.975801,0.052042,0.019661,0.032381,1,1,1,1,1,1.0,0,1
0.204871,32,26,3728,5578,31,29,141044.8594,209458.6406,7,7,6.608742,8.16376,0.000788,0.00063,0.000158,2,7,1,1,0,0.0,0,0
1e-05,2,0,200,0,254,0,400000000.0,0.0,0,0,0.002,0.0,0.0,0.0,0.0,15,4,9,4,2,0.0,0,1
1.157195,10,10,828,1488,62,252,5157.298828,9263.780273,2,2,128.577222,119.874336,0.137925,0.077584,0.060341,1,3,3,7,1,1.0,0,1
0.642554,10,6,2516,268,254,252,28199.96484,2788.87085,2,1,71.394889,104.406203,0.212639,0.089307,0.123332,12,5,5,1,1,0.0,0,1
0.001107,2,2,130,162,31,29,469738.0,585365.8125,0,0,0.011,0.006,0.0,0.0,0.0,1,2,5,1,0,0.0,0,0
0.018487,16,18,1540,1644,31,29,624871.5,672039.8125,4,4,1.210733,1.060412,0.000575,0.000453,0.000122,14,9,9,7,0,0.0,0,0
0.03574,8,10,1050,824,31,29,205707.8906,166088.4219,2,2,4.969714,3.908889,0.000722,0.000555,0.000167,2,7,2,1,0,1.0,0,0
1.1e-05,2,0,114,0,254,0,41454544.0,0.0,0,0,0.011,0.0,0.0,0.0,0.0,7,4,6,4,2,0.0,0,1
1e-05,2,0,114,0,254,0,45600000.0,0.0,0,0,0.01,0.0,0.0,0.0,0.0,16,3,4,3,2,0.0,0,1
9e-06,2,0,114,0,254,0,50666664.0,0.0,0,0,0.009,0.0,0.0,0.0,0.0,9,4,4,4,2,0.0,0,1
0.319256,12,10,2620,3906,254,252,60189.94141,88104.84375,3,3,26.667727,29.837,0.110131,0.05072,0.059411,2,1,1,1,1,1.0,0,1
0.321836,62,58,5928,8010,31,29,144993.1094,195677.3125,14,17,5.276,5.63293,0.000764,0.000607,0.000157,5,1,1,1,0,0.0,0,0
2e-06,2,0,104,0,254,0,208000000.0,0.0,0,0,0.002,0.0,0.0,0.0,0.0,2,2,2,2,2,0.0,0,1
2.714022,34,26,21407,2138,62,252,61246.375,6060.378418,14,8,82.243092,105.204117,0.178103,0.082425,0.095678,4,1,1,1,1,0.0,0,1
4e-06,2,0,200,0,254,0,88888888.0,0.0,0,0,0.009,0.0,0.0,0.0,0.0,23,8,8,8,2,0.0,0,1
0.28906,26,28,4184,2976,31,29,111367.8828,79429.875,7,7,11.54904,10.687259,0.000645,0.000499,0.000146,7,6,4,3,0,0.0,0,0
1.29377,14,18,1684,10168,31,29,9670.961914,59386.13672,3,5,99.493615,76.073235,0.000665,0.000519,0.000146,1,3,1,1,0,1.0,0,0
3.5e-05,2,0,114,0,254,0,13028571.0,0.0,0,0,0.035,0.0,0.0,0.0,0.0,11,7,8,7,2,0.0,0,1
0.001069,2,2,132,164,31,29,493919.5625,613657.625,0,0,0.011,0.008,0.0,0.0,0.0,2,4,2,1,0,0.0,0,0
1.1e-05,2,0,114,0,254,0,41454544.0,0.0,0,0,0.011,0.0,0.0,0.0,0.0,11,3,3,3,2,0.0,0,1
31.078283,4,4,184,112,0,0,35.523197,21.622816,0,0,15514.345,15514.345,0.0,0.0,0.0,2,2,2,2,0,0.0,0,0
7e-06,2,0,114,0,254,0,65142856.0,0.0,0,0,0.007,0.0,0.0,0.0,0.0,7,3,3,3,2,0.0,0,1
1.098024,10,6,936,268,254,252,6141.942383,1632.022583,2,1,112.282667,185.153594,0.276265,0.172244,0.104021,1,1,1,1,1,0.0,0,1
0.00106,2,2,146,178,31,29,550943.375,671698.0625,0,0,0.01,0.008,0.0,0.0,0.0,5,3,4,2,0,0.0,0,0
0.187253,10,10,638,4772,254,252,24565.69531,183495.0625,2,3,20.805889,19.365111,0.055266,0.007586,0.04768,1,1,1,1,1,1.0,0,1
4e-06,2,0,200,0,254,0,200000000.0,0.0,0,0,0.004,0.0,0.0,0.0,0.0,14,2,4,2,2,0.0,0,1
0.337672,224,438,12934,548216,31,29,305077.125,12958492.0,21,197,1.512771,0.771568,0.000619,0.000487,0.000132,15,2,6,2,0,0.0,0,0
2.050189,20,22,972,4336,62,252,3605.52124,16150.70606,7,9,107.904687,95.320098,0.123839,0.047562,0.076277,1,1,1,1,1,0.0,0,1
0.223955,10,6,1200,268,254,252,38579.17969,8001.607422,2,1,23.261333,43.559398,0.050682,0.006149,0.044533,1,1,1,1,1,1.0,0,1
7e-06,2,0,114,0,254,0,65142856.0,0.0,0,0,0.007,0.0,0.0,0.0,0.0,11,4,4,4,2,0.0,0,1
0.53864,12,8,1058,728,254,252,14406.65332,9460.864258,3,2,46.321546,71.656859,0.072952,0.037038,0.035914,3,1,1,1,1,0.0,0,1
0.418576,12,8,994,732,254,252,17430.52539,12251.06055,3,2,35.981453,50.535285,0.097517,0.064822,0.032695,3,1,1,1,1,0.0,0,1
0.409399,10,6,864,268,254,252,15202.77246,4377.147949,2,1,43.492333,73.249797,0.109363,0.043141,0.066222,1,1,9,1,1,1.0,0,1
3e-06,2,0,200,0,254,0,266666656.0,0.0,0,0,0.003,0.0,0.0,0.0,0.0,10,4,8,4,2,0.0,0,1
0.004955,18,18,4376,2456,31,29,6672856.0,3745711.5,7,7,0.272824,0.261824,0.00063,0.0005,0.00013,7,4,3,3,0,0.0,0,0
1.050167,12,18,1580,10168,31,29,11038.24512,73161.70313,3,5,95.438276,61.743356,0.000657,0.000526,0.000131,2,1,1,1,0,1.0,0,0
0.403139,10,6,1096,268,254,252,19586.29688,4445.117188,2,1,39.952444,67.357203,0.106876,0.066346,0.04053,1,1,2,1,1,1.0,0,1
0.539269,10,6,1278,268,254,252,17074.9668,3323.01709,2,1,57.214222,103.364,0.081798,0.022438,0.05936,2,2,6,2,1,0.0,0,1
0.792264,10,10,806,1172,62,252,7330.889648,10653.01465,2,2,88.029333,67.565336,0.141688,0.08328,0.058408,4,1,1,4,1,1.0,0,1
2.148298,10,8,556,354,254,252,1865.662964,1154.402222,2,1,238.699778,283.918563,0.233763,0.12519,0.108573,2,1,2,1,1,0.0,0,1
3e-06,2,0,200,0,254,0,200000000.0,0.0,0,0,0.004,0.0,0.0,0.0,0.0,11,5,8,5,2,0.0,0,1
1.032505,10,10,826,1758,62,252,5764.620605,12265.31543,2,2,114.722778,101.612109,0.16295,0.088446,0.074504,2,1,3,1,1,1.0,0,1
0.247569,10,6,840,268,254,252,24429.55273,7238.38623,2,1,25.952778,37.518398,0.073308,0.059969,0.013339,1,2,1,1,1,1.0,0,1
0.040103,90,92,5174,85520,31,29,1020771.5,16874748.0,7,39,0.447034,0.433198,0.000815,0.000678,0.000137,7,4,3,1,0,0.0,0,0
1.706228,62,58,5928,8010,31,29,27349.2168,36909.48828,14,17,27.970952,29.921228,0.000708,0.000574,0.000134,2,2,2,1,0,0.0,0,0
0.417069,10,6,1220,268,254,252,21061.26367,4296.651367,2,1,45.090556,70.204398,0.133153,0.066038,0.067115,1,1,2,1,1,1.0,0,1
0.172136,6,8,320,1906,31,29,12408.79395,77520.10156,1,2,34.3616,24.517285,0.000646,0.000511,0.000135,1,2,7,2,0,0.0,0,0
7e-06,2,0,200,0,254,0,114285712.0,0.0,0,0,0.007,0.0,0.0,0.0,0.0,6,3,7,3,2,0.0,0,1
0.677822,224,438,12934,548216,31,29,151980.9063,6455559.0,21,197,3.038023,1.546348,0.005878,0.002066,0.003812,10,2,4,1,0,0.0,0,0
3.7e-05,2,0,114,0,254,0,12324324.0,0.0,0,0,0.037,0.0,0.0,0.0,0.0,14,3,3,3,2,0.0,0,1
0.487177,8,10,364,3754,62,252,5238.342285,55487.01953,1,3,69.596717,50.850333,0.053219,0.02885,0.024369,2,2,2,2,1,0.0,0,1
0.005297,4,4,568,304,31,29,643383.0625,344345.8438,0,0,1.437333,1.248667,0.0,0.0,0.0,5,7,4,3,0,0.0,0,0
1.876458,25,66,1328,65448,62,252,5435.772949,274802.8438,6,17,78.185751,27.9204,0.114663,0.060863,0.0538,2,1,1,1,1,0.0,0,1
1.7e-05,2,0,156,0,254,0,36705880.0,0.0,0,0,0.017,0.0,0.0,0.0,0.0,10,2,4,2,2,0.0,0,1
0.001013,2,2,146,178,31,29,576505.4375,702862.75,0,0,0.002,0.002,0.0,0.0,0.0,4,4,2,2,0,0.0,0,0
0.006412,22,24,2054,2478,31,29,2446662.5,2963194.0,6,6,0.287571,0.226522,0.001394,0.001191,0.000203,4,5,3,1,0,0.0,0,0
0.044342,17,13,1024,14984,31,29,173920.8906,2495512.25,2,2,2.771375,3.627667,0.000694,0.000578,0.000116,6,4,4,1,0,0.0,0,0
0.19006,10,6,1546,268,254,252,58592.02344,9428.601562,2,1,19.361222,36.450398,0.05288,0.007805,0.045075,2,1,1,1,1,1.0,0,1
0.692337,10,8,564,354,254,252,5869.974121,3582.070801,2,1,76.926333,93.216141,0.066067,0.03166,0.034407,1,1,2,1,1,0.0,0,1
0.478636,10,8,784,1054,62,252,11800.19922,15427.17188,2,2,53.181778,61.044285,0.073121,0.050574,0.022547,1,1,1,1,1,1.0,0,1
1.980115,64,26,64128,1868,62,252,255039.7188,7260.184082,29,8,31.430397,75.920758,0.146607,0.081336,0.065271,1,2,2,2,1,0.0,0,1
0.636901,10,6,828,268,254,252,9370.373047,2813.624023,2,1,70.766778,112.844797,0.123877,0.045247,0.07863,1,1,1,1,1,1.0,0,1
1.072006,10,6,528,268,254,252,3552.218994,1671.632446,2,1,96.471111,202.995203,0.086004,0.05702,0.028984,1,1,5,1,1,0.0,0,1
7e-06,2,0,114,0,254,0,65142856.0,0.0,0,0,0.007,0.0,0.0,0.0,0.0,7,3,3,3,2,0.0,0,1
1.017914,14,18,1684,10168,31,29,12291.80371,75479.85156,3,5,78.236925,59.845881,0.000657,0.00053,0.000127,3,4,11,3,0,4.0,0,0
7e-06,2,0,200,0,254,0,100000000.0,0.0,0,0,0.008,0.0,0.0,0.0,0.0,11,5,5,5,2,0.0,0,1
0.001096,2,2,146,178,31,29,532846.75,649635.0625,0,0,0.011,0.009,0.0,0.0,0.0,1,4,1,1,0,0.0,0,0
0.033896,78,80,4550,67468,31,29,1060184.125,15724570.0,7,33,0.435636,0.426154,0.000817,0.000646,0.000171,22,4,6,2,0,0.0,0,0
1.008566,14,18,1684,10168,31,29,12405.73242,76179.44531,3,5,77.555459,59.300824,0.000565,0.000449,0.000116,1,1,1,1,0,1.0,0,0
0.636863,8,6,364,268,62,252,4007.141357,2813.791992,1,1,90.980426,113.271398,0.119871,0.060819,0.059052,9,2,4,2,1,0.0,0,1
2.424846,10,8,884,354,254,252,2626.14624,1022.745361,2,1,269.427333,329.968156,0.176383,0.074751,0.101632,1,1,1,1,1,1.0,0,1
0.00105,2,2,132,164,31,29,502857.1563,624761.9375,0,0,0.01,0.005,0.0,0.0,0.0,4,3,8,1,0,0.0,0,0
0.574375,10,6,806,268,254,252,10111.86133,3119.913086,2,1,63.806111,102.416203,0.126618,0.062264,0.064354,2,1,1,1,1,1.0,0,1
0.017945,48,50,2974,32400,31,29,1298634.625,14155251.0,7,18,0.374809,0.353531,0.000764,0.000612,0.000152,5,2,9,1,0,0.0,0,0
0.458994,10,8,1716,354,254,252,26928.45703,5403.120605,2,1,49.481778,59.280145,0.09721,0.044023,0.053187,9,2,2,2,1,0.0,0,1
0.376776,10,8,790,2096,62,252,15096.50293,38940.90625,2,2,41.864,41.665855,0.137405,0.073415,0.06399,1,1,2,1,1,1.0,0,1
0.001045,2,2,146,178,31,29,558851.625,681339.6875,0,0,0.011,0.008,0.0,0.0,0.0,4,4,1,1,0,0.0,0,0
0.026822,62,58,5928,8010,31,29,1739765.875,2347923.25,14,17,0.439705,0.457702,0.000745,0.000589,0.000156,2,4,5,1,0,0.0,0,0
0.533993,10,6,872,268,254,252,11760.4541,3355.849121,2,1,59.332556,103.969602,0.036698,0.013347,0.023351,1,1,1,1,1,1.0,0,1
0.187598,10,6,990,268,254,252,37996.14063,9552.34082,2,1,19.158556,36.243,0.051709,0.006362,0.045347,1,1,1,1,1,1.0,0,1
0.016342,8,10,1032,822,31,29,442051.1875,362256.7813,2,2,2.280286,1.732667,0.000861,0.000738,0.000123,1,5,7,1,0,1.0,0,0
10.687411,344,746,18370,1087890,31,29,13711.08496,813242.375,2,370,31.157686,14.341304,0.003994,0.003136,0.000858,10,14,9,9,0,0.0,0,0
0.017893,40,42,2558,23268,31,29,1115520.0,10155480.0,7,14,0.45059,0.4307,0.000792,0.000654,0.000138,3,7,2,1,0,0.0,0,0
0.013178,12,14,1036,2366,31,29,576718.75,1333738.0,4,4,1.165545,0.953154,0.000917,0.000776,0.000141,8,3,2,1,0,0.0,0,0
1.677965,60,14,68185,612,254,252,319668.1563,2712.809814,27,1,26.707017,122.975766,0.147173,0.079279,0.067894,4,1,1,2,1,1.0,0,1
0.028019,40,42,2542,23266,31,29,707805.4375,6485028.0,7,14,0.710231,0.669219,0.000748,0.000575,0.000173,13,3,12,1,0,0.0,0,0
0.432656,10,8,510,354,254,252,8487.112305,5732.036621,2,1,46.388,54.117145,0.101523,0.053828,0.047695,12,4,3,12,1,1.0,0,1
0.001038,2,2,146,178,31,29,562620.4375,685934.5,0,0,0.01,0.002,0.0,0.0,0.0,3,7,1,1,0,0.0,0,0
5e-06,2,0,200,0,254,0,160000000.0,0.0,0,0,0.005,0.0,0.0,0.0,0.0,19,4,5,4,2,0.0,0,1
0.001106,2,2,146,178,31,29,528028.9375,643761.25,0,0,0.062,0.008,0.0,0.0,0.0,2,1,2,1,0,0.0,0,0
0.036123,4,4,528,304,31,29,87700.35938,50494.14453,0,0,6.676333,7.685,0.0,0.0,0.0,4,6,7,3,0,0.0,0,0
1.4e-05,2,0,114,0,254,0,32571428.0,0.0,0,0,0.014,0.0,0.0,0.0,0.0,7,3,3,3,2,0.0,0,1
1.006003,12,18,1580,10168,31,29,11522.82813,76373.53125,3,5,91.421364,59.142939,0.000685,0.000568,0.000117,1,2,4,1,0,1.0,0,0
4e-06,2,0,200,0,254,0,160000000.0,0.0,0,0,0.005,0.0,0.0,0.0,0.0,21,6,6,6,2,0.0,0,1
7e-06,2,0,114,0,254,0,65142856.0,0.0,0,0,0.007,0.0,0.0,0.0,0.0,7,4,5,4,2,0.0,0,1
0.405894,28,30,5024,3080,31,29,95492.90625,58695.125,7,7,15.021111,13.978896,0.000633,0.000502,0.000131,8,1,3,1,0,0.0,0,0
0.001696,4,4,536,304,31,29,1896226.375,1075471.75,0,0,0.431,0.218,0.0,0.0,0.0,3,5,4,3,0,0.0,0,0
0.400279,4,4,568,320,31,29,8514.061523,4796.654297,0,0,84.683664,128.290664,0.0,0.0,0.0,9,8,4,3,0,0.0,0,0
0.020806,46,46,2870,27384,31,29,1079688.625,10300490.0,7,16,0.455311,0.451333,0.000611,0.000489,0.000122,5,3,2,1,0,0.0,0,0
1.261047,10,6,832,1774,62,252,4751.606934,9382.679688,2,2,140.116333,232.163203,0.103181,0.066142,0.037039,1,3,4,1,1,1.0,0,1
0.178546,10,6,924,268,254,252,37278.91016,10036.62988,2,1,18.428222,34.400602,0.050207,0.006532,0.043675,1,1,1,1,1,1.0,0,1
0.441827,52,40,37496,3276,31,29,665871.5,57850.69922,18,8,8.656353,11.315077,0.000666,0.000535,0.000131,1,4,5,2,0,0.0,0,0
4e-06,2,0,200,0,254,0,88888888.0,0.0,0,0,0.009,0.0,0.0,0.0,0.0,23,8,8,8,2,0.0,0,1
2.022108,24,112,1410,142267,62,252,5348.873535,557821.8125,2,53,87.91774,17.172928,0.177797,0.089144,0.088653,3,1,1,1,1,0.0,0,1
1.265029,10,12,832,5526,62,252,4736.650391,32037.21094,2,3,140.558778,105.218544,0.163541,0.083672,0.079869,2,1,1,2,1,1.0,0,1
0.014028,42,44,2646,25418,31,29,1473053.875,14166524.0,7,15,0.333805,0.321833,0.000633,0.000508,0.000125,3,1,4,1,0,0.0,0,0
7e-06,2,0,114,0,254,0,65142856.0,0.0,0,0,0.007,0.0,0.0,0.0,0.0,4,4,5,4,2,0.0,0,1
0.08331,54,56,3302,40478,31,29,311223.125,3817645.0,7,21,1.564698,1.504164,0.000707,0.00057,0.000137,6,1,2,1,0,0.0,0,0
1e-05,2,0,114,0,254,0,45600000.0,0.0,0,0,0.01,0.0,0.0,0.0,0.0,15,1,1,1,2,0.0,0,1
1.1e-05,2,0,210,0,254,0,76363632.0,0.0,0,0,0.011,0.0,0.0,0.0,0.0,1,1,1,1,2,0.0,0,1
1e-05,2,0,104,0,254,0,41600000.0,0.0,0,0,0.01,0.0,0.0,0.0,0.0,14,1,2,1,2,0.0,0,1
0.757324,10,8,826,354,254,252,7859.251953,3274.688232,2,1,78.182444,91.897289,0.152437,0.114033,0.038404,5,1,5,1,1,0.0,0,1
0.093768,60,62,3614,45696,31,29,303216.4375,3835764.75,7,24,1.583881,1.527705,0.000724,0.000574,0.00015,3,2,3,2,0,0.0,0,0
1.1e-05,2,0,200,0,254,0,800000000.0,0.0,0,0,0.001,0.0,0.0,0.0,0.0,8,2,6,2,2,0.0,0,1
1.1e-05,2,0,134,0,62,0,48727272.0,0.0,0,0,0.011,0.0,0.0,0.0,0.0,11,1,5,1,2,0.0,0,1
0.122021,68,70,4014,59366,31,29,259299.6406,3836585.5,7,28,1.81591,1.760565,0.000661,0.000538,0.000123,4,6,3,1,0,0.0,0,0
0.822887,182,351,10050,448112,31,29,97170.08594,4344081.0,15,157,4.534541,2.349746,0.000595,0.000472,0.000123,15,4,6,1,0,0.0,0,0
1.131983,12,18,1580,10168,31,29,10240.43652,67873.80469,3,5,102.875094,66.55459,0.000673,0.000551,0.000122,3,2,1,1,0,1.0,0,0
0.571732,14,18,2948,10292,254,252,38311.65625,136021.7813,4,7,43.979383,31.657234,0.063071,0.033338,0.029733,2,1,1,2,1,1.0,0,1
0.779147,16,8,10794,354,254,252,103908.5,3182.968018,5,1,50.403601,104.817141,0.109392,0.04542,0.063972,5,2,2,1,1,1.0,0,1
0.019993,34,38,2230,13462,31,29,866303.1875,5245036.0,7,11,0.595212,0.525703,0.000688,0.000531,0.000157,4,4,2,1,0,0.0,0,0
0.000951,2,2,130,162,31,29,546792.8125,681388.0,0,0,0.011,0.003,0.0,0.0,0.0,6,2,5,1,0,0.0,0,0
0.866919,10,16,820,9484,62,252,6810.325195,82056.10938,2,4,96.308333,51.556799,0.152693,0.093565,0.059128,1,1,1,1,1,1.0,0,1
0.004406,4,4,568,304,31,29,773490.6875,413980.9375,0,0,1.173667,0.983333,0.0,0.0,0.0,9,6,3,2,0,0.0,0,0
1.2e-05,2,0,114,0,254,0,38000000.0,0.0,0,0,0.012,0.0,0.0,0.0,0.0,8,1,1,1,2,0.0,0,1
0.001085,2,2,146,178,31,29,538248.875,656221.1875,0,0,0.012,0.009,0.0,0.0,0.0,18,1,2,1,0,0.0,0,0
0.000968,2,2,146,178,31,29,603305.8125,735537.1875,0,0,0.001,0.001,0.0,0.0,0.0,3,3,1,1,0,0.0,0,0
0.384425,18,6,13502,268,254,252,265372.9375,4661.507324,6,1,22.613235,69.284797,0.075915,0.025139,0.050776,1,1,1,1,1,1.0,0,1
4e-06,2,0,200,0,254,0,200000000.0,0.0,0,0,0.004,0.0,0.0,0.0,0.0,10,2,2,2,2,0.0,0,1
1e-05,2,0,200,0,254,0,80000000.0,0.0,0,0,0.01,0.0,0.0,0.0,0.0,11,4,8,4,2,0.0,0,1
0.001087,2,2,146,178,31,29,537258.5,655013.8125,0,0,0.012,0.008,0.0,0.0,0.0,3,2,2,2,0,0.0,0,0
1.119002,12,18,1580,10168,31,29,10359.23145,68661.17969,3,5,101.695362,65.788821,0.00076,0.000587,0.000173,13,6,3,2,0,0.0,0,0
0.023587,54,42,37850,3380,31,29,12600161.0,1119260.625,19,8,0.438604,0.558122,0.000851,0.000697,0.000154,1,2,4,1,0,0.0,0,0
1.023444,12,18,1580,10168,31,29,11326.46191,75072.00781,3,5,93.00373,60.17,0.000688,0.00055,0.000138,1,2,3,1,0,1.0,0,0
0.0,6,0,384,0,1,0,51.195515,0.0,0,0,10000.875,0.0,0.0,0.0,0.0,2,4,2,2,0,0.0,0,0
7e-06,2,0,200,0,254,0,114285712.0,0.0,0,0,0.007,0.0,0.0,0.0,0.0,6,2,3,2,2,0.0,0,1
5e-06,2,0,114,0,254,0,91200000.0,0.0,0,0,0.005,0.0,0.0,0.0,0.0,7,3,3,3,2,0.0,0,1
3e-06,2,0,114,0,254,0,152000000.0,0.0,0,0,0.003,0.0,0.0,0.0,0.0,10,4,3,3,2,0.0,0,1
0.24171,10,6,946,268,254,252,28199.08008,7413.842773,2,1,26.856667,43.267602,0.054651,0.024579,0.030072,1,1,2,1,1,1.0,0,1
0.04632,6,8,320,1862,31,29,46113.99219,281519.875,1,2,9.2012,6.547571,0.000616,0.000483,0.000133,3,5,4,4,0,0.0,0,0
0.001055,2,2,132,164,31,29,500473.9375,621800.9375,0,0,0.011,0.009,0.0,0.0,0.0,2,3,7,2,0,0.0,0,0
2.403655,140,26,176914,1128,254,252,584613.0,3611.166992,67,1,17.09264,92.819203,0.129653,0.083164,0.046489,2,1,2,1,1,0.0,0,1
0.242697,16,18,1540,1644,31,29,47598.44531,51191.40234,4,4,16.158399,15.136625,0.000848,0.0005,0.000348,8,3,5,3,0,0.0,0,0
0.239395,10,12,818,7586,62,252,24628.75195,232385.8125,2,4,26.599444,20.218817,0.034875,0.015955,0.01892,1,1,1,1,1,1.0,0,1
0.184354,10,6,1060,268,254,252,41398.61328,9720.428711,2,1,20.483778,34.073602,0.056729,0.008498,0.048231,1,1,1,1,1,1.0,0,1
0.035115,4,4,512,304,31,29,87483.98438,51943.61328,0,0,6.662333,7.345667,0.0,0.0,0.0,9,3,6,2,0,0.0,0,0
0.414479,10,8,784,950,62,252,13626.74609,16058.71484,2,2,46.053222,52.773855,0.099761,0.044523,0.055238,1,1,1,1,1,0.0,0,1
0.60384,10,8,700,2238,62,252,8346.582031,25953.89453,2,2,67.093333,79.234859,0.162125,0.04841,0.113715,1,1,1,6,1,1.0,0,1
0.160031,84,86,4862,79236,31,29,240203.4531,3914991.25,7,36,1.923867,1.876024,0.000721,0.000563,0.000158,5,1,4,1,0,0.0,0,0
37.410259,20,16,1132,708,254,252,230.097305,141.993134,6,1,1966.710632,2491.4645,0.092434,0.038292,0.054142,6,2,2,6,1,2.0,0,1
0.026103,54,56,3302,35712,31,29,993295.8125,10749723.0,7,21,0.484415,0.462218,0.000809,0.00067,0.000139,8,4,3,1,0,0.0,0,0
0.906419,10,8,1154,354,254,252,9170.152344,2736.041504,2,1,95.815444,124.85657,0.087766,0.032416,0.05535,1,1,1,1,1,1.0,0,1
0.542977,10,8,1612,354,254,252,21378.43945,4567.412598,2,1,60.330778,67.914859,0.121278,0.066904,0.054374,10,2,3,2,1,0.0,0,1
0.078555,52,54,3182,38534,31,29,317841.0,3851670.75,7,20,1.531373,1.469208,0.001526,0.000683,0.000843,9,4,3,1,0,0.0,0,0
0.001011,2,2,146,178,31,29,577645.875,704253.1875,0,0,0.011,0.005,0.0,0.0,0.0,1,1,7,1,0,0.0,0,0
1.1e-05,2,0,200,0,254,0,72727272.0,0.0,0,0,0.011,0.0,0.0,0.0,0.0,23,4,6,4,2,0.0,0,1
0.359114,28,30,4504,3080,31,29,96771.5,66341.05469,7,7,13.287889,12.363725,0.000693,0.000561,0.000132,14,5,5,2,0,0.0,0,0
0.364366,10,6,878,268,254,252,17367.15234,4918.131836,2,1,40.377889,61.652,0.126309,0.056102,0.070207,2,1,1,1,1,1.0,0,1
0.000933,2,2,146,178,31,29,625937.8125,763129.6875,0,0,0.004,0.003,0.0,0.0,0.0,4,2,1,1,0,0.0,0,0
0.194887,72,74,4222,61786,31,29,170929.8281,2502044.75,7,30,2.740422,2.662164,0.000688,0.00054,0.000148,15,7,15,4,0,0.0,0,0
0.00108,2,2,146,178,31,29,540740.75,659259.3125,0,0,0.011,0.008,0.0,0.0,0.0,2,6,3,2,0,0.0,0,0
0.378268,10,6,566,268,254,252,10786.00391,4737.381836,2,1,40.023444,59.438,0.114116,0.081071,0.033045,5,2,2,5,1,1.0,0,1
1.006008,14,18,1684,10168,31,29,12437.27637,76373.14844,3,5,77.358156,59.144235,0.000712,0.000552,0.00016,2,2,2,1,0,1.0,0,0
0.481448,8,12,424,8824,31,29,6164.736328,134411.1875,1,4,68.731569,43.725274,0.000593,0.000466,0.000127,3,8,4,2,0,0.0,0,0
0.0,6,0,384,0,1,0,51.195522,0.0,0,0,10000.875,0.0,0.0,0.0,0.0,1,3,1,1,0,0.0,0,0
1.007104,14,18,1684,10168,31,29,12423.74121,76290.03125,3,5,77.442459,59.209353,0.000666,0.000538,0.000128,3,1,3,1,0,1.0,0,0
0.87025,48,52,3744,19084,31,29,33700.66016,172060.9063,11,15,18.508362,17.041236,0.001316,0.001141,0.000175,5,3,1,1,0,0.0,0,0
0.653897,108,114,9504,12298,31,29,115198.5703,149148.875,26,31,6.108187,5.780938,0.000799,0.00064,0.000159,1,3,3,1,0,0.0,0,0
0.001109,2,2,146,178,31,29,526600.5625,642019.875,0,0,0.002,0.004,0.0,0.0,0.0,2,2,2,1,0,0.0,0,0
1.017136,14,18,1684,10168,31,29,12301.20703,75537.58594,3,5,78.214233,59.763647,0.00127,0.001145,0.000125,2,2,4,1,0,1.0,0,0
27.955322,346,734,18466,1072778,31,29,5269.265137,306579.75,0,361,81.028992,38.124185,0.0,0.0,0.0,31,30,32,16,0,0.0,0,0
0.541166,10,8,986,1164,254,252,13127.20996,15063.76953,2,2,60.129556,65.955711,0.116195,0.056917,0.059278,3,1,1,4,1,1.0,0,1
0.031103,40,40,2542,19420,31,29,637623.375,4870269.5,7,13,0.788846,0.78318,0.000689,0.000555,0.000134,7,3,2,1,0,0.0,0,0
0.022956,60,62,3614,44406,31,29,1238543.25,15225649.0,7,24,0.383475,0.366787,0.000706,0.000571,0.000135,5,2,2,1,0,0.0,0,0
1.258177,12,10,1036,808,254,252,6040.485352,4628.919434,3,2,114.366364,131.658328,0.140529,0.073242,0.067287,5,1,2,1,1,0.0,0,1
0.919885,10,6,942,268,254,252,7374.834961,1948.06958,2,1,97.851556,174.356594,0.18962,0.048086,0.141534,2,1,2,2,1,1.0,0,1
7e-06,2,0,114,0,254,0,65142856.0,0.0,0,0,0.007,0.0,0.0,0.0,0.0,14,1,1,1,2,0.0,0,1
0.00568,24,26,2048,2410,31,29,2764788.75,3264788.75,6,7,0.233348,0.19996,0.000833,0.000671,0.000162,15,1,3,1,0,0.0,0,0
0.093063,72,74,4238,61854,31,29,359326.5,5245393.0,7,30,1.306239,1.283903,0.00071,0.000611,9.9e-05,3,4,2,1,0,0.0,0,0
0.03378,64,66,3806,50952,31,29,887388.9375,11883955.0,7,26,0.531127,0.511938,0.000622,0.0005,0.000122,2,2,2,1,0,0.0,0,0
6.808105,306,70,395645,3762,62,252,463392.375,4358.334473,150,8,22.321655,97.400352,0.209116,0.086925,0.122191,1,1,2,1,1,0.0,0,1
4e-06,2,0,104,0,254,0,104000000.0,0.0,0,0,0.004,0.0,0.0,0.0,0.0,5,5,1,1,2,0.0,0,1
22.123272,428,417,59144,71658,31,29,21337.16992,25850.42578,127,126,51.810095,53.178937,0.000956,0.00082,0.000136,42,36,43,30,0,0.0,0,0
0.074899,54,56,3302,35742,31,29,346172.8438,3749475.75,7,21,1.406811,1.351109,0.000739,0.000585,0.000154,9,3,2,1,0,0.0,0,0
0.037909,36,38,2334,16822,31,29,479041.9063,3456698.75,7,12,1.072486,1.010595,0.00064,0.000494,0.000146,9,2,5,1,0,0.0,0,0
0.036512,36,38,2334,16920,31,29,497370.75,3609772.25,7,12,1.034229,0.972649,0.001467,0.00052,0.000947,13,1,6,1,0,0.0,0,0
0.037549,12,7,632,8164,31,30,123571.8672,1490958.5,1,1,2.947455,3.722,0.0,0.0,0.0,5,3,3,1,0,0.0,0,0
0.241898,46,48,2854,29218,31,29,92336.4375,946183.9375,7,17,5.368022,5.136979,0.000586,0.000453,0.000133,23,24,24,3,0,0.0,0,0
0.046528,6,8,320,1844,31,29,45907.83984,277510.3125,1,2,9.2384,6.573571,0.000631,0.00051,0.000121,23,4,15,4,0,0.0,0,0
0.001052,2,2,146,178,31,29,555133.0625,676806.125,0,0,0.011,0.009,0.0,0.0,0.0,2,3,2,1,0,0.0,0,0
0.043968,38,40,2438,20116,31,29,431950.5,3568777.25,7,13,1.179135,1.113949,0.000649,0.00052,0.000129,2,3,3,1,0,0.0,0,0
0.44516,24,26,2062,2424,31,29,35528.79688,41890.55469,6,7,19.339869,17.78216,0.00073,0.000595,0.000135,4,3,1,1,0,0.0,0,0
1.2e-05,2,0,748,0,254,0,249333328.0,0.0,0,0,0.012,0.0,0.0,0.0,0.0,1,1,1,1,2,0.0,0,1
0.773924,14,36,996,41916,62,252,9561.662109,421250.6563,2,16,59.532617,19.671914,0.190585,0.08462,0.105965,1,1,1,1,1,1.0,0,1
0.828881,60,14,68195,612,254,252,647224.375,5491.741211,27,1,13.862068,60.430691,0.117675,0.043273,0.074402,1,2,1,2,1,1.0,0,1
2.362219,20,20,3008,1660,62,252,9679.03418,5340.740723,7,8,124.327311,123.174477,0.072266,0.021091,0.051175,1,1,2,1,1,0.0,0,1
0.004871,4,4,568,312,31,29,699651.0,384315.3438,0,0,1.271,1.121667,0.0,0.0,0.0,9,5,5,3,0,0.0,0,0
2.708267,34,22,22256,1876,62,252,63810.54688,5290.468262,14,8,82.038939,124.422289,0.201088,0.095389,0.105699,1,1,2,1,1,0.0,0,1
1e-05,2,0,114,0,254,0,45600000.0,0.0,0,0,0.01,0.0,0.0,0.0,0.0,13,7,7,7,2,0.0,0,1
0.342062,28,30,4440,3080,31,29,100145.5859,69648.19531,7,7,12.657148,11.776793,0.000662,0.00053,0.000132,7,3,3,3,0,0.0,0,0
4.88649,578,102,741024,5142,62,252,1211081.25,8336.454102,286,8,8.468787,48.052813,0.076543,0.032555,0.043988,1,1,5,1,1,0.0,0,1
0.004271,12,12,1036,2262,31,29,1779442.75,3884804.25,4,4,0.356455,0.329364,0.000794,0.000637,0.000157,16,2,8,2,0,0.0,0,0
0.001144,2,2,146,178,31,29,510489.5313,622377.625,0,0,0.01,0.008,0.0,0.0,0.0,4,1,2,1,0,0.0,0,0
2.593409,14,18,1684,10168,31,29,4824.537598,29625.86914,3,5,199.46362,152.520471,0.00069,0.000556,0.000134,2,4,3,2,0,1.0,0,0
0.018574,16,18,1540,1644,31,29,621944.6875,668892.0,4,4,1.217733,1.066294,0.000564,0.000443,0.000121,21,7,10,6,0,0.0,0,0
0.031877,122,126,7816,15606,31,29,1945478.0,3885685.5,30,32,0.262767,0.250464,0.000716,0.000564,0.000152,5,3,7,2,0,0.0,0,0
0.68191,12,8,1250,730,254,252,13444.58984,7496.59082,3,2,61.991815,80.685859,0.165273,0.093576,0.071697,5,1,1,1,1,0.0,0,1
0.374427,10,6,3284,268,254,252,63157.83984,4785.97998,2,1,39.538222,62.560398,0.134113,0.061624,0.072489,2,1,1,1,1,1.0,0,1
0.233144,10,6,3028,268,254,252,93538.75781,7686.236816,2,1,24.603778,43.629,0.100059,0.014988,0.085071,1,1,2,1,1,0.0,0,1
0.174813,10,6,858,268,254,252,35374.94141,10250.9541,2,1,18.521111,31.384199,0.034069,0.017884,0.016185,2,1,1,1,1,1.0,0,1
0.676798,10,8,828,1172,62,252,8817.993164,12127.69531,2,2,75.199778,83.68243,0.208899,0.078219,0.13068,3,1,1,1,1,0.0,0,1
0.000969,2,2,130,162,31,29,536635.6875,668730.6875,0,0,0.011,0.001,0.0,0.0,0.0,2,2,4,1,0,0.0,0,0
0.495993,10,6,892,268,254,252,12951.7959,3612.954346,2,1,51.164111,95.033797,0.038884,0.020823,0.018061,1,1,1,1,1,1.0,0,1
0.440921,10,14,914,7496,62,252,14932.37988,126299.2656,2,4,48.991222,30.094692,0.086872,0.039112,0.04776,3,3,2,3,1,1.0,0,1
4e-06,2,0,200,0,254,0,200000000.0,0.0,0,0,0.004,0.0,0.0,0.0,0.0,22,4,6,4,2,0.0,0,1
8e-06,2,0,114,0,254,0,57000000.0,0.0,0,0,0.008,0.0,0.0,0.0,0.0,5,5,5,5,2,0.0,0,1
0.363306,10,6,866,268,254,252,17175.60547,4932.481445,2,1,40.367333,64.005398,0.077928,0.042511,0.035417,1,1,2,1,1,1.0,0,1
0.649819,10,8,816,1120,62,252,9048.672852,12064.89746,2,2,72.202111,78.58343,0.142018,0.09871,0.043308,4,19,2,4,1,4.0,0,1
0.039928,70,68,4118,57742,31,29,813464.25,11399118.0,7,28,0.573638,0.587761,0.000664,0.000538,0.000126,6,2,2,1,0,0.0,0,0
